[0.078s] DEBUG:colcon:Command line arguments: ['/usr/bin/colcon', 'build']
[0.078s] DEBUG:colcon:Parsed command line arguments: Namespace(log_base=None, log_level=None, verb_name='build', build_base='build', install_base='install', merge_install=False, symlink_install=False, test_result_base=None, continue_on_error=False, executor='parallel', parallel_workers=16, event_handlers=None, ignore_user_meta=False, metas=['./colcon.meta'], base_paths=['.'], packages_ignore=None, packages_ignore_regex=None, paths=None, packages_up_to=None, packages_up_to_regex=None, packages_above=None, packages_above_and_dependencies=None, packages_above_depth=None, packages_select_by_dep=None, packages_skip_by_dep=None, packages_skip_up_to=None, packages_select_build_failed=False, packages_skip_build_finished=False, packages_select_test_failures=False, packages_skip_test_passed=False, packages_select=None, packages_skip=None, packages_select_regex=None, packages_skip_regex=None, packages_start=None, packages_end=None, allow_overriding=[], cmake_args=None, cmake_target=None, cmake_target_skip_unavailable=False, cmake_clean_cache=False, cmake_clean_first=False, cmake_force_configure=False, ament_cmake_args=None, catkin_cmake_args=None, catkin_skip_building_tests=False, verb_parser=<colcon_defaults.argument_parser.defaults.DefaultArgumentsDecorator object at 0x7a823852fb20>, verb_extension=<colcon_core.verb.build.BuildVerb object at 0x7a8238679000>, main=<bound method BuildVerb.main of <colcon_core.verb.build.BuildVerb object at 0x7a8238679000>>)
[0.200s] Level 1:colcon.colcon_core.package_discovery:discover_packages(colcon_meta) check parameters
[0.200s] Level 1:colcon.colcon_core.package_discovery:discover_packages(recursive) check parameters
[0.200s] Level 1:colcon.colcon_core.package_discovery:discover_packages(ignore) check parameters
[0.200s] Level 1:colcon.colcon_core.package_discovery:discover_packages(path) check parameters
[0.200s] Level 1:colcon.colcon_core.package_discovery:discover_packages(colcon_meta) discover
[0.200s] Level 1:colcon.colcon_core.package_discovery:discover_packages(recursive) discover
[0.200s] INFO:colcon.colcon_core.package_discovery:Crawling recursively for packages in '/home/ckl/RM/Combat_vision2026'
[0.201s] Level 1:colcon.colcon_core.package_identification:_identify(.) by extensions ['ignore', 'ignore_ament_install']
[0.201s] Level 1:colcon.colcon_core.package_identification:_identify(.) by extension 'ignore'
[0.201s] Level 1:colcon.colcon_core.package_identification:_identify(.) by extension 'ignore_ament_install'
[0.201s] Level 1:colcon.colcon_core.package_identification:_identify(.) by extensions ['colcon_pkg']
[0.201s] Level 1:colcon.colcon_core.package_identification:_identify(.) by extension 'colcon_pkg'
[0.201s] Level 1:colcon.colcon_core.package_identification:_identify(.) by extensions ['colcon_meta']
[0.201s] Level 1:colcon.colcon_core.package_identification:_identify(.) by extension 'colcon_meta'
[0.201s] Level 1:colcon.colcon_core.package_identification:_identify(.) by extensions ['ros']
[0.201s] Level 1:colcon.colcon_core.package_identification:_identify(.) by extension 'ros'
[0.210s] Level 1:colcon.colcon_core.package_identification:_identify(.) by extensions ['cmake', 'python']
[0.210s] Level 1:colcon.colcon_core.package_identification:_identify(.) by extension 'cmake'
[0.210s] Level 1:colcon.colcon_core.package_identification:_identify(.) by extension 'python'
[0.210s] Level 1:colcon.colcon_core.package_identification:_identify(.) by extensions ['python_setup_py']
[0.210s] Level 1:colcon.colcon_core.package_identification:_identify(.) by extension 'python_setup_py'
[0.210s] Level 1:colcon.colcon_core.package_identification:_identify(build) by extensions ['ignore', 'ignore_ament_install']
[0.211s] Level 1:colcon.colcon_core.package_identification:_identify(build) by extension 'ignore'
[0.211s] Level 1:colcon.colcon_core.package_identification:_identify(build) ignored
[0.211s] Level 1:colcon.colcon_core.package_identification:_identify(install) by extensions ['ignore', 'ignore_ament_install']
[0.211s] Level 1:colcon.colcon_core.package_identification:_identify(install) by extension 'ignore'
[0.211s] Level 1:colcon.colcon_core.package_identification:_identify(install) ignored
[0.211s] Level 1:colcon.colcon_core.package_identification:_identify(log) by extensions ['ignore', 'ignore_ament_install']
[0.211s] Level 1:colcon.colcon_core.package_identification:_identify(log) by extension 'ignore'
[0.211s] Level 1:colcon.colcon_core.package_identification:_identify(log) ignored
[0.211s] Level 1:colcon.colcon_core.package_identification:_identify(src) by extensions ['ignore', 'ignore_ament_install']
[0.211s] Level 1:colcon.colcon_core.package_identification:_identify(src) by extension 'ignore'
[0.211s] Level 1:colcon.colcon_core.package_identification:_identify(src) by extension 'ignore_ament_install'
[0.211s] Level 1:colcon.colcon_core.package_identification:_identify(src) by extensions ['colcon_pkg']
[0.211s] Level 1:colcon.colcon_core.package_identification:_identify(src) by extension 'colcon_pkg'
[0.211s] Level 1:colcon.colcon_core.package_identification:_identify(src) by extensions ['colcon_meta']
[0.211s] Level 1:colcon.colcon_core.package_identification:_identify(src) by extension 'colcon_meta'
[0.211s] Level 1:colcon.colcon_core.package_identification:_identify(src) by extensions ['ros']
[0.211s] Level 1:colcon.colcon_core.package_identification:_identify(src) by extension 'ros'
[0.211s] Level 1:colcon.colcon_core.package_identification:_identify(src) by extensions ['cmake', 'python']
[0.211s] Level 1:colcon.colcon_core.package_identification:_identify(src) by extension 'cmake'
[0.212s] Level 1:colcon.colcon_core.package_identification:_identify(src) by extension 'python'
[0.212s] Level 1:colcon.colcon_core.package_identification:_identify(src) by extensions ['python_setup_py']
[0.212s] Level 1:colcon.colcon_core.package_identification:_identify(src) by extension 'python_setup_py'
[0.212s] Level 1:colcon.colcon_core.package_identification:_identify(src/rm_auto_aim) by extensions ['ignore', 'ignore_ament_install']
[0.212s] Level 1:colcon.colcon_core.package_identification:_identify(src/rm_auto_aim) by extension 'ignore'
[0.212s] Level 1:colcon.colcon_core.package_identification:_identify(src/rm_auto_aim) by extension 'ignore_ament_install'
[0.212s] Level 1:colcon.colcon_core.package_identification:_identify(src/rm_auto_aim) by extensions ['colcon_pkg']
[0.212s] Level 1:colcon.colcon_core.package_identification:_identify(src/rm_auto_aim) by extension 'colcon_pkg'
[0.212s] Level 1:colcon.colcon_core.package_identification:_identify(src/rm_auto_aim) by extensions ['colcon_meta']
[0.212s] Level 1:colcon.colcon_core.package_identification:_identify(src/rm_auto_aim) by extension 'colcon_meta'
[0.212s] Level 1:colcon.colcon_core.package_identification:_identify(src/rm_auto_aim) by extensions ['ros']
[0.212s] Level 1:colcon.colcon_core.package_identification:_identify(src/rm_auto_aim) by extension 'ros'
[0.212s] Level 1:colcon.colcon_core.package_identification:_identify(src/rm_auto_aim) by extensions ['cmake', 'python']
[0.212s] Level 1:colcon.colcon_core.package_identification:_identify(src/rm_auto_aim) by extension 'cmake'
[0.212s] Level 1:colcon.colcon_core.package_identification:_identify(src/rm_auto_aim) by extension 'python'
[0.212s] Level 1:colcon.colcon_core.package_identification:_identify(src/rm_auto_aim) by extensions ['python_setup_py']
[0.212s] Level 1:colcon.colcon_core.package_identification:_identify(src/rm_auto_aim) by extension 'python_setup_py'
[0.212s] Level 1:colcon.colcon_core.package_identification:_identify(src/rm_auto_aim/armor_detector) by extensions ['ignore', 'ignore_ament_install']
[0.212s] Level 1:colcon.colcon_core.package_identification:_identify(src/rm_auto_aim/armor_detector) by extension 'ignore'
[0.212s] Level 1:colcon.colcon_core.package_identification:_identify(src/rm_auto_aim/armor_detector) by extension 'ignore_ament_install'
[0.212s] Level 1:colcon.colcon_core.package_identification:_identify(src/rm_auto_aim/armor_detector) by extensions ['colcon_pkg']
[0.212s] Level 1:colcon.colcon_core.package_identification:_identify(src/rm_auto_aim/armor_detector) by extension 'colcon_pkg'
[0.212s] Level 1:colcon.colcon_core.package_identification:_identify(src/rm_auto_aim/armor_detector) by extensions ['colcon_meta']
[0.212s] Level 1:colcon.colcon_core.package_identification:_identify(src/rm_auto_aim/armor_detector) by extension 'colcon_meta'
[0.212s] Level 1:colcon.colcon_core.package_identification:_identify(src/rm_auto_aim/armor_detector) by extensions ['ros']
[0.212s] Level 1:colcon.colcon_core.package_identification:_identify(src/rm_auto_aim/armor_detector) by extension 'ros'
[0.216s] DEBUG:colcon.colcon_core.package_identification:Package 'src/rm_auto_aim/armor_detector' with type 'ros.ament_cmake' and name 'armor_detector'
[0.216s] Level 1:colcon.colcon_core.package_identification:_identify(src/rm_auto_aim/armor_solver) by extensions ['ignore', 'ignore_ament_install']
[0.216s] Level 1:colcon.colcon_core.package_identification:_identify(src/rm_auto_aim/armor_solver) by extension 'ignore'
[0.216s] Level 1:colcon.colcon_core.package_identification:_identify(src/rm_auto_aim/armor_solver) by extension 'ignore_ament_install'
[0.216s] Level 1:colcon.colcon_core.package_identification:_identify(src/rm_auto_aim/armor_solver) by extensions ['colcon_pkg']
[0.216s] Level 1:colcon.colcon_core.package_identification:_identify(src/rm_auto_aim/armor_solver) by extension 'colcon_pkg'
[0.216s] Level 1:colcon.colcon_core.package_identification:_identify(src/rm_auto_aim/armor_solver) by extensions ['colcon_meta']
[0.216s] Level 1:colcon.colcon_core.package_identification:_identify(src/rm_auto_aim/armor_solver) by extension 'colcon_meta'
[0.216s] Level 1:colcon.colcon_core.package_identification:_identify(src/rm_auto_aim/armor_solver) by extensions ['ros']
[0.216s] Level 1:colcon.colcon_core.package_identification:_identify(src/rm_auto_aim/armor_solver) by extension 'ros'
[0.217s] DEBUG:colcon.colcon_core.package_identification:Package 'src/rm_auto_aim/armor_solver' with type 'ros.ament_cmake' and name 'armor_solver'
[0.217s] Level 1:colcon.colcon_core.package_identification:_identify(src/rm_auto_aim/rm_auto_aim) by extensions ['ignore', 'ignore_ament_install']
[0.217s] Level 1:colcon.colcon_core.package_identification:_identify(src/rm_auto_aim/rm_auto_aim) by extension 'ignore'
[0.217s] Level 1:colcon.colcon_core.package_identification:_identify(src/rm_auto_aim/rm_auto_aim) by extension 'ignore_ament_install'
[0.217s] Level 1:colcon.colcon_core.package_identification:_identify(src/rm_auto_aim/rm_auto_aim) by extensions ['colcon_pkg']
[0.217s] Level 1:colcon.colcon_core.package_identification:_identify(src/rm_auto_aim/rm_auto_aim) by extension 'colcon_pkg'
[0.217s] Level 1:colcon.colcon_core.package_identification:_identify(src/rm_auto_aim/rm_auto_aim) by extensions ['colcon_meta']
[0.217s] Level 1:colcon.colcon_core.package_identification:_identify(src/rm_auto_aim/rm_auto_aim) by extension 'colcon_meta'
[0.217s] Level 1:colcon.colcon_core.package_identification:_identify(src/rm_auto_aim/rm_auto_aim) by extensions ['ros']
[0.218s] Level 1:colcon.colcon_core.package_identification:_identify(src/rm_auto_aim/rm_auto_aim) by extension 'ros'
[0.218s] DEBUG:colcon.colcon_core.package_identification:Package 'src/rm_auto_aim/rm_auto_aim' with type 'ros.ament_cmake' and name 'rm_auto_aim'
[0.218s] Level 1:colcon.colcon_core.package_identification:_identify(src/rm_bringup) by extensions ['ignore', 'ignore_ament_install']
[0.218s] Level 1:colcon.colcon_core.package_identification:_identify(src/rm_bringup) by extension 'ignore'
[0.218s] Level 1:colcon.colcon_core.package_identification:_identify(src/rm_bringup) by extension 'ignore_ament_install'
[0.218s] Level 1:colcon.colcon_core.package_identification:_identify(src/rm_bringup) by extensions ['colcon_pkg']
[0.218s] Level 1:colcon.colcon_core.package_identification:_identify(src/rm_bringup) by extension 'colcon_pkg'
[0.218s] Level 1:colcon.colcon_core.package_identification:_identify(src/rm_bringup) by extensions ['colcon_meta']
[0.218s] Level 1:colcon.colcon_core.package_identification:_identify(src/rm_bringup) by extension 'colcon_meta'
[0.218s] Level 1:colcon.colcon_core.package_identification:_identify(src/rm_bringup) by extensions ['ros']
[0.218s] Level 1:colcon.colcon_core.package_identification:_identify(src/rm_bringup) by extension 'ros'
[0.219s] DEBUG:colcon.colcon_core.package_identification:Package 'src/rm_bringup' with type 'ros.ament_cmake' and name 'rm_bringup'
[0.219s] Level 1:colcon.colcon_core.package_identification:_identify(src/rm_hardware_driver) by extensions ['ignore', 'ignore_ament_install']
[0.219s] Level 1:colcon.colcon_core.package_identification:_identify(src/rm_hardware_driver) by extension 'ignore'
[0.219s] Level 1:colcon.colcon_core.package_identification:_identify(src/rm_hardware_driver) by extension 'ignore_ament_install'
[0.219s] Level 1:colcon.colcon_core.package_identification:_identify(src/rm_hardware_driver) by extensions ['colcon_pkg']
[0.219s] Level 1:colcon.colcon_core.package_identification:_identify(src/rm_hardware_driver) by extension 'colcon_pkg'
[0.219s] Level 1:colcon.colcon_core.package_identification:_identify(src/rm_hardware_driver) by extensions ['colcon_meta']
[0.219s] Level 1:colcon.colcon_core.package_identification:_identify(src/rm_hardware_driver) by extension 'colcon_meta'
[0.219s] Level 1:colcon.colcon_core.package_identification:_identify(src/rm_hardware_driver) by extensions ['ros']
[0.219s] Level 1:colcon.colcon_core.package_identification:_identify(src/rm_hardware_driver) by extension 'ros'
[0.219s] Level 1:colcon.colcon_core.package_identification:_identify(src/rm_hardware_driver) by extensions ['cmake', 'python']
[0.219s] Level 1:colcon.colcon_core.package_identification:_identify(src/rm_hardware_driver) by extension 'cmake'
[0.219s] Level 1:colcon.colcon_core.package_identification:_identify(src/rm_hardware_driver) by extension 'python'
[0.219s] Level 1:colcon.colcon_core.package_identification:_identify(src/rm_hardware_driver) by extensions ['python_setup_py']
[0.219s] Level 1:colcon.colcon_core.package_identification:_identify(src/rm_hardware_driver) by extension 'python_setup_py'
[0.219s] Level 1:colcon.colcon_core.package_identification:_identify(src/rm_hardware_driver/rm_serial_driver) by extensions ['ignore', 'ignore_ament_install']
[0.220s] Level 1:colcon.colcon_core.package_identification:_identify(src/rm_hardware_driver/rm_serial_driver) by extension 'ignore'
[0.220s] Level 1:colcon.colcon_core.package_identification:_identify(src/rm_hardware_driver/rm_serial_driver) by extension 'ignore_ament_install'
[0.220s] Level 1:colcon.colcon_core.package_identification:_identify(src/rm_hardware_driver/rm_serial_driver) by extensions ['colcon_pkg']
[0.220s] Level 1:colcon.colcon_core.package_identification:_identify(src/rm_hardware_driver/rm_serial_driver) by extension 'colcon_pkg'
[0.220s] Level 1:colcon.colcon_core.package_identification:_identify(src/rm_hardware_driver/rm_serial_driver) by extensions ['colcon_meta']
[0.220s] Level 1:colcon.colcon_core.package_identification:_identify(src/rm_hardware_driver/rm_serial_driver) by extension 'colcon_meta'
[0.220s] Level 1:colcon.colcon_core.package_identification:_identify(src/rm_hardware_driver/rm_serial_driver) by extensions ['ros']
[0.220s] Level 1:colcon.colcon_core.package_identification:_identify(src/rm_hardware_driver/rm_serial_driver) by extension 'ros'
[0.221s] DEBUG:colcon.colcon_core.package_identification:Package 'src/rm_hardware_driver/rm_serial_driver' with type 'ros.ament_cmake' and name 'rm_serial_driver'
[0.221s] Level 1:colcon.colcon_core.package_identification:_identify(src/rm_hardware_driver/ros2_hik_camera) by extensions ['ignore', 'ignore_ament_install']
[0.221s] Level 1:colcon.colcon_core.package_identification:_identify(src/rm_hardware_driver/ros2_hik_camera) by extension 'ignore'
[0.221s] Level 1:colcon.colcon_core.package_identification:_identify(src/rm_hardware_driver/ros2_hik_camera) by extension 'ignore_ament_install'
[0.221s] Level 1:colcon.colcon_core.package_identification:_identify(src/rm_hardware_driver/ros2_hik_camera) by extensions ['colcon_pkg']
[0.221s] Level 1:colcon.colcon_core.package_identification:_identify(src/rm_hardware_driver/ros2_hik_camera) by extension 'colcon_pkg'
[0.221s] Level 1:colcon.colcon_core.package_identification:_identify(src/rm_hardware_driver/ros2_hik_camera) by extensions ['colcon_meta']
[0.221s] Level 1:colcon.colcon_core.package_identification:_identify(src/rm_hardware_driver/ros2_hik_camera) by extension 'colcon_meta'
[0.221s] Level 1:colcon.colcon_core.package_identification:_identify(src/rm_hardware_driver/ros2_hik_camera) by extensions ['ros']
[0.221s] Level 1:colcon.colcon_core.package_identification:_identify(src/rm_hardware_driver/ros2_hik_camera) by extension 'ros'
[0.222s] DEBUG:colcon.colcon_core.package_identification:Package 'src/rm_hardware_driver/ros2_hik_camera' with type 'ros.ament_cmake' and name 'hik_camera'
[0.222s] Level 1:colcon.colcon_core.package_identification:_identify(src/rm_interfaces) by extensions ['ignore', 'ignore_ament_install']
[0.222s] Level 1:colcon.colcon_core.package_identification:_identify(src/rm_interfaces) by extension 'ignore'
[0.222s] Level 1:colcon.colcon_core.package_identification:_identify(src/rm_interfaces) by extension 'ignore_ament_install'
[0.222s] Level 1:colcon.colcon_core.package_identification:_identify(src/rm_interfaces) by extensions ['colcon_pkg']
[0.222s] Level 1:colcon.colcon_core.package_identification:_identify(src/rm_interfaces) by extension 'colcon_pkg'
[0.222s] Level 1:colcon.colcon_core.package_identification:_identify(src/rm_interfaces) by extensions ['colcon_meta']
[0.222s] Level 1:colcon.colcon_core.package_identification:_identify(src/rm_interfaces) by extension 'colcon_meta'
[0.222s] Level 1:colcon.colcon_core.package_identification:_identify(src/rm_interfaces) by extensions ['ros']
[0.222s] Level 1:colcon.colcon_core.package_identification:_identify(src/rm_interfaces) by extension 'ros'
[0.222s] DEBUG:colcon.colcon_core.package_identification:Package 'src/rm_interfaces' with type 'ros.ament_cmake' and name 'rm_interfaces'
[0.223s] Level 1:colcon.colcon_core.package_identification:_identify(src/rm_robot_description) by extensions ['ignore', 'ignore_ament_install']
[0.223s] Level 1:colcon.colcon_core.package_identification:_identify(src/rm_robot_description) by extension 'ignore'
[0.223s] Level 1:colcon.colcon_core.package_identification:_identify(src/rm_robot_description) by extension 'ignore_ament_install'
[0.223s] Level 1:colcon.colcon_core.package_identification:_identify(src/rm_robot_description) by extensions ['colcon_pkg']
[0.223s] Level 1:colcon.colcon_core.package_identification:_identify(src/rm_robot_description) by extension 'colcon_pkg'
[0.223s] Level 1:colcon.colcon_core.package_identification:_identify(src/rm_robot_description) by extensions ['colcon_meta']
[0.223s] Level 1:colcon.colcon_core.package_identification:_identify(src/rm_robot_description) by extension 'colcon_meta'
[0.223s] Level 1:colcon.colcon_core.package_identification:_identify(src/rm_robot_description) by extensions ['ros']
[0.223s] Level 1:colcon.colcon_core.package_identification:_identify(src/rm_robot_description) by extension 'ros'
[0.223s] DEBUG:colcon.colcon_core.package_identification:Package 'src/rm_robot_description' with type 'ros.ament_cmake' and name 'rm_robot_description'
[0.223s] Level 1:colcon.colcon_core.package_identification:_identify(src/rm_upstart) by extensions ['ignore', 'ignore_ament_install']
[0.223s] Level 1:colcon.colcon_core.package_identification:_identify(src/rm_upstart) by extension 'ignore'
[0.223s] Level 1:colcon.colcon_core.package_identification:_identify(src/rm_upstart) by extension 'ignore_ament_install'
[0.223s] Level 1:colcon.colcon_core.package_identification:_identify(src/rm_upstart) by extensions ['colcon_pkg']
[0.223s] Level 1:colcon.colcon_core.package_identification:_identify(src/rm_upstart) by extension 'colcon_pkg'
[0.223s] Level 1:colcon.colcon_core.package_identification:_identify(src/rm_upstart) by extensions ['colcon_meta']
[0.223s] Level 1:colcon.colcon_core.package_identification:_identify(src/rm_upstart) by extension 'colcon_meta'
[0.223s] Level 1:colcon.colcon_core.package_identification:_identify(src/rm_upstart) by extensions ['ros']
[0.224s] Level 1:colcon.colcon_core.package_identification:_identify(src/rm_upstart) by extension 'ros'
[0.224s] Level 1:colcon.colcon_core.package_identification:_identify(src/rm_upstart) by extensions ['cmake', 'python']
[0.224s] Level 1:colcon.colcon_core.package_identification:_identify(src/rm_upstart) by extension 'cmake'
[0.224s] Level 1:colcon.colcon_core.package_identification:_identify(src/rm_upstart) by extension 'python'
[0.224s] Level 1:colcon.colcon_core.package_identification:_identify(src/rm_upstart) by extensions ['python_setup_py']
[0.224s] Level 1:colcon.colcon_core.package_identification:_identify(src/rm_upstart) by extension 'python_setup_py'
[0.224s] Level 1:colcon.colcon_core.package_identification:_identify(src/rm_utils) by extensions ['ignore', 'ignore_ament_install']
[0.224s] Level 1:colcon.colcon_core.package_identification:_identify(src/rm_utils) by extension 'ignore'
[0.224s] Level 1:colcon.colcon_core.package_identification:_identify(src/rm_utils) by extension 'ignore_ament_install'
[0.224s] Level 1:colcon.colcon_core.package_identification:_identify(src/rm_utils) by extensions ['colcon_pkg']
[0.224s] Level 1:colcon.colcon_core.package_identification:_identify(src/rm_utils) by extension 'colcon_pkg'
[0.224s] Level 1:colcon.colcon_core.package_identification:_identify(src/rm_utils) by extensions ['colcon_meta']
[0.224s] Level 1:colcon.colcon_core.package_identification:_identify(src/rm_utils) by extension 'colcon_meta'
[0.224s] Level 1:colcon.colcon_core.package_identification:_identify(src/rm_utils) by extensions ['ros']
[0.224s] Level 1:colcon.colcon_core.package_identification:_identify(src/rm_utils) by extension 'ros'
[0.225s] DEBUG:colcon.colcon_core.package_identification:Package 'src/rm_utils' with type 'ros.ament_cmake' and name 'rm_utils'
[0.225s] Level 1:colcon.colcon_core.package_discovery:discover_packages(recursive) using defaults
[0.225s] Level 1:colcon.colcon_core.package_discovery:discover_packages(ignore) discover
[0.225s] Level 1:colcon.colcon_core.package_discovery:discover_packages(ignore) using defaults
[0.225s] Level 1:colcon.colcon_core.package_discovery:discover_packages(path) discover
[0.225s] Level 1:colcon.colcon_core.package_discovery:discover_packages(path) using defaults
[0.256s] Level 1:colcon.colcon_core.package_discovery:discover_packages(prefix_path) check parameters
[0.256s] Level 1:colcon.colcon_core.package_discovery:discover_packages(prefix_path) discover
[0.258s] DEBUG:colcon.colcon_installed_package_information.package_discovery:Found 322 installed packages in /opt/ros/humble
[0.259s] Level 1:colcon.colcon_core.package_discovery:discover_packages(prefix_path) using defaults
[0.289s] Level 5:colcon.colcon_core.verb:set package 'hik_camera' build argument 'cmake_args' from command line to 'None'
[0.289s] Level 5:colcon.colcon_core.verb:set package 'hik_camera' build argument 'cmake_target' from command line to 'None'
[0.289s] Level 5:colcon.colcon_core.verb:set package 'hik_camera' build argument 'cmake_target_skip_unavailable' from command line to 'False'
[0.289s] Level 5:colcon.colcon_core.verb:set package 'hik_camera' build argument 'cmake_clean_cache' from command line to 'False'
[0.289s] Level 5:colcon.colcon_core.verb:set package 'hik_camera' build argument 'cmake_clean_first' from command line to 'False'
[0.289s] Level 5:colcon.colcon_core.verb:set package 'hik_camera' build argument 'cmake_force_configure' from command line to 'False'
[0.289s] Level 5:colcon.colcon_core.verb:set package 'hik_camera' build argument 'ament_cmake_args' from command line to 'None'
[0.289s] Level 5:colcon.colcon_core.verb:set package 'hik_camera' build argument 'catkin_cmake_args' from command line to 'None'
[0.289s] Level 5:colcon.colcon_core.verb:set package 'hik_camera' build argument 'catkin_skip_building_tests' from command line to 'False'
[0.289s] DEBUG:colcon.colcon_core.verb:Building package 'hik_camera' with the following arguments: {'ament_cmake_args': None, 'build_base': '/home/ckl/RM/Combat_vision2026/build/hik_camera', 'catkin_cmake_args': None, 'catkin_skip_building_tests': False, 'cmake_args': None, 'cmake_clean_cache': False, 'cmake_clean_first': False, 'cmake_force_configure': False, 'cmake_target': None, 'cmake_target_skip_unavailable': False, 'install_base': '/home/ckl/RM/Combat_vision2026/install/hik_camera', 'merge_install': False, 'path': '/home/ckl/RM/Combat_vision2026/src/rm_hardware_driver/ros2_hik_camera', 'symlink_install': False, 'test_result_base': None}
[0.289s] Level 5:colcon.colcon_core.verb:set package 'rm_interfaces' build argument 'cmake_args' from command line to 'None'
[0.289s] Level 5:colcon.colcon_core.verb:set package 'rm_interfaces' build argument 'cmake_target' from command line to 'None'
[0.289s] Level 5:colcon.colcon_core.verb:set package 'rm_interfaces' build argument 'cmake_target_skip_unavailable' from command line to 'False'
[0.289s] Level 5:colcon.colcon_core.verb:set package 'rm_interfaces' build argument 'cmake_clean_cache' from command line to 'False'
[0.289s] Level 5:colcon.colcon_core.verb:set package 'rm_interfaces' build argument 'cmake_clean_first' from command line to 'False'
[0.289s] Level 5:colcon.colcon_core.verb:set package 'rm_interfaces' build argument 'cmake_force_configure' from command line to 'False'
[0.289s] Level 5:colcon.colcon_core.verb:set package 'rm_interfaces' build argument 'ament_cmake_args' from command line to 'None'
[0.289s] Level 5:colcon.colcon_core.verb:set package 'rm_interfaces' build argument 'catkin_cmake_args' from command line to 'None'
[0.289s] Level 5:colcon.colcon_core.verb:set package 'rm_interfaces' build argument 'catkin_skip_building_tests' from command line to 'False'
[0.289s] DEBUG:colcon.colcon_core.verb:Building package 'rm_interfaces' with the following arguments: {'ament_cmake_args': None, 'build_base': '/home/ckl/RM/Combat_vision2026/build/rm_interfaces', 'catkin_cmake_args': None, 'catkin_skip_building_tests': False, 'cmake_args': None, 'cmake_clean_cache': False, 'cmake_clean_first': False, 'cmake_force_configure': False, 'cmake_target': None, 'cmake_target_skip_unavailable': False, 'install_base': '/home/ckl/RM/Combat_vision2026/install/rm_interfaces', 'merge_install': False, 'path': '/home/ckl/RM/Combat_vision2026/src/rm_interfaces', 'symlink_install': False, 'test_result_base': None}
[0.290s] Level 5:colcon.colcon_core.verb:set package 'rm_robot_description' build argument 'cmake_args' from command line to 'None'
[0.290s] Level 5:colcon.colcon_core.verb:set package 'rm_robot_description' build argument 'cmake_target' from command line to 'None'
[0.290s] Level 5:colcon.colcon_core.verb:set package 'rm_robot_description' build argument 'cmake_target_skip_unavailable' from command line to 'False'
[0.290s] Level 5:colcon.colcon_core.verb:set package 'rm_robot_description' build argument 'cmake_clean_cache' from command line to 'False'
[0.290s] Level 5:colcon.colcon_core.verb:set package 'rm_robot_description' build argument 'cmake_clean_first' from command line to 'False'
[0.290s] Level 5:colcon.colcon_core.verb:set package 'rm_robot_description' build argument 'cmake_force_configure' from command line to 'False'
[0.290s] Level 5:colcon.colcon_core.verb:set package 'rm_robot_description' build argument 'ament_cmake_args' from command line to 'None'
[0.290s] Level 5:colcon.colcon_core.verb:set package 'rm_robot_description' build argument 'catkin_cmake_args' from command line to 'None'
[0.290s] Level 5:colcon.colcon_core.verb:set package 'rm_robot_description' build argument 'catkin_skip_building_tests' from command line to 'False'
[0.290s] DEBUG:colcon.colcon_core.verb:Building package 'rm_robot_description' with the following arguments: {'ament_cmake_args': None, 'build_base': '/home/ckl/RM/Combat_vision2026/build/rm_robot_description', 'catkin_cmake_args': None, 'catkin_skip_building_tests': False, 'cmake_args': None, 'cmake_clean_cache': False, 'cmake_clean_first': False, 'cmake_force_configure': False, 'cmake_target': None, 'cmake_target_skip_unavailable': False, 'install_base': '/home/ckl/RM/Combat_vision2026/install/rm_robot_description', 'merge_install': False, 'path': '/home/ckl/RM/Combat_vision2026/src/rm_robot_description', 'symlink_install': False, 'test_result_base': None}
[0.290s] Level 5:colcon.colcon_core.verb:set package 'rm_utils' build argument 'cmake_args' from command line to 'None'
[0.290s] Level 5:colcon.colcon_core.verb:set package 'rm_utils' build argument 'cmake_target' from command line to 'None'
[0.290s] Level 5:colcon.colcon_core.verb:set package 'rm_utils' build argument 'cmake_target_skip_unavailable' from command line to 'False'
[0.290s] Level 5:colcon.colcon_core.verb:set package 'rm_utils' build argument 'cmake_clean_cache' from command line to 'False'
[0.290s] Level 5:colcon.colcon_core.verb:set package 'rm_utils' build argument 'cmake_clean_first' from command line to 'False'
[0.290s] Level 5:colcon.colcon_core.verb:set package 'rm_utils' build argument 'cmake_force_configure' from command line to 'False'
[0.290s] Level 5:colcon.colcon_core.verb:set package 'rm_utils' build argument 'ament_cmake_args' from command line to 'None'
[0.290s] Level 5:colcon.colcon_core.verb:set package 'rm_utils' build argument 'catkin_cmake_args' from command line to 'None'
[0.290s] Level 5:colcon.colcon_core.verb:set package 'rm_utils' build argument 'catkin_skip_building_tests' from command line to 'False'
[0.290s] DEBUG:colcon.colcon_core.verb:Building package 'rm_utils' with the following arguments: {'ament_cmake_args': None, 'build_base': '/home/ckl/RM/Combat_vision2026/build/rm_utils', 'catkin_cmake_args': None, 'catkin_skip_building_tests': False, 'cmake_args': None, 'cmake_clean_cache': False, 'cmake_clean_first': False, 'cmake_force_configure': False, 'cmake_target': None, 'cmake_target_skip_unavailable': False, 'install_base': '/home/ckl/RM/Combat_vision2026/install/rm_utils', 'merge_install': False, 'path': '/home/ckl/RM/Combat_vision2026/src/rm_utils', 'symlink_install': False, 'test_result_base': None}
[0.291s] Level 5:colcon.colcon_core.verb:set package 'armor_detector' build argument 'cmake_args' from command line to 'None'
[0.291s] Level 5:colcon.colcon_core.verb:set package 'armor_detector' build argument 'cmake_target' from command line to 'None'
[0.291s] Level 5:colcon.colcon_core.verb:set package 'armor_detector' build argument 'cmake_target_skip_unavailable' from command line to 'False'
[0.291s] Level 5:colcon.colcon_core.verb:set package 'armor_detector' build argument 'cmake_clean_cache' from command line to 'False'
[0.291s] Level 5:colcon.colcon_core.verb:set package 'armor_detector' build argument 'cmake_clean_first' from command line to 'False'
[0.291s] Level 5:colcon.colcon_core.verb:set package 'armor_detector' build argument 'cmake_force_configure' from command line to 'False'
[0.291s] Level 5:colcon.colcon_core.verb:set package 'armor_detector' build argument 'ament_cmake_args' from command line to 'None'
[0.291s] Level 5:colcon.colcon_core.verb:set package 'armor_detector' build argument 'catkin_cmake_args' from command line to 'None'
[0.291s] Level 5:colcon.colcon_core.verb:set package 'armor_detector' build argument 'catkin_skip_building_tests' from command line to 'False'
[0.291s] DEBUG:colcon.colcon_core.verb:Building package 'armor_detector' with the following arguments: {'ament_cmake_args': None, 'build_base': '/home/ckl/RM/Combat_vision2026/build/armor_detector', 'catkin_cmake_args': None, 'catkin_skip_building_tests': False, 'cmake_args': None, 'cmake_clean_cache': False, 'cmake_clean_first': False, 'cmake_force_configure': False, 'cmake_target': None, 'cmake_target_skip_unavailable': False, 'install_base': '/home/ckl/RM/Combat_vision2026/install/armor_detector', 'merge_install': False, 'path': '/home/ckl/RM/Combat_vision2026/src/rm_auto_aim/armor_detector', 'symlink_install': False, 'test_result_base': None}
[0.291s] Level 5:colcon.colcon_core.verb:set package 'armor_solver' build argument 'cmake_args' from command line to 'None'
[0.291s] Level 5:colcon.colcon_core.verb:set package 'armor_solver' build argument 'cmake_target' from command line to 'None'
[0.291s] Level 5:colcon.colcon_core.verb:set package 'armor_solver' build argument 'cmake_target_skip_unavailable' from command line to 'False'
[0.291s] Level 5:colcon.colcon_core.verb:set package 'armor_solver' build argument 'cmake_clean_cache' from command line to 'False'
[0.291s] Level 5:colcon.colcon_core.verb:set package 'armor_solver' build argument 'cmake_clean_first' from command line to 'False'
[0.291s] Level 5:colcon.colcon_core.verb:set package 'armor_solver' build argument 'cmake_force_configure' from command line to 'False'
[0.291s] Level 5:colcon.colcon_core.verb:set package 'armor_solver' build argument 'ament_cmake_args' from command line to 'None'
[0.291s] Level 5:colcon.colcon_core.verb:set package 'armor_solver' build argument 'catkin_cmake_args' from command line to 'None'
[0.291s] Level 5:colcon.colcon_core.verb:set package 'armor_solver' build argument 'catkin_skip_building_tests' from command line to 'False'
[0.291s] DEBUG:colcon.colcon_core.verb:Building package 'armor_solver' with the following arguments: {'ament_cmake_args': None, 'build_base': '/home/ckl/RM/Combat_vision2026/build/armor_solver', 'catkin_cmake_args': None, 'catkin_skip_building_tests': False, 'cmake_args': None, 'cmake_clean_cache': False, 'cmake_clean_first': False, 'cmake_force_configure': False, 'cmake_target': None, 'cmake_target_skip_unavailable': False, 'install_base': '/home/ckl/RM/Combat_vision2026/install/armor_solver', 'merge_install': False, 'path': '/home/ckl/RM/Combat_vision2026/src/rm_auto_aim/armor_solver', 'symlink_install': False, 'test_result_base': None}
[0.291s] Level 5:colcon.colcon_core.verb:set package 'rm_serial_driver' build argument 'cmake_args' from command line to 'None'
[0.291s] Level 5:colcon.colcon_core.verb:set package 'rm_serial_driver' build argument 'cmake_target' from command line to 'None'
[0.291s] Level 5:colcon.colcon_core.verb:set package 'rm_serial_driver' build argument 'cmake_target_skip_unavailable' from command line to 'False'
[0.291s] Level 5:colcon.colcon_core.verb:set package 'rm_serial_driver' build argument 'cmake_clean_cache' from command line to 'False'
[0.291s] Level 5:colcon.colcon_core.verb:set package 'rm_serial_driver' build argument 'cmake_clean_first' from command line to 'False'
[0.291s] Level 5:colcon.colcon_core.verb:set package 'rm_serial_driver' build argument 'cmake_force_configure' from command line to 'False'
[0.291s] Level 5:colcon.colcon_core.verb:set package 'rm_serial_driver' build argument 'ament_cmake_args' from command line to 'None'
[0.291s] Level 5:colcon.colcon_core.verb:set package 'rm_serial_driver' build argument 'catkin_cmake_args' from command line to 'None'
[0.291s] Level 5:colcon.colcon_core.verb:set package 'rm_serial_driver' build argument 'catkin_skip_building_tests' from command line to 'False'
[0.291s] DEBUG:colcon.colcon_core.verb:Building package 'rm_serial_driver' with the following arguments: {'ament_cmake_args': None, 'build_base': '/home/ckl/RM/Combat_vision2026/build/rm_serial_driver', 'catkin_cmake_args': None, 'catkin_skip_building_tests': False, 'cmake_args': None, 'cmake_clean_cache': False, 'cmake_clean_first': False, 'cmake_force_configure': False, 'cmake_target': None, 'cmake_target_skip_unavailable': False, 'install_base': '/home/ckl/RM/Combat_vision2026/install/rm_serial_driver', 'merge_install': False, 'path': '/home/ckl/RM/Combat_vision2026/src/rm_hardware_driver/rm_serial_driver', 'symlink_install': False, 'test_result_base': None}
[0.292s] Level 5:colcon.colcon_core.verb:set package 'rm_auto_aim' build argument 'cmake_args' from command line to 'None'
[0.292s] Level 5:colcon.colcon_core.verb:set package 'rm_auto_aim' build argument 'cmake_target' from command line to 'None'
[0.292s] Level 5:colcon.colcon_core.verb:set package 'rm_auto_aim' build argument 'cmake_target_skip_unavailable' from command line to 'False'
[0.292s] Level 5:colcon.colcon_core.verb:set package 'rm_auto_aim' build argument 'cmake_clean_cache' from command line to 'False'
[0.292s] Level 5:colcon.colcon_core.verb:set package 'rm_auto_aim' build argument 'cmake_clean_first' from command line to 'False'
[0.292s] Level 5:colcon.colcon_core.verb:set package 'rm_auto_aim' build argument 'cmake_force_configure' from command line to 'False'
[0.292s] Level 5:colcon.colcon_core.verb:set package 'rm_auto_aim' build argument 'ament_cmake_args' from command line to 'None'
[0.292s] Level 5:colcon.colcon_core.verb:set package 'rm_auto_aim' build argument 'catkin_cmake_args' from command line to 'None'
[0.292s] Level 5:colcon.colcon_core.verb:set package 'rm_auto_aim' build argument 'catkin_skip_building_tests' from command line to 'False'
[0.292s] DEBUG:colcon.colcon_core.verb:Building package 'rm_auto_aim' with the following arguments: {'ament_cmake_args': None, 'build_base': '/home/ckl/RM/Combat_vision2026/build/rm_auto_aim', 'catkin_cmake_args': None, 'catkin_skip_building_tests': False, 'cmake_args': None, 'cmake_clean_cache': False, 'cmake_clean_first': False, 'cmake_force_configure': False, 'cmake_target': None, 'cmake_target_skip_unavailable': False, 'install_base': '/home/ckl/RM/Combat_vision2026/install/rm_auto_aim', 'merge_install': False, 'path': '/home/ckl/RM/Combat_vision2026/src/rm_auto_aim/rm_auto_aim', 'symlink_install': False, 'test_result_base': None}
[0.292s] Level 5:colcon.colcon_core.verb:set package 'rm_bringup' build argument 'cmake_args' from command line to 'None'
[0.292s] Level 5:colcon.colcon_core.verb:set package 'rm_bringup' build argument 'cmake_target' from command line to 'None'
[0.292s] Level 5:colcon.colcon_core.verb:set package 'rm_bringup' build argument 'cmake_target_skip_unavailable' from command line to 'False'
[0.292s] Level 5:colcon.colcon_core.verb:set package 'rm_bringup' build argument 'cmake_clean_cache' from command line to 'False'
[0.292s] Level 5:colcon.colcon_core.verb:set package 'rm_bringup' build argument 'cmake_clean_first' from command line to 'False'
[0.292s] Level 5:colcon.colcon_core.verb:set package 'rm_bringup' build argument 'cmake_force_configure' from command line to 'False'
[0.292s] Level 5:colcon.colcon_core.verb:set package 'rm_bringup' build argument 'ament_cmake_args' from command line to 'None'
[0.292s] Level 5:colcon.colcon_core.verb:set package 'rm_bringup' build argument 'catkin_cmake_args' from command line to 'None'
[0.292s] Level 5:colcon.colcon_core.verb:set package 'rm_bringup' build argument 'catkin_skip_building_tests' from command line to 'False'
[0.292s] DEBUG:colcon.colcon_core.verb:Building package 'rm_bringup' with the following arguments: {'ament_cmake_args': None, 'build_base': '/home/ckl/RM/Combat_vision2026/build/rm_bringup', 'catkin_cmake_args': None, 'catkin_skip_building_tests': False, 'cmake_args': None, 'cmake_clean_cache': False, 'cmake_clean_first': False, 'cmake_force_configure': False, 'cmake_target': None, 'cmake_target_skip_unavailable': False, 'install_base': '/home/ckl/RM/Combat_vision2026/install/rm_bringup', 'merge_install': False, 'path': '/home/ckl/RM/Combat_vision2026/src/rm_bringup', 'symlink_install': False, 'test_result_base': None}
[0.292s] INFO:colcon.colcon_core.executor:Executing jobs using 'parallel' executor
[0.293s] DEBUG:colcon.colcon_parallel_executor.executor.parallel:run_until_complete
[0.293s] INFO:colcon.colcon_ros.task.ament_cmake.build:Building ROS package in '/home/ckl/RM/Combat_vision2026/src/rm_interfaces' with build type 'ament_cmake'
[0.293s] INFO:colcon.colcon_cmake.task.cmake.build:Building CMake package in '/home/ckl/RM/Combat_vision2026/src/rm_interfaces'
[0.295s] INFO:colcon.colcon_core.plugin_system:Skipping extension 'colcon_core.shell.bat': Not used on non-Windows systems
[0.295s] INFO:colcon.colcon_core.shell:Skip shell extension 'powershell' for command environment: Not usable outside of PowerShell
[0.295s] DEBUG:colcon.colcon_core.shell:Skip shell extension 'dsv' for command environment
[0.298s] INFO:colcon.colcon_ros.task.ament_cmake.build:Building ROS package in '/home/ckl/RM/Combat_vision2026/src/rm_utils' with build type 'ament_cmake'
[0.298s] INFO:colcon.colcon_cmake.task.cmake.build:Building CMake package in '/home/ckl/RM/Combat_vision2026/src/rm_utils'
[0.298s] INFO:colcon.colcon_core.shell:Skip shell extension 'powershell' for command environment: Not usable outside of PowerShell
[0.298s] DEBUG:colcon.colcon_core.shell:Skip shell extension 'dsv' for command environment
[0.300s] INFO:colcon.colcon_ros.task.ament_cmake.build:Building ROS package in '/home/ckl/RM/Combat_vision2026/src/rm_hardware_driver/ros2_hik_camera' with build type 'ament_cmake'
[0.300s] INFO:colcon.colcon_cmake.task.cmake.build:Building CMake package in '/home/ckl/RM/Combat_vision2026/src/rm_hardware_driver/ros2_hik_camera'
[0.301s] INFO:colcon.colcon_core.shell:Skip shell extension 'powershell' for command environment: Not usable outside of PowerShell
[0.301s] DEBUG:colcon.colcon_core.shell:Skip shell extension 'dsv' for command environment
[0.303s] INFO:colcon.colcon_ros.task.ament_cmake.build:Building ROS package in '/home/ckl/RM/Combat_vision2026/src/rm_robot_description' with build type 'ament_cmake'
[0.303s] INFO:colcon.colcon_cmake.task.cmake.build:Building CMake package in '/home/ckl/RM/Combat_vision2026/src/rm_robot_description'
[0.304s] INFO:colcon.colcon_core.shell:Skip shell extension 'powershell' for command environment: Not usable outside of PowerShell
[0.304s] DEBUG:colcon.colcon_core.shell:Skip shell extension 'dsv' for command environment
[0.311s] DEBUG:colcon.colcon_core.event_handler.log_command:Invoking command in '/home/ckl/RM/Combat_vision2026/build/rm_interfaces': CMAKE_PREFIX_PATH=/opt/ros/humble /usr/bin/cmake --build /home/ckl/RM/Combat_vision2026/build/rm_interfaces -- -j16 -l16
[0.315s] DEBUG:colcon.colcon_core.event_handler.log_command:Invoking command in '/home/ckl/RM/Combat_vision2026/build/rm_utils': CMAKE_PREFIX_PATH=/opt/ros/humble /usr/bin/cmake --build /home/ckl/RM/Combat_vision2026/build/rm_utils -- -j16 -l16
[0.319s] DEBUG:colcon.colcon_core.event_handler.log_command:Invoking command in '/home/ckl/RM/Combat_vision2026/build/hik_camera': CMAKE_PREFIX_PATH=/opt/ros/humble /usr/bin/cmake --build /home/ckl/RM/Combat_vision2026/build/hik_camera -- -j16 -l16
[0.323s] DEBUG:colcon.colcon_core.event_handler.log_command:Invoking command in '/home/ckl/RM/Combat_vision2026/build/rm_robot_description': CMAKE_PREFIX_PATH=/opt/ros/humble /usr/bin/cmake --build /home/ckl/RM/Combat_vision2026/build/rm_robot_description -- -j16 -l16
[0.343s] DEBUG:colcon.colcon_core.event_handler.log_command:Invoked command in '/home/ckl/RM/Combat_vision2026/build/rm_robot_description' returned '0': CMAKE_PREFIX_PATH=/opt/ros/humble /usr/bin/cmake --build /home/ckl/RM/Combat_vision2026/build/rm_robot_description -- -j16 -l16
[0.350s] DEBUG:colcon.colcon_core.event_handler.log_command:Invoking command in '/home/ckl/RM/Combat_vision2026/build/rm_robot_description': CMAKE_PREFIX_PATH=/opt/ros/humble /usr/bin/cmake --install /home/ckl/RM/Combat_vision2026/build/rm_robot_description
[0.356s] Level 1:colcon.colcon_core.environment:create_environment_scripts_only(rm_robot_description)
[0.357s] DEBUG:colcon.colcon_core.event_handler.log_command:Invoked command in '/home/ckl/RM/Combat_vision2026/build/rm_robot_description' returned '0': CMAKE_PREFIX_PATH=/opt/ros/humble /usr/bin/cmake --install /home/ckl/RM/Combat_vision2026/build/rm_robot_description
[0.360s] Level 1:colcon.colcon_core.environment:checking '/home/ckl/RM/Combat_vision2026/install/rm_robot_description' for CMake module files
[0.360s] Level 1:colcon.colcon_core.environment:checking '/home/ckl/RM/Combat_vision2026/install/rm_robot_description' for CMake config files
[0.361s] Level 1:colcon.colcon_core.shell:create_environment_hook('rm_robot_description', 'cmake_prefix_path')
[0.361s] INFO:colcon.colcon_core.shell:Creating environment hook '/home/ckl/RM/Combat_vision2026/install/rm_robot_description/share/rm_robot_description/hook/cmake_prefix_path.ps1'
[0.362s] INFO:colcon.colcon_core.shell:Creating environment descriptor '/home/ckl/RM/Combat_vision2026/install/rm_robot_description/share/rm_robot_description/hook/cmake_prefix_path.dsv'
[0.362s] INFO:colcon.colcon_core.shell:Creating environment hook '/home/ckl/RM/Combat_vision2026/install/rm_robot_description/share/rm_robot_description/hook/cmake_prefix_path.sh'
[0.363s] Level 1:colcon.colcon_core.environment:checking '/home/ckl/RM/Combat_vision2026/install/rm_robot_description/bin'
[0.363s] Level 1:colcon.colcon_core.environment:checking '/home/ckl/RM/Combat_vision2026/install/rm_robot_description/lib/pkgconfig/rm_robot_description.pc'
[0.363s] Level 1:colcon.colcon_core.environment:checking '/home/ckl/RM/Combat_vision2026/install/rm_robot_description/lib/python3.10/site-packages'
[0.364s] Level 1:colcon.colcon_core.environment:checking '/home/ckl/RM/Combat_vision2026/install/rm_robot_description/bin'
[0.364s] INFO:colcon.colcon_core.shell:Creating package script '/home/ckl/RM/Combat_vision2026/install/rm_robot_description/share/rm_robot_description/package.ps1'
[0.365s] INFO:colcon.colcon_core.shell:Creating package descriptor '/home/ckl/RM/Combat_vision2026/install/rm_robot_description/share/rm_robot_description/package.dsv'
[0.366s] INFO:colcon.colcon_core.shell:Creating package script '/home/ckl/RM/Combat_vision2026/install/rm_robot_description/share/rm_robot_description/package.sh'
[0.366s] INFO:colcon.colcon_core.shell:Creating package script '/home/ckl/RM/Combat_vision2026/install/rm_robot_description/share/rm_robot_description/package.bash'
[0.367s] INFO:colcon.colcon_core.shell:Creating package script '/home/ckl/RM/Combat_vision2026/install/rm_robot_description/share/rm_robot_description/package.zsh'
[0.367s] Level 1:colcon.colcon_core.environment:create_file_with_runtime_dependencies(/home/ckl/RM/Combat_vision2026/install/rm_robot_description/share/colcon-core/packages/rm_robot_description)
[0.368s] Level 1:colcon.colcon_core.environment:create_environment_scripts_only(rm_robot_description)
[0.368s] Level 1:colcon.colcon_core.environment:checking '/home/ckl/RM/Combat_vision2026/install/rm_robot_description' for CMake module files
[0.368s] Level 1:colcon.colcon_core.environment:checking '/home/ckl/RM/Combat_vision2026/install/rm_robot_description' for CMake config files
[0.369s] Level 1:colcon.colcon_core.shell:create_environment_hook('rm_robot_description', 'cmake_prefix_path')
[0.369s] INFO:colcon.colcon_core.shell:Creating environment hook '/home/ckl/RM/Combat_vision2026/install/rm_robot_description/share/rm_robot_description/hook/cmake_prefix_path.ps1'
[0.369s] INFO:colcon.colcon_core.shell:Creating environment descriptor '/home/ckl/RM/Combat_vision2026/install/rm_robot_description/share/rm_robot_description/hook/cmake_prefix_path.dsv'
[0.370s] INFO:colcon.colcon_core.shell:Creating environment hook '/home/ckl/RM/Combat_vision2026/install/rm_robot_description/share/rm_robot_description/hook/cmake_prefix_path.sh'
[0.370s] Level 1:colcon.colcon_core.environment:checking '/home/ckl/RM/Combat_vision2026/install/rm_robot_description/bin'
[0.370s] Level 1:colcon.colcon_core.environment:checking '/home/ckl/RM/Combat_vision2026/install/rm_robot_description/lib/pkgconfig/rm_robot_description.pc'
[0.370s] Level 1:colcon.colcon_core.environment:checking '/home/ckl/RM/Combat_vision2026/install/rm_robot_description/lib/python3.10/site-packages'
[0.370s] Level 1:colcon.colcon_core.environment:checking '/home/ckl/RM/Combat_vision2026/install/rm_robot_description/bin'
[0.371s] INFO:colcon.colcon_core.shell:Creating package script '/home/ckl/RM/Combat_vision2026/install/rm_robot_description/share/rm_robot_description/package.ps1'
[0.371s] INFO:colcon.colcon_core.shell:Creating package descriptor '/home/ckl/RM/Combat_vision2026/install/rm_robot_description/share/rm_robot_description/package.dsv'
[0.372s] INFO:colcon.colcon_core.shell:Creating package script '/home/ckl/RM/Combat_vision2026/install/rm_robot_description/share/rm_robot_description/package.sh'
[0.373s] INFO:colcon.colcon_core.shell:Creating package script '/home/ckl/RM/Combat_vision2026/install/rm_robot_description/share/rm_robot_description/package.bash'
[0.373s] INFO:colcon.colcon_core.shell:Creating package script '/home/ckl/RM/Combat_vision2026/install/rm_robot_description/share/rm_robot_description/package.zsh'
[0.373s] Level 1:colcon.colcon_core.environment:create_file_with_runtime_dependencies(/home/ckl/RM/Combat_vision2026/install/rm_robot_description/share/colcon-core/packages/rm_robot_description)
[0.375s] DEBUG:colcon.colcon_core.event_handler.log_command:Invoked command in '/home/ckl/RM/Combat_vision2026/build/hik_camera' returned '0': CMAKE_PREFIX_PATH=/opt/ros/humble /usr/bin/cmake --build /home/ckl/RM/Combat_vision2026/build/hik_camera -- -j16 -l16
[0.376s] DEBUG:colcon.colcon_core.event_handler.log_command:Invoking command in '/home/ckl/RM/Combat_vision2026/build/hik_camera': CMAKE_PREFIX_PATH=/opt/ros/humble /usr/bin/cmake --install /home/ckl/RM/Combat_vision2026/build/hik_camera
[0.377s] DEBUG:colcon.colcon_core.event_handler.log_command:Invoked command in '/home/ckl/RM/Combat_vision2026/build/rm_utils' returned '0': CMAKE_PREFIX_PATH=/opt/ros/humble /usr/bin/cmake --build /home/ckl/RM/Combat_vision2026/build/rm_utils -- -j16 -l16
[0.379s] DEBUG:colcon.colcon_core.event_handler.log_command:Invoking command in '/home/ckl/RM/Combat_vision2026/build/rm_utils': CMAKE_PREFIX_PATH=/opt/ros/humble /usr/bin/cmake --install /home/ckl/RM/Combat_vision2026/build/rm_utils
[0.383s] Level 1:colcon.colcon_core.environment:create_environment_scripts_only(hik_camera)
[0.383s] Level 1:colcon.colcon_core.environment:checking '/home/ckl/RM/Combat_vision2026/install/hik_camera' for CMake module files
[0.386s] DEBUG:colcon.colcon_core.event_handler.log_command:Invoked command in '/home/ckl/RM/Combat_vision2026/build/hik_camera' returned '0': CMAKE_PREFIX_PATH=/opt/ros/humble /usr/bin/cmake --install /home/ckl/RM/Combat_vision2026/build/hik_camera
[0.387s] Level 1:colcon.colcon_core.environment:checking '/home/ckl/RM/Combat_vision2026/install/hik_camera' for CMake config files
[0.387s] Level 1:colcon.colcon_core.shell:create_environment_hook('hik_camera', 'cmake_prefix_path')
[0.388s] INFO:colcon.colcon_core.shell:Creating environment hook '/home/ckl/RM/Combat_vision2026/install/hik_camera/share/hik_camera/hook/cmake_prefix_path.ps1'
[0.388s] INFO:colcon.colcon_core.shell:Creating environment descriptor '/home/ckl/RM/Combat_vision2026/install/hik_camera/share/hik_camera/hook/cmake_prefix_path.dsv'
[0.388s] INFO:colcon.colcon_core.shell:Creating environment hook '/home/ckl/RM/Combat_vision2026/install/hik_camera/share/hik_camera/hook/cmake_prefix_path.sh'
[0.389s] Level 1:colcon.colcon_core.environment:checking '/home/ckl/RM/Combat_vision2026/install/hik_camera/lib'
[0.389s] Level 1:colcon.colcon_core.shell:create_environment_hook('hik_camera', 'ld_library_path_lib')
[0.389s] INFO:colcon.colcon_core.shell:Creating environment hook '/home/ckl/RM/Combat_vision2026/install/hik_camera/share/hik_camera/hook/ld_library_path_lib.ps1'
[0.390s] INFO:colcon.colcon_core.shell:Creating environment descriptor '/home/ckl/RM/Combat_vision2026/install/hik_camera/share/hik_camera/hook/ld_library_path_lib.dsv'
[0.390s] INFO:colcon.colcon_core.shell:Creating environment hook '/home/ckl/RM/Combat_vision2026/install/hik_camera/share/hik_camera/hook/ld_library_path_lib.sh'
[0.390s] Level 1:colcon.colcon_core.environment:checking '/home/ckl/RM/Combat_vision2026/install/hik_camera/bin'
[0.390s] Level 1:colcon.colcon_core.environment:checking '/home/ckl/RM/Combat_vision2026/install/hik_camera/lib/pkgconfig/hik_camera.pc'
[0.391s] Level 1:colcon.colcon_core.environment:checking '/home/ckl/RM/Combat_vision2026/install/hik_camera/lib/python3.10/site-packages'
[0.391s] Level 1:colcon.colcon_core.environment:checking '/home/ckl/RM/Combat_vision2026/install/hik_camera/bin'
[0.391s] INFO:colcon.colcon_core.shell:Creating package script '/home/ckl/RM/Combat_vision2026/install/hik_camera/share/hik_camera/package.ps1'
[0.391s] INFO:colcon.colcon_core.shell:Creating package descriptor '/home/ckl/RM/Combat_vision2026/install/hik_camera/share/hik_camera/package.dsv'
[0.392s] INFO:colcon.colcon_core.shell:Creating package script '/home/ckl/RM/Combat_vision2026/install/hik_camera/share/hik_camera/package.sh'
[0.392s] INFO:colcon.colcon_core.shell:Creating package script '/home/ckl/RM/Combat_vision2026/install/hik_camera/share/hik_camera/package.bash'
[0.393s] INFO:colcon.colcon_core.shell:Creating package script '/home/ckl/RM/Combat_vision2026/install/hik_camera/share/hik_camera/package.zsh'
[0.393s] Level 1:colcon.colcon_core.environment:create_file_with_runtime_dependencies(/home/ckl/RM/Combat_vision2026/install/hik_camera/share/colcon-core/packages/hik_camera)
[0.394s] Level 1:colcon.colcon_core.environment:create_environment_scripts_only(hik_camera)
[0.394s] Level 1:colcon.colcon_core.environment:checking '/home/ckl/RM/Combat_vision2026/install/hik_camera' for CMake module files
[0.394s] Level 1:colcon.colcon_core.environment:checking '/home/ckl/RM/Combat_vision2026/install/hik_camera' for CMake config files
[0.395s] Level 1:colcon.colcon_core.shell:create_environment_hook('hik_camera', 'cmake_prefix_path')
[0.395s] INFO:colcon.colcon_core.shell:Creating environment hook '/home/ckl/RM/Combat_vision2026/install/hik_camera/share/hik_camera/hook/cmake_prefix_path.ps1'
[0.395s] INFO:colcon.colcon_core.shell:Creating environment descriptor '/home/ckl/RM/Combat_vision2026/install/hik_camera/share/hik_camera/hook/cmake_prefix_path.dsv'
[0.396s] INFO:colcon.colcon_core.shell:Creating environment hook '/home/ckl/RM/Combat_vision2026/install/hik_camera/share/hik_camera/hook/cmake_prefix_path.sh'
[0.396s] Level 1:colcon.colcon_core.environment:checking '/home/ckl/RM/Combat_vision2026/install/hik_camera/lib'
[0.396s] Level 1:colcon.colcon_core.shell:create_environment_hook('hik_camera', 'ld_library_path_lib')
[0.397s] INFO:colcon.colcon_core.shell:Creating environment hook '/home/ckl/RM/Combat_vision2026/install/hik_camera/share/hik_camera/hook/ld_library_path_lib.ps1'
[0.397s] INFO:colcon.colcon_core.shell:Creating environment descriptor '/home/ckl/RM/Combat_vision2026/install/hik_camera/share/hik_camera/hook/ld_library_path_lib.dsv'
[0.397s] INFO:colcon.colcon_core.shell:Creating environment hook '/home/ckl/RM/Combat_vision2026/install/hik_camera/share/hik_camera/hook/ld_library_path_lib.sh'
[0.398s] Level 1:colcon.colcon_core.environment:checking '/home/ckl/RM/Combat_vision2026/install/hik_camera/bin'
[0.398s] Level 1:colcon.colcon_core.environment:checking '/home/ckl/RM/Combat_vision2026/install/hik_camera/lib/pkgconfig/hik_camera.pc'
[0.398s] Level 1:colcon.colcon_core.environment:checking '/home/ckl/RM/Combat_vision2026/install/hik_camera/lib/python3.10/site-packages'
[0.398s] Level 1:colcon.colcon_core.environment:checking '/home/ckl/RM/Combat_vision2026/install/hik_camera/bin'
[0.398s] INFO:colcon.colcon_core.shell:Creating package script '/home/ckl/RM/Combat_vision2026/install/hik_camera/share/hik_camera/package.ps1'
[0.399s] INFO:colcon.colcon_core.shell:Creating package descriptor '/home/ckl/RM/Combat_vision2026/install/hik_camera/share/hik_camera/package.dsv'
[0.400s] INFO:colcon.colcon_core.shell:Creating package script '/home/ckl/RM/Combat_vision2026/install/hik_camera/share/hik_camera/package.sh'
[0.400s] INFO:colcon.colcon_core.shell:Creating package script '/home/ckl/RM/Combat_vision2026/install/hik_camera/share/hik_camera/package.bash'
[0.401s] INFO:colcon.colcon_core.shell:Creating package script '/home/ckl/RM/Combat_vision2026/install/hik_camera/share/hik_camera/package.zsh'
[0.401s] Level 1:colcon.colcon_core.environment:create_file_with_runtime_dependencies(/home/ckl/RM/Combat_vision2026/install/hik_camera/share/colcon-core/packages/hik_camera)
[0.402s] Level 1:colcon.colcon_core.environment:create_environment_scripts_only(rm_utils)
[0.402s] Level 1:colcon.colcon_core.environment:checking '/home/ckl/RM/Combat_vision2026/install/rm_utils' for CMake module files
[0.403s] DEBUG:colcon.colcon_core.event_handler.log_command:Invoked command in '/home/ckl/RM/Combat_vision2026/build/rm_utils' returned '0': CMAKE_PREFIX_PATH=/opt/ros/humble /usr/bin/cmake --install /home/ckl/RM/Combat_vision2026/build/rm_utils
[0.403s] Level 1:colcon.colcon_core.environment:checking '/home/ckl/RM/Combat_vision2026/install/rm_utils' for CMake config files
[0.404s] Level 1:colcon.colcon_core.shell:create_environment_hook('rm_utils', 'cmake_prefix_path')
[0.404s] INFO:colcon.colcon_core.shell:Creating environment hook '/home/ckl/RM/Combat_vision2026/install/rm_utils/share/rm_utils/hook/cmake_prefix_path.ps1'
[0.405s] INFO:colcon.colcon_core.shell:Creating environment descriptor '/home/ckl/RM/Combat_vision2026/install/rm_utils/share/rm_utils/hook/cmake_prefix_path.dsv'
[0.405s] INFO:colcon.colcon_core.shell:Creating environment hook '/home/ckl/RM/Combat_vision2026/install/rm_utils/share/rm_utils/hook/cmake_prefix_path.sh'
[0.405s] Level 1:colcon.colcon_core.environment:checking '/home/ckl/RM/Combat_vision2026/install/rm_utils/lib'
[0.405s] Level 1:colcon.colcon_core.shell:create_environment_hook('rm_utils', 'ld_library_path_lib')
[0.406s] INFO:colcon.colcon_core.shell:Creating environment hook '/home/ckl/RM/Combat_vision2026/install/rm_utils/share/rm_utils/hook/ld_library_path_lib.ps1'
[0.406s] INFO:colcon.colcon_core.shell:Creating environment descriptor '/home/ckl/RM/Combat_vision2026/install/rm_utils/share/rm_utils/hook/ld_library_path_lib.dsv'
[0.406s] INFO:colcon.colcon_core.shell:Creating environment hook '/home/ckl/RM/Combat_vision2026/install/rm_utils/share/rm_utils/hook/ld_library_path_lib.sh'
[0.407s] Level 1:colcon.colcon_core.environment:checking '/home/ckl/RM/Combat_vision2026/install/rm_utils/bin'
[0.407s] Level 1:colcon.colcon_core.environment:checking '/home/ckl/RM/Combat_vision2026/install/rm_utils/lib/pkgconfig/rm_utils.pc'
[0.407s] Level 1:colcon.colcon_core.environment:checking '/home/ckl/RM/Combat_vision2026/install/rm_utils/lib/python3.10/site-packages'
[0.407s] Level 1:colcon.colcon_core.environment:checking '/home/ckl/RM/Combat_vision2026/install/rm_utils/bin'
[0.407s] INFO:colcon.colcon_core.shell:Creating package script '/home/ckl/RM/Combat_vision2026/install/rm_utils/share/rm_utils/package.ps1'
[0.408s] INFO:colcon.colcon_core.shell:Creating package descriptor '/home/ckl/RM/Combat_vision2026/install/rm_utils/share/rm_utils/package.dsv'
[0.408s] INFO:colcon.colcon_core.shell:Creating package script '/home/ckl/RM/Combat_vision2026/install/rm_utils/share/rm_utils/package.sh'
[0.409s] INFO:colcon.colcon_core.shell:Creating package script '/home/ckl/RM/Combat_vision2026/install/rm_utils/share/rm_utils/package.bash'
[0.409s] INFO:colcon.colcon_core.shell:Creating package script '/home/ckl/RM/Combat_vision2026/install/rm_utils/share/rm_utils/package.zsh'
[0.409s] Level 1:colcon.colcon_core.environment:create_file_with_runtime_dependencies(/home/ckl/RM/Combat_vision2026/install/rm_utils/share/colcon-core/packages/rm_utils)
[0.410s] Level 1:colcon.colcon_core.environment:create_environment_scripts_only(rm_utils)
[0.410s] Level 1:colcon.colcon_core.environment:checking '/home/ckl/RM/Combat_vision2026/install/rm_utils' for CMake module files
[0.411s] Level 1:colcon.colcon_core.environment:checking '/home/ckl/RM/Combat_vision2026/install/rm_utils' for CMake config files
[0.411s] Level 1:colcon.colcon_core.shell:create_environment_hook('rm_utils', 'cmake_prefix_path')
[0.412s] INFO:colcon.colcon_core.shell:Creating environment hook '/home/ckl/RM/Combat_vision2026/install/rm_utils/share/rm_utils/hook/cmake_prefix_path.ps1'
[0.412s] INFO:colcon.colcon_core.shell:Creating environment descriptor '/home/ckl/RM/Combat_vision2026/install/rm_utils/share/rm_utils/hook/cmake_prefix_path.dsv'
[0.412s] INFO:colcon.colcon_core.shell:Creating environment hook '/home/ckl/RM/Combat_vision2026/install/rm_utils/share/rm_utils/hook/cmake_prefix_path.sh'
[0.413s] Level 1:colcon.colcon_core.environment:checking '/home/ckl/RM/Combat_vision2026/install/rm_utils/lib'
[0.413s] Level 1:colcon.colcon_core.shell:create_environment_hook('rm_utils', 'ld_library_path_lib')
[0.413s] INFO:colcon.colcon_core.shell:Creating environment hook '/home/ckl/RM/Combat_vision2026/install/rm_utils/share/rm_utils/hook/ld_library_path_lib.ps1'
[0.413s] INFO:colcon.colcon_core.shell:Creating environment descriptor '/home/ckl/RM/Combat_vision2026/install/rm_utils/share/rm_utils/hook/ld_library_path_lib.dsv'
[0.414s] INFO:colcon.colcon_core.shell:Creating environment hook '/home/ckl/RM/Combat_vision2026/install/rm_utils/share/rm_utils/hook/ld_library_path_lib.sh'
[0.414s] Level 1:colcon.colcon_core.environment:checking '/home/ckl/RM/Combat_vision2026/install/rm_utils/bin'
[0.414s] Level 1:colcon.colcon_core.environment:checking '/home/ckl/RM/Combat_vision2026/install/rm_utils/lib/pkgconfig/rm_utils.pc'
[0.414s] Level 1:colcon.colcon_core.environment:checking '/home/ckl/RM/Combat_vision2026/install/rm_utils/lib/python3.10/site-packages'
[0.415s] Level 1:colcon.colcon_core.environment:checking '/home/ckl/RM/Combat_vision2026/install/rm_utils/bin'
[0.415s] INFO:colcon.colcon_core.shell:Creating package script '/home/ckl/RM/Combat_vision2026/install/rm_utils/share/rm_utils/package.ps1'
[0.415s] INFO:colcon.colcon_core.shell:Creating package descriptor '/home/ckl/RM/Combat_vision2026/install/rm_utils/share/rm_utils/package.dsv'
[0.416s] INFO:colcon.colcon_core.shell:Creating package script '/home/ckl/RM/Combat_vision2026/install/rm_utils/share/rm_utils/package.sh'
[0.416s] INFO:colcon.colcon_core.shell:Creating package script '/home/ckl/RM/Combat_vision2026/install/rm_utils/share/rm_utils/package.bash'
[0.417s] INFO:colcon.colcon_core.shell:Creating package script '/home/ckl/RM/Combat_vision2026/install/rm_utils/share/rm_utils/package.zsh'
[0.417s] Level 1:colcon.colcon_core.environment:create_file_with_runtime_dependencies(/home/ckl/RM/Combat_vision2026/install/rm_utils/share/colcon-core/packages/rm_utils)
[0.603s] DEBUG:colcon.colcon_core.event_handler.log_command:Invoked command in '/home/ckl/RM/Combat_vision2026/build/rm_interfaces' returned '0': CMAKE_PREFIX_PATH=/opt/ros/humble /usr/bin/cmake --build /home/ckl/RM/Combat_vision2026/build/rm_interfaces -- -j16 -l16
[0.605s] DEBUG:colcon.colcon_core.event_handler.log_command:Invoking command in '/home/ckl/RM/Combat_vision2026/build/rm_interfaces': CMAKE_PREFIX_PATH=/opt/ros/humble /usr/bin/cmake --install /home/ckl/RM/Combat_vision2026/build/rm_interfaces
[0.667s] Level 1:colcon.colcon_core.environment:create_environment_scripts_only(rm_interfaces)
[0.668s] Level 1:colcon.colcon_core.environment:checking '/home/ckl/RM/Combat_vision2026/install/rm_interfaces' for CMake module files
[0.668s] DEBUG:colcon.colcon_core.event_handler.log_command:Invoked command in '/home/ckl/RM/Combat_vision2026/build/rm_interfaces' returned '0': CMAKE_PREFIX_PATH=/opt/ros/humble /usr/bin/cmake --install /home/ckl/RM/Combat_vision2026/build/rm_interfaces
[0.669s] Level 1:colcon.colcon_core.environment:checking '/home/ckl/RM/Combat_vision2026/install/rm_interfaces' for CMake config files
[0.670s] Level 1:colcon.colcon_core.shell:create_environment_hook('rm_interfaces', 'cmake_prefix_path')
[0.670s] INFO:colcon.colcon_core.shell:Creating environment hook '/home/ckl/RM/Combat_vision2026/install/rm_interfaces/share/rm_interfaces/hook/cmake_prefix_path.ps1'
[0.670s] INFO:colcon.colcon_core.shell:Creating environment descriptor '/home/ckl/RM/Combat_vision2026/install/rm_interfaces/share/rm_interfaces/hook/cmake_prefix_path.dsv'
[0.671s] INFO:colcon.colcon_core.shell:Creating environment hook '/home/ckl/RM/Combat_vision2026/install/rm_interfaces/share/rm_interfaces/hook/cmake_prefix_path.sh'
[0.671s] Level 1:colcon.colcon_core.environment:checking '/home/ckl/RM/Combat_vision2026/install/rm_interfaces/lib'
[0.671s] Level 1:colcon.colcon_core.shell:create_environment_hook('rm_interfaces', 'ld_library_path_lib')
[0.671s] INFO:colcon.colcon_core.shell:Creating environment hook '/home/ckl/RM/Combat_vision2026/install/rm_interfaces/share/rm_interfaces/hook/ld_library_path_lib.ps1'
[0.672s] INFO:colcon.colcon_core.shell:Creating environment descriptor '/home/ckl/RM/Combat_vision2026/install/rm_interfaces/share/rm_interfaces/hook/ld_library_path_lib.dsv'
[0.672s] INFO:colcon.colcon_core.shell:Creating environment hook '/home/ckl/RM/Combat_vision2026/install/rm_interfaces/share/rm_interfaces/hook/ld_library_path_lib.sh'
[0.672s] Level 1:colcon.colcon_core.environment:checking '/home/ckl/RM/Combat_vision2026/install/rm_interfaces/bin'
[0.672s] Level 1:colcon.colcon_core.environment:checking '/home/ckl/RM/Combat_vision2026/install/rm_interfaces/lib/pkgconfig/rm_interfaces.pc'
[0.672s] Level 1:colcon.colcon_core.environment:checking '/home/ckl/RM/Combat_vision2026/install/rm_interfaces/lib/python3.10/site-packages'
[0.673s] Level 1:colcon.colcon_core.environment:checking '/home/ckl/RM/Combat_vision2026/install/rm_interfaces/bin'
[0.673s] INFO:colcon.colcon_core.shell:Creating package script '/home/ckl/RM/Combat_vision2026/install/rm_interfaces/share/rm_interfaces/package.ps1'
[0.673s] INFO:colcon.colcon_core.shell:Creating package descriptor '/home/ckl/RM/Combat_vision2026/install/rm_interfaces/share/rm_interfaces/package.dsv'
[0.674s] INFO:colcon.colcon_core.shell:Creating package script '/home/ckl/RM/Combat_vision2026/install/rm_interfaces/share/rm_interfaces/package.sh'
[0.674s] INFO:colcon.colcon_core.shell:Creating package script '/home/ckl/RM/Combat_vision2026/install/rm_interfaces/share/rm_interfaces/package.bash'
[0.674s] INFO:colcon.colcon_core.shell:Creating package script '/home/ckl/RM/Combat_vision2026/install/rm_interfaces/share/rm_interfaces/package.zsh'
[0.674s] Level 1:colcon.colcon_core.environment:create_file_with_runtime_dependencies(/home/ckl/RM/Combat_vision2026/install/rm_interfaces/share/colcon-core/packages/rm_interfaces)
[0.675s] Level 1:colcon.colcon_core.environment:create_environment_scripts_only(rm_interfaces)
[0.675s] Level 1:colcon.colcon_core.environment:checking '/home/ckl/RM/Combat_vision2026/install/rm_interfaces' for CMake module files
[0.676s] Level 1:colcon.colcon_core.environment:checking '/home/ckl/RM/Combat_vision2026/install/rm_interfaces' for CMake config files
[0.677s] Level 1:colcon.colcon_core.shell:create_environment_hook('rm_interfaces', 'cmake_prefix_path')
[0.677s] INFO:colcon.colcon_core.shell:Creating environment hook '/home/ckl/RM/Combat_vision2026/install/rm_interfaces/share/rm_interfaces/hook/cmake_prefix_path.ps1'
[0.677s] INFO:colcon.colcon_core.shell:Creating environment descriptor '/home/ckl/RM/Combat_vision2026/install/rm_interfaces/share/rm_interfaces/hook/cmake_prefix_path.dsv'
[0.677s] INFO:colcon.colcon_core.shell:Creating environment hook '/home/ckl/RM/Combat_vision2026/install/rm_interfaces/share/rm_interfaces/hook/cmake_prefix_path.sh'
[0.678s] Level 1:colcon.colcon_core.environment:checking '/home/ckl/RM/Combat_vision2026/install/rm_interfaces/lib'
[0.678s] Level 1:colcon.colcon_core.shell:create_environment_hook('rm_interfaces', 'ld_library_path_lib')
[0.678s] INFO:colcon.colcon_core.shell:Creating environment hook '/home/ckl/RM/Combat_vision2026/install/rm_interfaces/share/rm_interfaces/hook/ld_library_path_lib.ps1'
[0.678s] INFO:colcon.colcon_core.shell:Creating environment descriptor '/home/ckl/RM/Combat_vision2026/install/rm_interfaces/share/rm_interfaces/hook/ld_library_path_lib.dsv'
[0.679s] INFO:colcon.colcon_core.shell:Creating environment hook '/home/ckl/RM/Combat_vision2026/install/rm_interfaces/share/rm_interfaces/hook/ld_library_path_lib.sh'
[0.679s] Level 1:colcon.colcon_core.environment:checking '/home/ckl/RM/Combat_vision2026/install/rm_interfaces/bin'
[0.679s] Level 1:colcon.colcon_core.environment:checking '/home/ckl/RM/Combat_vision2026/install/rm_interfaces/lib/pkgconfig/rm_interfaces.pc'
[0.679s] Level 1:colcon.colcon_core.environment:checking '/home/ckl/RM/Combat_vision2026/install/rm_interfaces/lib/python3.10/site-packages'
[0.679s] Level 1:colcon.colcon_core.environment:checking '/home/ckl/RM/Combat_vision2026/install/rm_interfaces/bin'
[0.679s] INFO:colcon.colcon_core.shell:Creating package script '/home/ckl/RM/Combat_vision2026/install/rm_interfaces/share/rm_interfaces/package.ps1'
[0.680s] INFO:colcon.colcon_core.shell:Creating package descriptor '/home/ckl/RM/Combat_vision2026/install/rm_interfaces/share/rm_interfaces/package.dsv'
[0.680s] INFO:colcon.colcon_core.shell:Creating package script '/home/ckl/RM/Combat_vision2026/install/rm_interfaces/share/rm_interfaces/package.sh'
[0.681s] INFO:colcon.colcon_core.shell:Creating package script '/home/ckl/RM/Combat_vision2026/install/rm_interfaces/share/rm_interfaces/package.bash'
[0.681s] INFO:colcon.colcon_core.shell:Creating package script '/home/ckl/RM/Combat_vision2026/install/rm_interfaces/share/rm_interfaces/package.zsh'
[0.681s] Level 1:colcon.colcon_core.environment:create_file_with_runtime_dependencies(/home/ckl/RM/Combat_vision2026/install/rm_interfaces/share/colcon-core/packages/rm_interfaces)
[0.681s] INFO:colcon.colcon_ros.task.ament_cmake.build:Building ROS package in '/home/ckl/RM/Combat_vision2026/src/rm_auto_aim/armor_detector' with build type 'ament_cmake'
[0.682s] INFO:colcon.colcon_cmake.task.cmake.build:Building CMake package in '/home/ckl/RM/Combat_vision2026/src/rm_auto_aim/armor_detector'
[0.682s] INFO:colcon.colcon_core.shell:Skip shell extension 'powershell' for command environment: Not usable outside of PowerShell
[0.682s] DEBUG:colcon.colcon_core.shell:Skip shell extension 'dsv' for command environment
[0.685s] INFO:colcon.colcon_ros.task.ament_cmake.build:Building ROS package in '/home/ckl/RM/Combat_vision2026/src/rm_auto_aim/armor_solver' with build type 'ament_cmake'
[0.685s] INFO:colcon.colcon_cmake.task.cmake.build:Building CMake package in '/home/ckl/RM/Combat_vision2026/src/rm_auto_aim/armor_solver'
[0.685s] INFO:colcon.colcon_core.shell:Skip shell extension 'powershell' for command environment: Not usable outside of PowerShell
[0.685s] DEBUG:colcon.colcon_core.shell:Skip shell extension 'dsv' for command environment
[0.688s] INFO:colcon.colcon_ros.task.ament_cmake.build:Building ROS package in '/home/ckl/RM/Combat_vision2026/src/rm_hardware_driver/rm_serial_driver' with build type 'ament_cmake'
[0.688s] INFO:colcon.colcon_cmake.task.cmake.build:Building CMake package in '/home/ckl/RM/Combat_vision2026/src/rm_hardware_driver/rm_serial_driver'
[0.689s] INFO:colcon.colcon_core.shell:Skip shell extension 'powershell' for command environment: Not usable outside of PowerShell
[0.689s] DEBUG:colcon.colcon_core.shell:Skip shell extension 'dsv' for command environment
[0.697s] DEBUG:colcon.colcon_core.event_handler.log_command:Invoking command in '/home/ckl/RM/Combat_vision2026/build/armor_detector': AMENT_PREFIX_PATH=/home/ckl/RM/Combat_vision2026/install/rm_utils:/home/ckl/RM/Combat_vision2026/install/rm_interfaces:${AMENT_PREFIX_PATH} CMAKE_PREFIX_PATH=/home/ckl/RM/Combat_vision2026/install/rm_utils:/home/ckl/RM/Combat_vision2026/install/rm_interfaces:/opt/ros/humble LD_LIBRARY_PATH=/home/ckl/RM/Combat_vision2026/install/rm_utils/lib:/home/ckl/RM/Combat_vision2026/install/rm_interfaces/lib:/opt/MVS/lib/64:/opt/MVS/lib/32:/opt/MVS/lib/64:/opt/MVS/lib/32:/opt/MVS/lib/64:/opt/MVS/lib/32:/opt/ros/humble/opt/rviz_ogre_vendor/lib:/opt/ros/humble/lib/x86_64-linux-gnu:/opt/ros/humble/lib:/opt/MVS/lib/64:/opt/MVS/lib/32:/opt/MVS/lib/64:/opt/MVS/lib/32:/opt/MVS/lib/64:/opt/MVS/lib/32 PYTHONPATH=/home/ckl/RM/Combat_vision2026/install/rm_interfaces/local/lib/python3.10/dist-packages:${PYTHONPATH} /usr/bin/cmake --build /home/ckl/RM/Combat_vision2026/build/armor_detector -- -j16 -l16
[0.707s] DEBUG:colcon.colcon_core.event_handler.log_command:Invoking command in '/home/ckl/RM/Combat_vision2026/build/armor_solver': AMENT_PREFIX_PATH=/home/ckl/RM/Combat_vision2026/install/rm_utils:/home/ckl/RM/Combat_vision2026/install/rm_interfaces:${AMENT_PREFIX_PATH} CMAKE_PREFIX_PATH=/home/ckl/RM/Combat_vision2026/install/rm_utils:/home/ckl/RM/Combat_vision2026/install/rm_interfaces:/opt/ros/humble LD_LIBRARY_PATH=/home/ckl/RM/Combat_vision2026/install/rm_utils/lib:/home/ckl/RM/Combat_vision2026/install/rm_interfaces/lib:/opt/MVS/lib/64:/opt/MVS/lib/32:/opt/MVS/lib/64:/opt/MVS/lib/32:/opt/MVS/lib/64:/opt/MVS/lib/32:/opt/ros/humble/opt/rviz_ogre_vendor/lib:/opt/ros/humble/lib/x86_64-linux-gnu:/opt/ros/humble/lib:/opt/MVS/lib/64:/opt/MVS/lib/32:/opt/MVS/lib/64:/opt/MVS/lib/32:/opt/MVS/lib/64:/opt/MVS/lib/32 PYTHONPATH=/home/ckl/RM/Combat_vision2026/install/rm_interfaces/local/lib/python3.10/dist-packages:${PYTHONPATH} /usr/bin/cmake --build /home/ckl/RM/Combat_vision2026/build/armor_solver -- -j16 -l16
[0.707s] DEBUG:colcon.colcon_core.event_handler.log_command:Invoking command in '/home/ckl/RM/Combat_vision2026/build/rm_serial_driver': AMENT_PREFIX_PATH=/home/ckl/RM/Combat_vision2026/install/rm_utils:/home/ckl/RM/Combat_vision2026/install/rm_interfaces:${AMENT_PREFIX_PATH} CMAKE_PREFIX_PATH=/home/ckl/RM/Combat_vision2026/install/rm_utils:/home/ckl/RM/Combat_vision2026/install/rm_interfaces:/opt/ros/humble LD_LIBRARY_PATH=/home/ckl/RM/Combat_vision2026/install/rm_utils/lib:/home/ckl/RM/Combat_vision2026/install/rm_interfaces/lib:/opt/MVS/lib/64:/opt/MVS/lib/32:/opt/MVS/lib/64:/opt/MVS/lib/32:/opt/MVS/lib/64:/opt/MVS/lib/32:/opt/ros/humble/opt/rviz_ogre_vendor/lib:/opt/ros/humble/lib/x86_64-linux-gnu:/opt/ros/humble/lib:/opt/MVS/lib/64:/opt/MVS/lib/32:/opt/MVS/lib/64:/opt/MVS/lib/32:/opt/MVS/lib/64:/opt/MVS/lib/32 PYTHONPATH=/home/ckl/RM/Combat_vision2026/install/rm_interfaces/local/lib/python3.10/dist-packages:${PYTHONPATH} /usr/bin/cmake --build /home/ckl/RM/Combat_vision2026/build/rm_serial_driver -- -j16 -l16
[0.763s] DEBUG:colcon.colcon_core.event_handler.log_command:Invoked command in '/home/ckl/RM/Combat_vision2026/build/armor_solver' returned '0': AMENT_PREFIX_PATH=/home/ckl/RM/Combat_vision2026/install/rm_utils:/home/ckl/RM/Combat_vision2026/install/rm_interfaces:${AMENT_PREFIX_PATH} CMAKE_PREFIX_PATH=/home/ckl/RM/Combat_vision2026/install/rm_utils:/home/ckl/RM/Combat_vision2026/install/rm_interfaces:/opt/ros/humble LD_LIBRARY_PATH=/home/ckl/RM/Combat_vision2026/install/rm_utils/lib:/home/ckl/RM/Combat_vision2026/install/rm_interfaces/lib:/opt/MVS/lib/64:/opt/MVS/lib/32:/opt/MVS/lib/64:/opt/MVS/lib/32:/opt/MVS/lib/64:/opt/MVS/lib/32:/opt/ros/humble/opt/rviz_ogre_vendor/lib:/opt/ros/humble/lib/x86_64-linux-gnu:/opt/ros/humble/lib:/opt/MVS/lib/64:/opt/MVS/lib/32:/opt/MVS/lib/64:/opt/MVS/lib/32:/opt/MVS/lib/64:/opt/MVS/lib/32 PYTHONPATH=/home/ckl/RM/Combat_vision2026/install/rm_interfaces/local/lib/python3.10/dist-packages:${PYTHONPATH} /usr/bin/cmake --build /home/ckl/RM/Combat_vision2026/build/armor_solver -- -j16 -l16
[0.764s] DEBUG:colcon.colcon_core.event_handler.log_command:Invoking command in '/home/ckl/RM/Combat_vision2026/build/armor_solver': AMENT_PREFIX_PATH=/home/ckl/RM/Combat_vision2026/install/rm_utils:/home/ckl/RM/Combat_vision2026/install/rm_interfaces:${AMENT_PREFIX_PATH} CMAKE_PREFIX_PATH=/home/ckl/RM/Combat_vision2026/install/rm_utils:/home/ckl/RM/Combat_vision2026/install/rm_interfaces:/opt/ros/humble LD_LIBRARY_PATH=/home/ckl/RM/Combat_vision2026/install/rm_utils/lib:/home/ckl/RM/Combat_vision2026/install/rm_interfaces/lib:/opt/MVS/lib/64:/opt/MVS/lib/32:/opt/MVS/lib/64:/opt/MVS/lib/32:/opt/MVS/lib/64:/opt/MVS/lib/32:/opt/ros/humble/opt/rviz_ogre_vendor/lib:/opt/ros/humble/lib/x86_64-linux-gnu:/opt/ros/humble/lib:/opt/MVS/lib/64:/opt/MVS/lib/32:/opt/MVS/lib/64:/opt/MVS/lib/32:/opt/MVS/lib/64:/opt/MVS/lib/32 PYTHONPATH=/home/ckl/RM/Combat_vision2026/install/rm_interfaces/local/lib/python3.10/dist-packages:${PYTHONPATH} /usr/bin/cmake --install /home/ckl/RM/Combat_vision2026/build/armor_solver
[0.770s] Level 1:colcon.colcon_core.environment:create_environment_scripts_only(armor_solver)
[0.771s] Level 1:colcon.colcon_core.environment:checking '/home/ckl/RM/Combat_vision2026/install/armor_solver' for CMake module files
[0.771s] DEBUG:colcon.colcon_core.event_handler.log_command:Invoked command in '/home/ckl/RM/Combat_vision2026/build/armor_solver' returned '0': AMENT_PREFIX_PATH=/home/ckl/RM/Combat_vision2026/install/rm_utils:/home/ckl/RM/Combat_vision2026/install/rm_interfaces:${AMENT_PREFIX_PATH} CMAKE_PREFIX_PATH=/home/ckl/RM/Combat_vision2026/install/rm_utils:/home/ckl/RM/Combat_vision2026/install/rm_interfaces:/opt/ros/humble LD_LIBRARY_PATH=/home/ckl/RM/Combat_vision2026/install/rm_utils/lib:/home/ckl/RM/Combat_vision2026/install/rm_interfaces/lib:/opt/MVS/lib/64:/opt/MVS/lib/32:/opt/MVS/lib/64:/opt/MVS/lib/32:/opt/MVS/lib/64:/opt/MVS/lib/32:/opt/ros/humble/opt/rviz_ogre_vendor/lib:/opt/ros/humble/lib/x86_64-linux-gnu:/opt/ros/humble/lib:/opt/MVS/lib/64:/opt/MVS/lib/32:/opt/MVS/lib/64:/opt/MVS/lib/32:/opt/MVS/lib/64:/opt/MVS/lib/32 PYTHONPATH=/home/ckl/RM/Combat_vision2026/install/rm_interfaces/local/lib/python3.10/dist-packages:${PYTHONPATH} /usr/bin/cmake --install /home/ckl/RM/Combat_vision2026/build/armor_solver
[0.771s] Level 1:colcon.colcon_core.environment:checking '/home/ckl/RM/Combat_vision2026/install/armor_solver' for CMake config files
[0.772s] Level 1:colcon.colcon_core.shell:create_environment_hook('armor_solver', 'cmake_prefix_path')
[0.772s] INFO:colcon.colcon_core.shell:Creating environment hook '/home/ckl/RM/Combat_vision2026/install/armor_solver/share/armor_solver/hook/cmake_prefix_path.ps1'
[0.773s] INFO:colcon.colcon_core.shell:Creating environment descriptor '/home/ckl/RM/Combat_vision2026/install/armor_solver/share/armor_solver/hook/cmake_prefix_path.dsv'
[0.773s] INFO:colcon.colcon_core.shell:Creating environment hook '/home/ckl/RM/Combat_vision2026/install/armor_solver/share/armor_solver/hook/cmake_prefix_path.sh'
[0.773s] Level 1:colcon.colcon_core.environment:checking '/home/ckl/RM/Combat_vision2026/install/armor_solver/lib'
[0.773s] Level 1:colcon.colcon_core.shell:create_environment_hook('armor_solver', 'ld_library_path_lib')
[0.773s] INFO:colcon.colcon_core.shell:Creating environment hook '/home/ckl/RM/Combat_vision2026/install/armor_solver/share/armor_solver/hook/ld_library_path_lib.ps1'
[0.774s] INFO:colcon.colcon_core.shell:Creating environment descriptor '/home/ckl/RM/Combat_vision2026/install/armor_solver/share/armor_solver/hook/ld_library_path_lib.dsv'
[0.774s] INFO:colcon.colcon_core.shell:Creating environment hook '/home/ckl/RM/Combat_vision2026/install/armor_solver/share/armor_solver/hook/ld_library_path_lib.sh'
[0.774s] Level 1:colcon.colcon_core.environment:checking '/home/ckl/RM/Combat_vision2026/install/armor_solver/bin'
[0.774s] Level 1:colcon.colcon_core.environment:checking '/home/ckl/RM/Combat_vision2026/install/armor_solver/lib/pkgconfig/armor_solver.pc'
[0.775s] Level 1:colcon.colcon_core.environment:checking '/home/ckl/RM/Combat_vision2026/install/armor_solver/lib/python3.10/site-packages'
[0.775s] Level 1:colcon.colcon_core.environment:checking '/home/ckl/RM/Combat_vision2026/install/armor_solver/bin'
[0.775s] INFO:colcon.colcon_core.shell:Creating package script '/home/ckl/RM/Combat_vision2026/install/armor_solver/share/armor_solver/package.ps1'
[0.775s] INFO:colcon.colcon_core.shell:Creating package descriptor '/home/ckl/RM/Combat_vision2026/install/armor_solver/share/armor_solver/package.dsv'
[0.776s] INFO:colcon.colcon_core.shell:Creating package script '/home/ckl/RM/Combat_vision2026/install/armor_solver/share/armor_solver/package.sh'
[0.776s] INFO:colcon.colcon_core.shell:Creating package script '/home/ckl/RM/Combat_vision2026/install/armor_solver/share/armor_solver/package.bash'
[0.776s] INFO:colcon.colcon_core.shell:Creating package script '/home/ckl/RM/Combat_vision2026/install/armor_solver/share/armor_solver/package.zsh'
[0.776s] Level 1:colcon.colcon_core.environment:create_file_with_runtime_dependencies(/home/ckl/RM/Combat_vision2026/install/armor_solver/share/colcon-core/packages/armor_solver)
[0.777s] Level 1:colcon.colcon_core.environment:create_environment_scripts_only(armor_solver)
[0.777s] Level 1:colcon.colcon_core.environment:checking '/home/ckl/RM/Combat_vision2026/install/armor_solver' for CMake module files
[0.777s] Level 1:colcon.colcon_core.environment:checking '/home/ckl/RM/Combat_vision2026/install/armor_solver' for CMake config files
[0.778s] Level 1:colcon.colcon_core.shell:create_environment_hook('armor_solver', 'cmake_prefix_path')
[0.778s] INFO:colcon.colcon_core.shell:Creating environment hook '/home/ckl/RM/Combat_vision2026/install/armor_solver/share/armor_solver/hook/cmake_prefix_path.ps1'
[0.778s] INFO:colcon.colcon_core.shell:Creating environment descriptor '/home/ckl/RM/Combat_vision2026/install/armor_solver/share/armor_solver/hook/cmake_prefix_path.dsv'
[0.778s] INFO:colcon.colcon_core.shell:Creating environment hook '/home/ckl/RM/Combat_vision2026/install/armor_solver/share/armor_solver/hook/cmake_prefix_path.sh'
[0.779s] Level 1:colcon.colcon_core.environment:checking '/home/ckl/RM/Combat_vision2026/install/armor_solver/lib'
[0.779s] Level 1:colcon.colcon_core.shell:create_environment_hook('armor_solver', 'ld_library_path_lib')
[0.779s] INFO:colcon.colcon_core.shell:Creating environment hook '/home/ckl/RM/Combat_vision2026/install/armor_solver/share/armor_solver/hook/ld_library_path_lib.ps1'
[0.779s] INFO:colcon.colcon_core.shell:Creating environment descriptor '/home/ckl/RM/Combat_vision2026/install/armor_solver/share/armor_solver/hook/ld_library_path_lib.dsv'
[0.780s] INFO:colcon.colcon_core.shell:Creating environment hook '/home/ckl/RM/Combat_vision2026/install/armor_solver/share/armor_solver/hook/ld_library_path_lib.sh'
[0.780s] Level 1:colcon.colcon_core.environment:checking '/home/ckl/RM/Combat_vision2026/install/armor_solver/bin'
[0.781s] Level 1:colcon.colcon_core.environment:checking '/home/ckl/RM/Combat_vision2026/install/armor_solver/lib/pkgconfig/armor_solver.pc'
[0.781s] Level 1:colcon.colcon_core.environment:checking '/home/ckl/RM/Combat_vision2026/install/armor_solver/lib/python3.10/site-packages'
[0.781s] Level 1:colcon.colcon_core.environment:checking '/home/ckl/RM/Combat_vision2026/install/armor_solver/bin'
[0.781s] INFO:colcon.colcon_core.shell:Creating package script '/home/ckl/RM/Combat_vision2026/install/armor_solver/share/armor_solver/package.ps1'
[0.782s] INFO:colcon.colcon_core.shell:Creating package descriptor '/home/ckl/RM/Combat_vision2026/install/armor_solver/share/armor_solver/package.dsv'
[0.782s] INFO:colcon.colcon_core.shell:Creating package script '/home/ckl/RM/Combat_vision2026/install/armor_solver/share/armor_solver/package.sh'
[0.782s] INFO:colcon.colcon_core.shell:Creating package script '/home/ckl/RM/Combat_vision2026/install/armor_solver/share/armor_solver/package.bash'
[0.783s] INFO:colcon.colcon_core.shell:Creating package script '/home/ckl/RM/Combat_vision2026/install/armor_solver/share/armor_solver/package.zsh'
[0.783s] Level 1:colcon.colcon_core.environment:create_file_with_runtime_dependencies(/home/ckl/RM/Combat_vision2026/install/armor_solver/share/colcon-core/packages/armor_solver)
[0.785s] DEBUG:colcon.colcon_core.event_handler.log_command:Invoked command in '/home/ckl/RM/Combat_vision2026/build/rm_serial_driver' returned '0': AMENT_PREFIX_PATH=/home/ckl/RM/Combat_vision2026/install/rm_utils:/home/ckl/RM/Combat_vision2026/install/rm_interfaces:${AMENT_PREFIX_PATH} CMAKE_PREFIX_PATH=/home/ckl/RM/Combat_vision2026/install/rm_utils:/home/ckl/RM/Combat_vision2026/install/rm_interfaces:/opt/ros/humble LD_LIBRARY_PATH=/home/ckl/RM/Combat_vision2026/install/rm_utils/lib:/home/ckl/RM/Combat_vision2026/install/rm_interfaces/lib:/opt/MVS/lib/64:/opt/MVS/lib/32:/opt/MVS/lib/64:/opt/MVS/lib/32:/opt/MVS/lib/64:/opt/MVS/lib/32:/opt/ros/humble/opt/rviz_ogre_vendor/lib:/opt/ros/humble/lib/x86_64-linux-gnu:/opt/ros/humble/lib:/opt/MVS/lib/64:/opt/MVS/lib/32:/opt/MVS/lib/64:/opt/MVS/lib/32:/opt/MVS/lib/64:/opt/MVS/lib/32 PYTHONPATH=/home/ckl/RM/Combat_vision2026/install/rm_interfaces/local/lib/python3.10/dist-packages:${PYTHONPATH} /usr/bin/cmake --build /home/ckl/RM/Combat_vision2026/build/rm_serial_driver -- -j16 -l16
[0.787s] DEBUG:colcon.colcon_core.event_handler.log_command:Invoking command in '/home/ckl/RM/Combat_vision2026/build/rm_serial_driver': AMENT_PREFIX_PATH=/home/ckl/RM/Combat_vision2026/install/rm_utils:/home/ckl/RM/Combat_vision2026/install/rm_interfaces:${AMENT_PREFIX_PATH} CMAKE_PREFIX_PATH=/home/ckl/RM/Combat_vision2026/install/rm_utils:/home/ckl/RM/Combat_vision2026/install/rm_interfaces:/opt/ros/humble LD_LIBRARY_PATH=/home/ckl/RM/Combat_vision2026/install/rm_utils/lib:/home/ckl/RM/Combat_vision2026/install/rm_interfaces/lib:/opt/MVS/lib/64:/opt/MVS/lib/32:/opt/MVS/lib/64:/opt/MVS/lib/32:/opt/MVS/lib/64:/opt/MVS/lib/32:/opt/ros/humble/opt/rviz_ogre_vendor/lib:/opt/ros/humble/lib/x86_64-linux-gnu:/opt/ros/humble/lib:/opt/MVS/lib/64:/opt/MVS/lib/32:/opt/MVS/lib/64:/opt/MVS/lib/32:/opt/MVS/lib/64:/opt/MVS/lib/32 PYTHONPATH=/home/ckl/RM/Combat_vision2026/install/rm_interfaces/local/lib/python3.10/dist-packages:${PYTHONPATH} /usr/bin/cmake --install /home/ckl/RM/Combat_vision2026/build/rm_serial_driver
[0.794s] Level 1:colcon.colcon_core.environment:create_environment_scripts_only(rm_serial_driver)
[0.794s] Level 1:colcon.colcon_core.environment:checking '/home/ckl/RM/Combat_vision2026/install/rm_serial_driver' for CMake module files
[0.795s] DEBUG:colcon.colcon_core.event_handler.log_command:Invoked command in '/home/ckl/RM/Combat_vision2026/build/rm_serial_driver' returned '0': AMENT_PREFIX_PATH=/home/ckl/RM/Combat_vision2026/install/rm_utils:/home/ckl/RM/Combat_vision2026/install/rm_interfaces:${AMENT_PREFIX_PATH} CMAKE_PREFIX_PATH=/home/ckl/RM/Combat_vision2026/install/rm_utils:/home/ckl/RM/Combat_vision2026/install/rm_interfaces:/opt/ros/humble LD_LIBRARY_PATH=/home/ckl/RM/Combat_vision2026/install/rm_utils/lib:/home/ckl/RM/Combat_vision2026/install/rm_interfaces/lib:/opt/MVS/lib/64:/opt/MVS/lib/32:/opt/MVS/lib/64:/opt/MVS/lib/32:/opt/MVS/lib/64:/opt/MVS/lib/32:/opt/ros/humble/opt/rviz_ogre_vendor/lib:/opt/ros/humble/lib/x86_64-linux-gnu:/opt/ros/humble/lib:/opt/MVS/lib/64:/opt/MVS/lib/32:/opt/MVS/lib/64:/opt/MVS/lib/32:/opt/MVS/lib/64:/opt/MVS/lib/32 PYTHONPATH=/home/ckl/RM/Combat_vision2026/install/rm_interfaces/local/lib/python3.10/dist-packages:${PYTHONPATH} /usr/bin/cmake --install /home/ckl/RM/Combat_vision2026/build/rm_serial_driver
[0.795s] Level 1:colcon.colcon_core.environment:checking '/home/ckl/RM/Combat_vision2026/install/rm_serial_driver' for CMake config files
[0.795s] Level 1:colcon.colcon_core.shell:create_environment_hook('rm_serial_driver', 'cmake_prefix_path')
[0.796s] INFO:colcon.colcon_core.shell:Creating environment hook '/home/ckl/RM/Combat_vision2026/install/rm_serial_driver/share/rm_serial_driver/hook/cmake_prefix_path.ps1'
[0.796s] INFO:colcon.colcon_core.shell:Creating environment descriptor '/home/ckl/RM/Combat_vision2026/install/rm_serial_driver/share/rm_serial_driver/hook/cmake_prefix_path.dsv'
[0.796s] INFO:colcon.colcon_core.shell:Creating environment hook '/home/ckl/RM/Combat_vision2026/install/rm_serial_driver/share/rm_serial_driver/hook/cmake_prefix_path.sh'
[0.797s] Level 1:colcon.colcon_core.environment:checking '/home/ckl/RM/Combat_vision2026/install/rm_serial_driver/lib'
[0.797s] Level 1:colcon.colcon_core.shell:create_environment_hook('rm_serial_driver', 'ld_library_path_lib')
[0.797s] INFO:colcon.colcon_core.shell:Creating environment hook '/home/ckl/RM/Combat_vision2026/install/rm_serial_driver/share/rm_serial_driver/hook/ld_library_path_lib.ps1'
[0.798s] INFO:colcon.colcon_core.shell:Creating environment descriptor '/home/ckl/RM/Combat_vision2026/install/rm_serial_driver/share/rm_serial_driver/hook/ld_library_path_lib.dsv'
[0.798s] INFO:colcon.colcon_core.shell:Creating environment hook '/home/ckl/RM/Combat_vision2026/install/rm_serial_driver/share/rm_serial_driver/hook/ld_library_path_lib.sh'
[0.798s] Level 1:colcon.colcon_core.environment:checking '/home/ckl/RM/Combat_vision2026/install/rm_serial_driver/bin'
[0.798s] Level 1:colcon.colcon_core.environment:checking '/home/ckl/RM/Combat_vision2026/install/rm_serial_driver/lib/pkgconfig/rm_serial_driver.pc'
[0.798s] Level 1:colcon.colcon_core.environment:checking '/home/ckl/RM/Combat_vision2026/install/rm_serial_driver/lib/python3.10/site-packages'
[0.799s] Level 1:colcon.colcon_core.environment:checking '/home/ckl/RM/Combat_vision2026/install/rm_serial_driver/bin'
[0.799s] INFO:colcon.colcon_core.shell:Creating package script '/home/ckl/RM/Combat_vision2026/install/rm_serial_driver/share/rm_serial_driver/package.ps1'
[0.800s] INFO:colcon.colcon_core.shell:Creating package descriptor '/home/ckl/RM/Combat_vision2026/install/rm_serial_driver/share/rm_serial_driver/package.dsv'
[0.800s] INFO:colcon.colcon_core.shell:Creating package script '/home/ckl/RM/Combat_vision2026/install/rm_serial_driver/share/rm_serial_driver/package.sh'
[0.800s] INFO:colcon.colcon_core.shell:Creating package script '/home/ckl/RM/Combat_vision2026/install/rm_serial_driver/share/rm_serial_driver/package.bash'
[0.801s] INFO:colcon.colcon_core.shell:Creating package script '/home/ckl/RM/Combat_vision2026/install/rm_serial_driver/share/rm_serial_driver/package.zsh'
[0.801s] Level 1:colcon.colcon_core.environment:create_file_with_runtime_dependencies(/home/ckl/RM/Combat_vision2026/install/rm_serial_driver/share/colcon-core/packages/rm_serial_driver)
[0.802s] Level 1:colcon.colcon_core.environment:create_environment_scripts_only(rm_serial_driver)
[0.802s] Level 1:colcon.colcon_core.environment:checking '/home/ckl/RM/Combat_vision2026/install/rm_serial_driver' for CMake module files
[0.802s] Level 1:colcon.colcon_core.environment:checking '/home/ckl/RM/Combat_vision2026/install/rm_serial_driver' for CMake config files
[0.803s] Level 1:colcon.colcon_core.shell:create_environment_hook('rm_serial_driver', 'cmake_prefix_path')
[0.803s] INFO:colcon.colcon_core.shell:Creating environment hook '/home/ckl/RM/Combat_vision2026/install/rm_serial_driver/share/rm_serial_driver/hook/cmake_prefix_path.ps1'
[0.804s] INFO:colcon.colcon_core.shell:Creating environment descriptor '/home/ckl/RM/Combat_vision2026/install/rm_serial_driver/share/rm_serial_driver/hook/cmake_prefix_path.dsv'
[0.804s] INFO:colcon.colcon_core.shell:Creating environment hook '/home/ckl/RM/Combat_vision2026/install/rm_serial_driver/share/rm_serial_driver/hook/cmake_prefix_path.sh'
[0.804s] Level 1:colcon.colcon_core.environment:checking '/home/ckl/RM/Combat_vision2026/install/rm_serial_driver/lib'
[0.804s] Level 1:colcon.colcon_core.shell:create_environment_hook('rm_serial_driver', 'ld_library_path_lib')
[0.805s] INFO:colcon.colcon_core.shell:Creating environment hook '/home/ckl/RM/Combat_vision2026/install/rm_serial_driver/share/rm_serial_driver/hook/ld_library_path_lib.ps1'
[0.805s] INFO:colcon.colcon_core.shell:Creating environment descriptor '/home/ckl/RM/Combat_vision2026/install/rm_serial_driver/share/rm_serial_driver/hook/ld_library_path_lib.dsv'
[0.806s] INFO:colcon.colcon_core.shell:Creating environment hook '/home/ckl/RM/Combat_vision2026/install/rm_serial_driver/share/rm_serial_driver/hook/ld_library_path_lib.sh'
[0.806s] Level 1:colcon.colcon_core.environment:checking '/home/ckl/RM/Combat_vision2026/install/rm_serial_driver/bin'
[0.806s] Level 1:colcon.colcon_core.environment:checking '/home/ckl/RM/Combat_vision2026/install/rm_serial_driver/lib/pkgconfig/rm_serial_driver.pc'
[0.806s] Level 1:colcon.colcon_core.environment:checking '/home/ckl/RM/Combat_vision2026/install/rm_serial_driver/lib/python3.10/site-packages'
[0.806s] Level 1:colcon.colcon_core.environment:checking '/home/ckl/RM/Combat_vision2026/install/rm_serial_driver/bin'
[0.807s] INFO:colcon.colcon_core.shell:Creating package script '/home/ckl/RM/Combat_vision2026/install/rm_serial_driver/share/rm_serial_driver/package.ps1'
[0.807s] INFO:colcon.colcon_core.shell:Creating package descriptor '/home/ckl/RM/Combat_vision2026/install/rm_serial_driver/share/rm_serial_driver/package.dsv'
[0.808s] INFO:colcon.colcon_core.shell:Creating package script '/home/ckl/RM/Combat_vision2026/install/rm_serial_driver/share/rm_serial_driver/package.sh'
[0.808s] INFO:colcon.colcon_core.shell:Creating package script '/home/ckl/RM/Combat_vision2026/install/rm_serial_driver/share/rm_serial_driver/package.bash'
[0.808s] INFO:colcon.colcon_core.shell:Creating package script '/home/ckl/RM/Combat_vision2026/install/rm_serial_driver/share/rm_serial_driver/package.zsh'
[0.809s] Level 1:colcon.colcon_core.environment:create_file_with_runtime_dependencies(/home/ckl/RM/Combat_vision2026/install/rm_serial_driver/share/colcon-core/packages/rm_serial_driver)
[28.543s] DEBUG:colcon.colcon_core.event_handler.log_command:Invoked command in '/home/ckl/RM/Combat_vision2026/build/armor_detector' returned '0': AMENT_PREFIX_PATH=/home/ckl/RM/Combat_vision2026/install/rm_utils:/home/ckl/RM/Combat_vision2026/install/rm_interfaces:${AMENT_PREFIX_PATH} CMAKE_PREFIX_PATH=/home/ckl/RM/Combat_vision2026/install/rm_utils:/home/ckl/RM/Combat_vision2026/install/rm_interfaces:/opt/ros/humble LD_LIBRARY_PATH=/home/ckl/RM/Combat_vision2026/install/rm_utils/lib:/home/ckl/RM/Combat_vision2026/install/rm_interfaces/lib:/opt/MVS/lib/64:/opt/MVS/lib/32:/opt/MVS/lib/64:/opt/MVS/lib/32:/opt/MVS/lib/64:/opt/MVS/lib/32:/opt/ros/humble/opt/rviz_ogre_vendor/lib:/opt/ros/humble/lib/x86_64-linux-gnu:/opt/ros/humble/lib:/opt/MVS/lib/64:/opt/MVS/lib/32:/opt/MVS/lib/64:/opt/MVS/lib/32:/opt/MVS/lib/64:/opt/MVS/lib/32 PYTHONPATH=/home/ckl/RM/Combat_vision2026/install/rm_interfaces/local/lib/python3.10/dist-packages:${PYTHONPATH} /usr/bin/cmake --build /home/ckl/RM/Combat_vision2026/build/armor_detector -- -j16 -l16
[28.545s] DEBUG:colcon.colcon_core.event_handler.log_command:Invoking command in '/home/ckl/RM/Combat_vision2026/build/armor_detector': AMENT_PREFIX_PATH=/home/ckl/RM/Combat_vision2026/install/rm_utils:/home/ckl/RM/Combat_vision2026/install/rm_interfaces:${AMENT_PREFIX_PATH} CMAKE_PREFIX_PATH=/home/ckl/RM/Combat_vision2026/install/rm_utils:/home/ckl/RM/Combat_vision2026/install/rm_interfaces:/opt/ros/humble LD_LIBRARY_PATH=/home/ckl/RM/Combat_vision2026/install/rm_utils/lib:/home/ckl/RM/Combat_vision2026/install/rm_interfaces/lib:/opt/MVS/lib/64:/opt/MVS/lib/32:/opt/MVS/lib/64:/opt/MVS/lib/32:/opt/MVS/lib/64:/opt/MVS/lib/32:/opt/ros/humble/opt/rviz_ogre_vendor/lib:/opt/ros/humble/lib/x86_64-linux-gnu:/opt/ros/humble/lib:/opt/MVS/lib/64:/opt/MVS/lib/32:/opt/MVS/lib/64:/opt/MVS/lib/32:/opt/MVS/lib/64:/opt/MVS/lib/32 PYTHONPATH=/home/ckl/RM/Combat_vision2026/install/rm_interfaces/local/lib/python3.10/dist-packages:${PYTHONPATH} /usr/bin/cmake --install /home/ckl/RM/Combat_vision2026/build/armor_detector
[28.570s] Level 1:colcon.colcon_core.environment:create_environment_scripts_only(armor_detector)
[28.570s] Level 1:colcon.colcon_core.environment:checking '/home/ckl/RM/Combat_vision2026/install/armor_detector' for CMake module files
[28.571s] DEBUG:colcon.colcon_core.event_handler.log_command:Invoked command in '/home/ckl/RM/Combat_vision2026/build/armor_detector' returned '0': AMENT_PREFIX_PATH=/home/ckl/RM/Combat_vision2026/install/rm_utils:/home/ckl/RM/Combat_vision2026/install/rm_interfaces:${AMENT_PREFIX_PATH} CMAKE_PREFIX_PATH=/home/ckl/RM/Combat_vision2026/install/rm_utils:/home/ckl/RM/Combat_vision2026/install/rm_interfaces:/opt/ros/humble LD_LIBRARY_PATH=/home/ckl/RM/Combat_vision2026/install/rm_utils/lib:/home/ckl/RM/Combat_vision2026/install/rm_interfaces/lib:/opt/MVS/lib/64:/opt/MVS/lib/32:/opt/MVS/lib/64:/opt/MVS/lib/32:/opt/MVS/lib/64:/opt/MVS/lib/32:/opt/ros/humble/opt/rviz_ogre_vendor/lib:/opt/ros/humble/lib/x86_64-linux-gnu:/opt/ros/humble/lib:/opt/MVS/lib/64:/opt/MVS/lib/32:/opt/MVS/lib/64:/opt/MVS/lib/32:/opt/MVS/lib/64:/opt/MVS/lib/32 PYTHONPATH=/home/ckl/RM/Combat_vision2026/install/rm_interfaces/local/lib/python3.10/dist-packages:${PYTHONPATH} /usr/bin/cmake --install /home/ckl/RM/Combat_vision2026/build/armor_detector
[28.571s] Level 1:colcon.colcon_core.environment:checking '/home/ckl/RM/Combat_vision2026/install/armor_detector' for CMake config files
[28.572s] Level 1:colcon.colcon_core.shell:create_environment_hook('armor_detector', 'cmake_prefix_path')
[28.572s] INFO:colcon.colcon_core.shell:Creating environment hook '/home/ckl/RM/Combat_vision2026/install/armor_detector/share/armor_detector/hook/cmake_prefix_path.ps1'
[28.572s] INFO:colcon.colcon_core.shell:Creating environment descriptor '/home/ckl/RM/Combat_vision2026/install/armor_detector/share/armor_detector/hook/cmake_prefix_path.dsv'
[28.572s] INFO:colcon.colcon_core.shell:Creating environment hook '/home/ckl/RM/Combat_vision2026/install/armor_detector/share/armor_detector/hook/cmake_prefix_path.sh'
[28.573s] Level 1:colcon.colcon_core.environment:checking '/home/ckl/RM/Combat_vision2026/install/armor_detector/lib'
[28.573s] Level 1:colcon.colcon_core.shell:create_environment_hook('armor_detector', 'ld_library_path_lib')
[28.573s] INFO:colcon.colcon_core.shell:Creating environment hook '/home/ckl/RM/Combat_vision2026/install/armor_detector/share/armor_detector/hook/ld_library_path_lib.ps1'
[28.574s] INFO:colcon.colcon_core.shell:Creating environment descriptor '/home/ckl/RM/Combat_vision2026/install/armor_detector/share/armor_detector/hook/ld_library_path_lib.dsv'
[28.574s] INFO:colcon.colcon_core.shell:Creating environment hook '/home/ckl/RM/Combat_vision2026/install/armor_detector/share/armor_detector/hook/ld_library_path_lib.sh'
[28.574s] Level 1:colcon.colcon_core.environment:checking '/home/ckl/RM/Combat_vision2026/install/armor_detector/bin'
[28.574s] Level 1:colcon.colcon_core.environment:checking '/home/ckl/RM/Combat_vision2026/install/armor_detector/lib/pkgconfig/armor_detector.pc'
[28.574s] Level 1:colcon.colcon_core.environment:checking '/home/ckl/RM/Combat_vision2026/install/armor_detector/lib/python3.10/site-packages'
[28.575s] Level 1:colcon.colcon_core.environment:checking '/home/ckl/RM/Combat_vision2026/install/armor_detector/bin'
[28.575s] INFO:colcon.colcon_core.shell:Creating package script '/home/ckl/RM/Combat_vision2026/install/armor_detector/share/armor_detector/package.ps1'
[28.575s] INFO:colcon.colcon_core.shell:Creating package descriptor '/home/ckl/RM/Combat_vision2026/install/armor_detector/share/armor_detector/package.dsv'
[28.576s] INFO:colcon.colcon_core.shell:Creating package script '/home/ckl/RM/Combat_vision2026/install/armor_detector/share/armor_detector/package.sh'
[28.576s] INFO:colcon.colcon_core.shell:Creating package script '/home/ckl/RM/Combat_vision2026/install/armor_detector/share/armor_detector/package.bash'
[28.577s] INFO:colcon.colcon_core.shell:Creating package script '/home/ckl/RM/Combat_vision2026/install/armor_detector/share/armor_detector/package.zsh'
[28.577s] Level 1:colcon.colcon_core.environment:create_file_with_runtime_dependencies(/home/ckl/RM/Combat_vision2026/install/armor_detector/share/colcon-core/packages/armor_detector)
[28.578s] Level 1:colcon.colcon_core.environment:create_environment_scripts_only(armor_detector)
[28.578s] Level 1:colcon.colcon_core.environment:checking '/home/ckl/RM/Combat_vision2026/install/armor_detector' for CMake module files
[28.578s] Level 1:colcon.colcon_core.environment:checking '/home/ckl/RM/Combat_vision2026/install/armor_detector' for CMake config files
[28.578s] Level 1:colcon.colcon_core.shell:create_environment_hook('armor_detector', 'cmake_prefix_path')
[28.579s] INFO:colcon.colcon_core.shell:Creating environment hook '/home/ckl/RM/Combat_vision2026/install/armor_detector/share/armor_detector/hook/cmake_prefix_path.ps1'
[28.579s] INFO:colcon.colcon_core.shell:Creating environment descriptor '/home/ckl/RM/Combat_vision2026/install/armor_detector/share/armor_detector/hook/cmake_prefix_path.dsv'
[28.579s] INFO:colcon.colcon_core.shell:Creating environment hook '/home/ckl/RM/Combat_vision2026/install/armor_detector/share/armor_detector/hook/cmake_prefix_path.sh'
[28.579s] Level 1:colcon.colcon_core.environment:checking '/home/ckl/RM/Combat_vision2026/install/armor_detector/lib'
[28.580s] Level 1:colcon.colcon_core.shell:create_environment_hook('armor_detector', 'ld_library_path_lib')
[28.580s] INFO:colcon.colcon_core.shell:Creating environment hook '/home/ckl/RM/Combat_vision2026/install/armor_detector/share/armor_detector/hook/ld_library_path_lib.ps1'
[28.580s] INFO:colcon.colcon_core.shell:Creating environment descriptor '/home/ckl/RM/Combat_vision2026/install/armor_detector/share/armor_detector/hook/ld_library_path_lib.dsv'
[28.580s] INFO:colcon.colcon_core.shell:Creating environment hook '/home/ckl/RM/Combat_vision2026/install/armor_detector/share/armor_detector/hook/ld_library_path_lib.sh'
[28.580s] Level 1:colcon.colcon_core.environment:checking '/home/ckl/RM/Combat_vision2026/install/armor_detector/bin'
[28.580s] Level 1:colcon.colcon_core.environment:checking '/home/ckl/RM/Combat_vision2026/install/armor_detector/lib/pkgconfig/armor_detector.pc'
[28.581s] Level 1:colcon.colcon_core.environment:checking '/home/ckl/RM/Combat_vision2026/install/armor_detector/lib/python3.10/site-packages'
[28.581s] Level 1:colcon.colcon_core.environment:checking '/home/ckl/RM/Combat_vision2026/install/armor_detector/bin'
[28.581s] INFO:colcon.colcon_core.shell:Creating package script '/home/ckl/RM/Combat_vision2026/install/armor_detector/share/armor_detector/package.ps1'
[28.581s] INFO:colcon.colcon_core.shell:Creating package descriptor '/home/ckl/RM/Combat_vision2026/install/armor_detector/share/armor_detector/package.dsv'
[28.582s] INFO:colcon.colcon_core.shell:Creating package script '/home/ckl/RM/Combat_vision2026/install/armor_detector/share/armor_detector/package.sh'
[28.582s] INFO:colcon.colcon_core.shell:Creating package script '/home/ckl/RM/Combat_vision2026/install/armor_detector/share/armor_detector/package.bash'
[28.582s] INFO:colcon.colcon_core.shell:Creating package script '/home/ckl/RM/Combat_vision2026/install/armor_detector/share/armor_detector/package.zsh'
[28.583s] Level 1:colcon.colcon_core.environment:create_file_with_runtime_dependencies(/home/ckl/RM/Combat_vision2026/install/armor_detector/share/colcon-core/packages/armor_detector)
[28.583s] INFO:colcon.colcon_ros.task.ament_cmake.build:Building ROS package in '/home/ckl/RM/Combat_vision2026/src/rm_auto_aim/rm_auto_aim' with build type 'ament_cmake'
[28.583s] INFO:colcon.colcon_cmake.task.cmake.build:Building CMake package in '/home/ckl/RM/Combat_vision2026/src/rm_auto_aim/rm_auto_aim'
[28.583s] INFO:colcon.colcon_core.shell:Skip shell extension 'powershell' for command environment: Not usable outside of PowerShell
[28.583s] DEBUG:colcon.colcon_core.shell:Skip shell extension 'dsv' for command environment
[28.635s] DEBUG:colcon.colcon_core.event_handler.log_command:Invoking command in '/home/ckl/RM/Combat_vision2026/build/rm_auto_aim': AMENT_PREFIX_PATH=/home/ckl/RM/Combat_vision2026/install/armor_solver:/home/ckl/RM/Combat_vision2026/install/armor_detector:/home/ckl/RM/Combat_vision2026/install/rm_utils:/home/ckl/RM/Combat_vision2026/install/rm_interfaces:${AMENT_PREFIX_PATH} CMAKE_PREFIX_PATH=/home/ckl/RM/Combat_vision2026/install/armor_solver:/home/ckl/RM/Combat_vision2026/install/armor_detector:/home/ckl/RM/Combat_vision2026/install/rm_utils:/home/ckl/RM/Combat_vision2026/install/rm_interfaces:/opt/ros/humble LD_LIBRARY_PATH=/home/ckl/RM/Combat_vision2026/install/armor_solver/lib:/home/ckl/RM/Combat_vision2026/install/armor_detector/lib:/home/ckl/RM/Combat_vision2026/install/rm_utils/lib:/home/ckl/RM/Combat_vision2026/install/rm_interfaces/lib:/opt/MVS/lib/64:/opt/MVS/lib/32:/opt/MVS/lib/64:/opt/MVS/lib/32:/opt/MVS/lib/64:/opt/MVS/lib/32:/opt/ros/humble/opt/rviz_ogre_vendor/lib:/opt/ros/humble/lib/x86_64-linux-gnu:/opt/ros/humble/lib:/opt/MVS/lib/64:/opt/MVS/lib/32:/opt/MVS/lib/64:/opt/MVS/lib/32:/opt/MVS/lib/64:/opt/MVS/lib/32 PYTHONPATH=/home/ckl/RM/Combat_vision2026/install/rm_interfaces/local/lib/python3.10/dist-packages:${PYTHONPATH} /usr/bin/cmake --build /home/ckl/RM/Combat_vision2026/build/rm_auto_aim -- -j16 -l16
[28.667s] DEBUG:colcon.colcon_core.event_handler.log_command:Invoked command in '/home/ckl/RM/Combat_vision2026/build/rm_auto_aim' returned '0': AMENT_PREFIX_PATH=/home/ckl/RM/Combat_vision2026/install/armor_solver:/home/ckl/RM/Combat_vision2026/install/armor_detector:/home/ckl/RM/Combat_vision2026/install/rm_utils:/home/ckl/RM/Combat_vision2026/install/rm_interfaces:${AMENT_PREFIX_PATH} CMAKE_PREFIX_PATH=/home/ckl/RM/Combat_vision2026/install/armor_solver:/home/ckl/RM/Combat_vision2026/install/armor_detector:/home/ckl/RM/Combat_vision2026/install/rm_utils:/home/ckl/RM/Combat_vision2026/install/rm_interfaces:/opt/ros/humble LD_LIBRARY_PATH=/home/ckl/RM/Combat_vision2026/install/armor_solver/lib:/home/ckl/RM/Combat_vision2026/install/armor_detector/lib:/home/ckl/RM/Combat_vision2026/install/rm_utils/lib:/home/ckl/RM/Combat_vision2026/install/rm_interfaces/lib:/opt/MVS/lib/64:/opt/MVS/lib/32:/opt/MVS/lib/64:/opt/MVS/lib/32:/opt/MVS/lib/64:/opt/MVS/lib/32:/opt/ros/humble/opt/rviz_ogre_vendor/lib:/opt/ros/humble/lib/x86_64-linux-gnu:/opt/ros/humble/lib:/opt/MVS/lib/64:/opt/MVS/lib/32:/opt/MVS/lib/64:/opt/MVS/lib/32:/opt/MVS/lib/64:/opt/MVS/lib/32 PYTHONPATH=/home/ckl/RM/Combat_vision2026/install/rm_interfaces/local/lib/python3.10/dist-packages:${PYTHONPATH} /usr/bin/cmake --build /home/ckl/RM/Combat_vision2026/build/rm_auto_aim -- -j16 -l16
[28.672s] DEBUG:colcon.colcon_core.event_handler.log_command:Invoking command in '/home/ckl/RM/Combat_vision2026/build/rm_auto_aim': AMENT_PREFIX_PATH=/home/ckl/RM/Combat_vision2026/install/armor_solver:/home/ckl/RM/Combat_vision2026/install/armor_detector:/home/ckl/RM/Combat_vision2026/install/rm_utils:/home/ckl/RM/Combat_vision2026/install/rm_interfaces:${AMENT_PREFIX_PATH} CMAKE_PREFIX_PATH=/home/ckl/RM/Combat_vision2026/install/armor_solver:/home/ckl/RM/Combat_vision2026/install/armor_detector:/home/ckl/RM/Combat_vision2026/install/rm_utils:/home/ckl/RM/Combat_vision2026/install/rm_interfaces:/opt/ros/humble LD_LIBRARY_PATH=/home/ckl/RM/Combat_vision2026/install/armor_solver/lib:/home/ckl/RM/Combat_vision2026/install/armor_detector/lib:/home/ckl/RM/Combat_vision2026/install/rm_utils/lib:/home/ckl/RM/Combat_vision2026/install/rm_interfaces/lib:/opt/MVS/lib/64:/opt/MVS/lib/32:/opt/MVS/lib/64:/opt/MVS/lib/32:/opt/MVS/lib/64:/opt/MVS/lib/32:/opt/ros/humble/opt/rviz_ogre_vendor/lib:/opt/ros/humble/lib/x86_64-linux-gnu:/opt/ros/humble/lib:/opt/MVS/lib/64:/opt/MVS/lib/32:/opt/MVS/lib/64:/opt/MVS/lib/32:/opt/MVS/lib/64:/opt/MVS/lib/32 PYTHONPATH=/home/ckl/RM/Combat_vision2026/install/rm_interfaces/local/lib/python3.10/dist-packages:${PYTHONPATH} /usr/bin/cmake --install /home/ckl/RM/Combat_vision2026/build/rm_auto_aim
[28.684s] Level 1:colcon.colcon_core.environment:create_environment_scripts_only(rm_auto_aim)
[28.685s] Level 1:colcon.colcon_core.environment:checking '/home/ckl/RM/Combat_vision2026/install/rm_auto_aim' for CMake module files
[28.685s] DEBUG:colcon.colcon_core.event_handler.log_command:Invoked command in '/home/ckl/RM/Combat_vision2026/build/rm_auto_aim' returned '0': AMENT_PREFIX_PATH=/home/ckl/RM/Combat_vision2026/install/armor_solver:/home/ckl/RM/Combat_vision2026/install/armor_detector:/home/ckl/RM/Combat_vision2026/install/rm_utils:/home/ckl/RM/Combat_vision2026/install/rm_interfaces:${AMENT_PREFIX_PATH} CMAKE_PREFIX_PATH=/home/ckl/RM/Combat_vision2026/install/armor_solver:/home/ckl/RM/Combat_vision2026/install/armor_detector:/home/ckl/RM/Combat_vision2026/install/rm_utils:/home/ckl/RM/Combat_vision2026/install/rm_interfaces:/opt/ros/humble LD_LIBRARY_PATH=/home/ckl/RM/Combat_vision2026/install/armor_solver/lib:/home/ckl/RM/Combat_vision2026/install/armor_detector/lib:/home/ckl/RM/Combat_vision2026/install/rm_utils/lib:/home/ckl/RM/Combat_vision2026/install/rm_interfaces/lib:/opt/MVS/lib/64:/opt/MVS/lib/32:/opt/MVS/lib/64:/opt/MVS/lib/32:/opt/MVS/lib/64:/opt/MVS/lib/32:/opt/ros/humble/opt/rviz_ogre_vendor/lib:/opt/ros/humble/lib/x86_64-linux-gnu:/opt/ros/humble/lib:/opt/MVS/lib/64:/opt/MVS/lib/32:/opt/MVS/lib/64:/opt/MVS/lib/32:/opt/MVS/lib/64:/opt/MVS/lib/32 PYTHONPATH=/home/ckl/RM/Combat_vision2026/install/rm_interfaces/local/lib/python3.10/dist-packages:${PYTHONPATH} /usr/bin/cmake --install /home/ckl/RM/Combat_vision2026/build/rm_auto_aim
[28.685s] Level 1:colcon.colcon_core.environment:checking '/home/ckl/RM/Combat_vision2026/install/rm_auto_aim' for CMake config files
[28.685s] Level 1:colcon.colcon_core.shell:create_environment_hook('rm_auto_aim', 'cmake_prefix_path')
[28.685s] INFO:colcon.colcon_core.shell:Creating environment hook '/home/ckl/RM/Combat_vision2026/install/rm_auto_aim/share/rm_auto_aim/hook/cmake_prefix_path.ps1'
[28.686s] INFO:colcon.colcon_core.shell:Creating environment descriptor '/home/ckl/RM/Combat_vision2026/install/rm_auto_aim/share/rm_auto_aim/hook/cmake_prefix_path.dsv'
[28.686s] INFO:colcon.colcon_core.shell:Creating environment hook '/home/ckl/RM/Combat_vision2026/install/rm_auto_aim/share/rm_auto_aim/hook/cmake_prefix_path.sh'
[28.686s] Level 1:colcon.colcon_core.environment:checking '/home/ckl/RM/Combat_vision2026/install/rm_auto_aim/bin'
[28.686s] Level 1:colcon.colcon_core.environment:checking '/home/ckl/RM/Combat_vision2026/install/rm_auto_aim/lib/pkgconfig/rm_auto_aim.pc'
[28.687s] Level 1:colcon.colcon_core.environment:checking '/home/ckl/RM/Combat_vision2026/install/rm_auto_aim/lib/python3.10/site-packages'
[28.687s] Level 1:colcon.colcon_core.environment:checking '/home/ckl/RM/Combat_vision2026/install/rm_auto_aim/bin'
[28.687s] INFO:colcon.colcon_core.shell:Creating package script '/home/ckl/RM/Combat_vision2026/install/rm_auto_aim/share/rm_auto_aim/package.ps1'
[28.687s] INFO:colcon.colcon_core.shell:Creating package descriptor '/home/ckl/RM/Combat_vision2026/install/rm_auto_aim/share/rm_auto_aim/package.dsv'
[28.688s] INFO:colcon.colcon_core.shell:Creating package script '/home/ckl/RM/Combat_vision2026/install/rm_auto_aim/share/rm_auto_aim/package.sh'
[28.688s] INFO:colcon.colcon_core.shell:Creating package script '/home/ckl/RM/Combat_vision2026/install/rm_auto_aim/share/rm_auto_aim/package.bash'
[28.688s] INFO:colcon.colcon_core.shell:Creating package script '/home/ckl/RM/Combat_vision2026/install/rm_auto_aim/share/rm_auto_aim/package.zsh'
[28.688s] Level 1:colcon.colcon_core.environment:create_file_with_runtime_dependencies(/home/ckl/RM/Combat_vision2026/install/rm_auto_aim/share/colcon-core/packages/rm_auto_aim)
[28.689s] Level 1:colcon.colcon_core.environment:create_environment_scripts_only(rm_auto_aim)
[28.689s] Level 1:colcon.colcon_core.environment:checking '/home/ckl/RM/Combat_vision2026/install/rm_auto_aim' for CMake module files
[28.689s] Level 1:colcon.colcon_core.environment:checking '/home/ckl/RM/Combat_vision2026/install/rm_auto_aim' for CMake config files
[28.689s] Level 1:colcon.colcon_core.shell:create_environment_hook('rm_auto_aim', 'cmake_prefix_path')
[28.690s] INFO:colcon.colcon_core.shell:Creating environment hook '/home/ckl/RM/Combat_vision2026/install/rm_auto_aim/share/rm_auto_aim/hook/cmake_prefix_path.ps1'
[28.690s] INFO:colcon.colcon_core.shell:Creating environment descriptor '/home/ckl/RM/Combat_vision2026/install/rm_auto_aim/share/rm_auto_aim/hook/cmake_prefix_path.dsv'
[28.690s] INFO:colcon.colcon_core.shell:Creating environment hook '/home/ckl/RM/Combat_vision2026/install/rm_auto_aim/share/rm_auto_aim/hook/cmake_prefix_path.sh'
[28.690s] Level 1:colcon.colcon_core.environment:checking '/home/ckl/RM/Combat_vision2026/install/rm_auto_aim/bin'
[28.690s] Level 1:colcon.colcon_core.environment:checking '/home/ckl/RM/Combat_vision2026/install/rm_auto_aim/lib/pkgconfig/rm_auto_aim.pc'
[28.691s] Level 1:colcon.colcon_core.environment:checking '/home/ckl/RM/Combat_vision2026/install/rm_auto_aim/lib/python3.10/site-packages'
[28.691s] Level 1:colcon.colcon_core.environment:checking '/home/ckl/RM/Combat_vision2026/install/rm_auto_aim/bin'
[28.691s] INFO:colcon.colcon_core.shell:Creating package script '/home/ckl/RM/Combat_vision2026/install/rm_auto_aim/share/rm_auto_aim/package.ps1'
[28.691s] INFO:colcon.colcon_core.shell:Creating package descriptor '/home/ckl/RM/Combat_vision2026/install/rm_auto_aim/share/rm_auto_aim/package.dsv'
[28.692s] INFO:colcon.colcon_core.shell:Creating package script '/home/ckl/RM/Combat_vision2026/install/rm_auto_aim/share/rm_auto_aim/package.sh'
[28.692s] INFO:colcon.colcon_core.shell:Creating package script '/home/ckl/RM/Combat_vision2026/install/rm_auto_aim/share/rm_auto_aim/package.bash'
[28.692s] INFO:colcon.colcon_core.shell:Creating package script '/home/ckl/RM/Combat_vision2026/install/rm_auto_aim/share/rm_auto_aim/package.zsh'
[28.692s] Level 1:colcon.colcon_core.environment:create_file_with_runtime_dependencies(/home/ckl/RM/Combat_vision2026/install/rm_auto_aim/share/colcon-core/packages/rm_auto_aim)
[28.693s] INFO:colcon.colcon_ros.task.ament_cmake.build:Building ROS package in '/home/ckl/RM/Combat_vision2026/src/rm_bringup' with build type 'ament_cmake'
[28.693s] INFO:colcon.colcon_cmake.task.cmake.build:Building CMake package in '/home/ckl/RM/Combat_vision2026/src/rm_bringup'
[28.693s] INFO:colcon.colcon_core.shell:Skip shell extension 'powershell' for command environment: Not usable outside of PowerShell
[28.693s] DEBUG:colcon.colcon_core.shell:Skip shell extension 'dsv' for command environment
[28.739s] DEBUG:colcon.colcon_core.event_handler.log_command:Invoking command in '/home/ckl/RM/Combat_vision2026/build/rm_bringup': AMENT_PREFIX_PATH=/home/ckl/RM/Combat_vision2026/install/rm_auto_aim:/home/ckl/RM/Combat_vision2026/install/rm_serial_driver:/home/ckl/RM/Combat_vision2026/install/armor_solver:/home/ckl/RM/Combat_vision2026/install/armor_detector:/home/ckl/RM/Combat_vision2026/install/rm_utils:/home/ckl/RM/Combat_vision2026/install/rm_interfaces:${AMENT_PREFIX_PATH} CMAKE_PREFIX_PATH=/home/ckl/RM/Combat_vision2026/install/rm_auto_aim:/home/ckl/RM/Combat_vision2026/install/rm_serial_driver:/home/ckl/RM/Combat_vision2026/install/armor_solver:/home/ckl/RM/Combat_vision2026/install/armor_detector:/home/ckl/RM/Combat_vision2026/install/rm_utils:/home/ckl/RM/Combat_vision2026/install/rm_interfaces:/opt/ros/humble LD_LIBRARY_PATH=/home/ckl/RM/Combat_vision2026/install/rm_serial_driver/lib:/home/ckl/RM/Combat_vision2026/install/armor_solver/lib:/home/ckl/RM/Combat_vision2026/install/armor_detector/lib:/home/ckl/RM/Combat_vision2026/install/rm_utils/lib:/home/ckl/RM/Combat_vision2026/install/rm_interfaces/lib:/opt/MVS/lib/64:/opt/MVS/lib/32:/opt/MVS/lib/64:/opt/MVS/lib/32:/opt/MVS/lib/64:/opt/MVS/lib/32:/opt/ros/humble/opt/rviz_ogre_vendor/lib:/opt/ros/humble/lib/x86_64-linux-gnu:/opt/ros/humble/lib:/opt/MVS/lib/64:/opt/MVS/lib/32:/opt/MVS/lib/64:/opt/MVS/lib/32:/opt/MVS/lib/64:/opt/MVS/lib/32 PYTHONPATH=/home/ckl/RM/Combat_vision2026/install/rm_interfaces/local/lib/python3.10/dist-packages:${PYTHONPATH} /usr/bin/cmake --build /home/ckl/RM/Combat_vision2026/build/rm_bringup -- -j16 -l16
[28.769s] DEBUG:colcon.colcon_core.event_handler.log_command:Invoked command in '/home/ckl/RM/Combat_vision2026/build/rm_bringup' returned '0': AMENT_PREFIX_PATH=/home/ckl/RM/Combat_vision2026/install/rm_auto_aim:/home/ckl/RM/Combat_vision2026/install/rm_serial_driver:/home/ckl/RM/Combat_vision2026/install/armor_solver:/home/ckl/RM/Combat_vision2026/install/armor_detector:/home/ckl/RM/Combat_vision2026/install/rm_utils:/home/ckl/RM/Combat_vision2026/install/rm_interfaces:${AMENT_PREFIX_PATH} CMAKE_PREFIX_PATH=/home/ckl/RM/Combat_vision2026/install/rm_auto_aim:/home/ckl/RM/Combat_vision2026/install/rm_serial_driver:/home/ckl/RM/Combat_vision2026/install/armor_solver:/home/ckl/RM/Combat_vision2026/install/armor_detector:/home/ckl/RM/Combat_vision2026/install/rm_utils:/home/ckl/RM/Combat_vision2026/install/rm_interfaces:/opt/ros/humble LD_LIBRARY_PATH=/home/ckl/RM/Combat_vision2026/install/rm_serial_driver/lib:/home/ckl/RM/Combat_vision2026/install/armor_solver/lib:/home/ckl/RM/Combat_vision2026/install/armor_detector/lib:/home/ckl/RM/Combat_vision2026/install/rm_utils/lib:/home/ckl/RM/Combat_vision2026/install/rm_interfaces/lib:/opt/MVS/lib/64:/opt/MVS/lib/32:/opt/MVS/lib/64:/opt/MVS/lib/32:/opt/MVS/lib/64:/opt/MVS/lib/32:/opt/ros/humble/opt/rviz_ogre_vendor/lib:/opt/ros/humble/lib/x86_64-linux-gnu:/opt/ros/humble/lib:/opt/MVS/lib/64:/opt/MVS/lib/32:/opt/MVS/lib/64:/opt/MVS/lib/32:/opt/MVS/lib/64:/opt/MVS/lib/32 PYTHONPATH=/home/ckl/RM/Combat_vision2026/install/rm_interfaces/local/lib/python3.10/dist-packages:${PYTHONPATH} /usr/bin/cmake --build /home/ckl/RM/Combat_vision2026/build/rm_bringup -- -j16 -l16
[28.773s] DEBUG:colcon.colcon_core.event_handler.log_command:Invoking command in '/home/ckl/RM/Combat_vision2026/build/rm_bringup': AMENT_PREFIX_PATH=/home/ckl/RM/Combat_vision2026/install/rm_auto_aim:/home/ckl/RM/Combat_vision2026/install/rm_serial_driver:/home/ckl/RM/Combat_vision2026/install/armor_solver:/home/ckl/RM/Combat_vision2026/install/armor_detector:/home/ckl/RM/Combat_vision2026/install/rm_utils:/home/ckl/RM/Combat_vision2026/install/rm_interfaces:${AMENT_PREFIX_PATH} CMAKE_PREFIX_PATH=/home/ckl/RM/Combat_vision2026/install/rm_auto_aim:/home/ckl/RM/Combat_vision2026/install/rm_serial_driver:/home/ckl/RM/Combat_vision2026/install/armor_solver:/home/ckl/RM/Combat_vision2026/install/armor_detector:/home/ckl/RM/Combat_vision2026/install/rm_utils:/home/ckl/RM/Combat_vision2026/install/rm_interfaces:/opt/ros/humble LD_LIBRARY_PATH=/home/ckl/RM/Combat_vision2026/install/rm_serial_driver/lib:/home/ckl/RM/Combat_vision2026/install/armor_solver/lib:/home/ckl/RM/Combat_vision2026/install/armor_detector/lib:/home/ckl/RM/Combat_vision2026/install/rm_utils/lib:/home/ckl/RM/Combat_vision2026/install/rm_interfaces/lib:/opt/MVS/lib/64:/opt/MVS/lib/32:/opt/MVS/lib/64:/opt/MVS/lib/32:/opt/MVS/lib/64:/opt/MVS/lib/32:/opt/ros/humble/opt/rviz_ogre_vendor/lib:/opt/ros/humble/lib/x86_64-linux-gnu:/opt/ros/humble/lib:/opt/MVS/lib/64:/opt/MVS/lib/32:/opt/MVS/lib/64:/opt/MVS/lib/32:/opt/MVS/lib/64:/opt/MVS/lib/32 PYTHONPATH=/home/ckl/RM/Combat_vision2026/install/rm_interfaces/local/lib/python3.10/dist-packages:${PYTHONPATH} /usr/bin/cmake --install /home/ckl/RM/Combat_vision2026/build/rm_bringup
[28.784s] Level 1:colcon.colcon_core.environment:create_environment_scripts_only(rm_bringup)
[28.784s] Level 1:colcon.colcon_core.environment:checking '/home/ckl/RM/Combat_vision2026/install/rm_bringup' for CMake module files
[28.784s] DEBUG:colcon.colcon_core.event_handler.log_command:Invoked command in '/home/ckl/RM/Combat_vision2026/build/rm_bringup' returned '0': AMENT_PREFIX_PATH=/home/ckl/RM/Combat_vision2026/install/rm_auto_aim:/home/ckl/RM/Combat_vision2026/install/rm_serial_driver:/home/ckl/RM/Combat_vision2026/install/armor_solver:/home/ckl/RM/Combat_vision2026/install/armor_detector:/home/ckl/RM/Combat_vision2026/install/rm_utils:/home/ckl/RM/Combat_vision2026/install/rm_interfaces:${AMENT_PREFIX_PATH} CMAKE_PREFIX_PATH=/home/ckl/RM/Combat_vision2026/install/rm_auto_aim:/home/ckl/RM/Combat_vision2026/install/rm_serial_driver:/home/ckl/RM/Combat_vision2026/install/armor_solver:/home/ckl/RM/Combat_vision2026/install/armor_detector:/home/ckl/RM/Combat_vision2026/install/rm_utils:/home/ckl/RM/Combat_vision2026/install/rm_interfaces:/opt/ros/humble LD_LIBRARY_PATH=/home/ckl/RM/Combat_vision2026/install/rm_serial_driver/lib:/home/ckl/RM/Combat_vision2026/install/armor_solver/lib:/home/ckl/RM/Combat_vision2026/install/armor_detector/lib:/home/ckl/RM/Combat_vision2026/install/rm_utils/lib:/home/ckl/RM/Combat_vision2026/install/rm_interfaces/lib:/opt/MVS/lib/64:/opt/MVS/lib/32:/opt/MVS/lib/64:/opt/MVS/lib/32:/opt/MVS/lib/64:/opt/MVS/lib/32:/opt/ros/humble/opt/rviz_ogre_vendor/lib:/opt/ros/humble/lib/x86_64-linux-gnu:/opt/ros/humble/lib:/opt/MVS/lib/64:/opt/MVS/lib/32:/opt/MVS/lib/64:/opt/MVS/lib/32:/opt/MVS/lib/64:/opt/MVS/lib/32 PYTHONPATH=/home/ckl/RM/Combat_vision2026/install/rm_interfaces/local/lib/python3.10/dist-packages:${PYTHONPATH} /usr/bin/cmake --install /home/ckl/RM/Combat_vision2026/build/rm_bringup
[28.784s] Level 1:colcon.colcon_core.environment:checking '/home/ckl/RM/Combat_vision2026/install/rm_bringup' for CMake config files
[28.785s] Level 1:colcon.colcon_core.shell:create_environment_hook('rm_bringup', 'cmake_prefix_path')
[28.785s] INFO:colcon.colcon_core.shell:Creating environment hook '/home/ckl/RM/Combat_vision2026/install/rm_bringup/share/rm_bringup/hook/cmake_prefix_path.ps1'
[28.785s] INFO:colcon.colcon_core.shell:Creating environment descriptor '/home/ckl/RM/Combat_vision2026/install/rm_bringup/share/rm_bringup/hook/cmake_prefix_path.dsv'
[28.785s] INFO:colcon.colcon_core.shell:Creating environment hook '/home/ckl/RM/Combat_vision2026/install/rm_bringup/share/rm_bringup/hook/cmake_prefix_path.sh'
[28.786s] Level 1:colcon.colcon_core.environment:checking '/home/ckl/RM/Combat_vision2026/install/rm_bringup/bin'
[28.786s] Level 1:colcon.colcon_core.environment:checking '/home/ckl/RM/Combat_vision2026/install/rm_bringup/lib/pkgconfig/rm_bringup.pc'
[28.786s] Level 1:colcon.colcon_core.environment:checking '/home/ckl/RM/Combat_vision2026/install/rm_bringup/lib/python3.10/site-packages'
[28.786s] Level 1:colcon.colcon_core.environment:checking '/home/ckl/RM/Combat_vision2026/install/rm_bringup/bin'
[28.786s] INFO:colcon.colcon_core.shell:Creating package script '/home/ckl/RM/Combat_vision2026/install/rm_bringup/share/rm_bringup/package.ps1'
[28.787s] INFO:colcon.colcon_core.shell:Creating package descriptor '/home/ckl/RM/Combat_vision2026/install/rm_bringup/share/rm_bringup/package.dsv'
[28.787s] INFO:colcon.colcon_core.shell:Creating package script '/home/ckl/RM/Combat_vision2026/install/rm_bringup/share/rm_bringup/package.sh'
[28.787s] INFO:colcon.colcon_core.shell:Creating package script '/home/ckl/RM/Combat_vision2026/install/rm_bringup/share/rm_bringup/package.bash'
[28.787s] INFO:colcon.colcon_core.shell:Creating package script '/home/ckl/RM/Combat_vision2026/install/rm_bringup/share/rm_bringup/package.zsh'
[28.788s] Level 1:colcon.colcon_core.environment:create_file_with_runtime_dependencies(/home/ckl/RM/Combat_vision2026/install/rm_bringup/share/colcon-core/packages/rm_bringup)
[28.788s] Level 1:colcon.colcon_core.environment:create_environment_scripts_only(rm_bringup)
[28.788s] Level 1:colcon.colcon_core.environment:checking '/home/ckl/RM/Combat_vision2026/install/rm_bringup' for CMake module files
[28.788s] Level 1:colcon.colcon_core.environment:checking '/home/ckl/RM/Combat_vision2026/install/rm_bringup' for CMake config files
[28.789s] Level 1:colcon.colcon_core.shell:create_environment_hook('rm_bringup', 'cmake_prefix_path')
[28.789s] INFO:colcon.colcon_core.shell:Creating environment hook '/home/ckl/RM/Combat_vision2026/install/rm_bringup/share/rm_bringup/hook/cmake_prefix_path.ps1'
[28.789s] INFO:colcon.colcon_core.shell:Creating environment descriptor '/home/ckl/RM/Combat_vision2026/install/rm_bringup/share/rm_bringup/hook/cmake_prefix_path.dsv'
[28.789s] INFO:colcon.colcon_core.shell:Creating environment hook '/home/ckl/RM/Combat_vision2026/install/rm_bringup/share/rm_bringup/hook/cmake_prefix_path.sh'
[28.790s] Level 1:colcon.colcon_core.environment:checking '/home/ckl/RM/Combat_vision2026/install/rm_bringup/bin'
[28.790s] Level 1:colcon.colcon_core.environment:checking '/home/ckl/RM/Combat_vision2026/install/rm_bringup/lib/pkgconfig/rm_bringup.pc'
[28.790s] Level 1:colcon.colcon_core.environment:checking '/home/ckl/RM/Combat_vision2026/install/rm_bringup/lib/python3.10/site-packages'
[28.790s] Level 1:colcon.colcon_core.environment:checking '/home/ckl/RM/Combat_vision2026/install/rm_bringup/bin'
[28.790s] INFO:colcon.colcon_core.shell:Creating package script '/home/ckl/RM/Combat_vision2026/install/rm_bringup/share/rm_bringup/package.ps1'
[28.791s] INFO:colcon.colcon_core.shell:Creating package descriptor '/home/ckl/RM/Combat_vision2026/install/rm_bringup/share/rm_bringup/package.dsv'
[28.791s] INFO:colcon.colcon_core.shell:Creating package script '/home/ckl/RM/Combat_vision2026/install/rm_bringup/share/rm_bringup/package.sh'
[28.791s] INFO:colcon.colcon_core.shell:Creating package script '/home/ckl/RM/Combat_vision2026/install/rm_bringup/share/rm_bringup/package.bash'
[28.791s] INFO:colcon.colcon_core.shell:Creating package script '/home/ckl/RM/Combat_vision2026/install/rm_bringup/share/rm_bringup/package.zsh'
[28.792s] Level 1:colcon.colcon_core.environment:create_file_with_runtime_dependencies(/home/ckl/RM/Combat_vision2026/install/rm_bringup/share/colcon-core/packages/rm_bringup)
[28.792s] DEBUG:colcon.colcon_parallel_executor.executor.parallel:closing loop
[28.792s] DEBUG:colcon.colcon_parallel_executor.executor.parallel:loop closed
[28.792s] DEBUG:colcon.colcon_parallel_executor.executor.parallel:run_until_complete finished with '0'
[28.792s] DEBUG:colcon.colcon_core.event_reactor:joining thread
[28.797s] INFO:colcon.colcon_core.plugin_system:Skipping extension 'colcon_notification.desktop_notification.terminal_notifier': Not used on non-Darwin systems
[28.797s] INFO:colcon.colcon_core.plugin_system:Skipping extension 'colcon_notification.desktop_notification.win32': Not used on non-Windows systems
[28.797s] INFO:colcon.colcon_notification.desktop_notification:Sending desktop notification using 'notify2'
[28.807s] DEBUG:colcon.colcon_core.event_reactor:joined thread
[28.808s] INFO:colcon.colcon_core.shell:Creating prefix script '/home/ckl/RM/Combat_vision2026/install/local_setup.ps1'
[28.809s] INFO:colcon.colcon_core.shell:Creating prefix util module '/home/ckl/RM/Combat_vision2026/install/_local_setup_util_ps1.py'
[28.810s] INFO:colcon.colcon_core.shell:Creating prefix chain script '/home/ckl/RM/Combat_vision2026/install/setup.ps1'
[28.811s] INFO:colcon.colcon_core.shell:Creating prefix script '/home/ckl/RM/Combat_vision2026/install/local_setup.sh'
[28.811s] INFO:colcon.colcon_core.shell:Creating prefix util module '/home/ckl/RM/Combat_vision2026/install/_local_setup_util_sh.py'
[28.812s] INFO:colcon.colcon_core.shell:Creating prefix chain script '/home/ckl/RM/Combat_vision2026/install/setup.sh'
[28.812s] INFO:colcon.colcon_core.shell:Creating prefix script '/home/ckl/RM/Combat_vision2026/install/local_setup.bash'
[28.813s] INFO:colcon.colcon_core.shell:Creating prefix chain script '/home/ckl/RM/Combat_vision2026/install/setup.bash'
[28.813s] INFO:colcon.colcon_core.shell:Creating prefix script '/home/ckl/RM/Combat_vision2026/install/local_setup.zsh'
[28.814s] INFO:colcon.colcon_core.shell:Creating prefix chain script '/home/ckl/RM/Combat_vision2026/install/setup.zsh'
