[0.019s] Invoking command in '/home/ckl/RM/Combat_vision2026/build/rm_interfaces': CMAKE_PREFIX_PATH=${CMAKE_PREFIX_PATH}:/opt/ros/humble /usr/bin/cmake /home/ckl/RM/Combat_vision2026/src/rm_interfaces -DCMAKE_INSTALL_PREFIX=/home/ckl/RM/Combat_vision2026/install/rm_interfaces
[0.036s] [0mCMake Deprecation Warning at CMakeLists.txt:1 (cmake_minimum_required):
[0.036s]   Compatibility with CMake < 3.10 will be removed from a future version of
[0.036s]   CMake.
[0.038s] 
[0.038s]   Update the VERSION argument <min> value.  Or, use the <min>...<max> syntax
[0.038s]   to tell CMake that the project requires at least <min> but has been updated
[0.038s]   to work with policies introduced by <max> or earlier.
[0.038s] 
[0.038s] [0m
[0.167s] -- The C compiler identification is GNU 11.4.0
[0.248s] -- The CXX compiler identification is GNU 11.4.0
[0.275s] -- Detecting C compiler ABI info
[0.343s] -- Detecting C compiler ABI info - done
[0.355s] -- Check for working C compiler: /usr/bin/cc - skipped
[0.357s] -- Detecting C compile features
[0.358s] -- Detecting C compile features - done
[0.375s] -- Detecting CXX compiler ABI info
[0.445s] -- Detecting CXX compiler ABI info - done
[0.457s] -- Check for working CXX compiler: /usr/bin/c++ - skipped
[0.457s] -- Detecting CXX compile features
[0.458s] -- Detecting CXX compile features - done
[0.474s] -- Found ament_cmake: 1.3.12 (/opt/ros/humble/share/ament_cmake/cmake)
[0.605s] -- Found Python3: /usr/bin/python3 (found version "3.10.12") found components: Interpreter
[0.778s] -- Found rosidl_default_generators: 1.2.0 (/opt/ros/humble/share/rosidl_default_generators/cmake)
[0.789s] -- Using all available rosidl_typesupport_c: rosidl_typesupport_fastrtps_c;rosidl_typesupport_introspection_c
[0.804s] -- Found rosidl_adapter: 3.1.7 (/opt/ros/humble/share/rosidl_adapter/cmake)
[0.904s] -- Using all available rosidl_typesupport_cpp: rosidl_typesupport_fastrtps_cpp;rosidl_typesupport_introspection_cpp
[0.979s] -- Found geometry_msgs: 4.9.0 (/opt/ros/humble/share/geometry_msgs/cmake)
[1.551s] -- Found ament_cmake_ros: 0.10.0 (/opt/ros/humble/share/ament_cmake_ros/cmake)
[2.083s] -- Using all available rosidl_typesupport_c: rosidl_typesupport_fastrtps_c;rosidl_typesupport_introspection_c
[2.996s] -- Using all available rosidl_typesupport_cpp: rosidl_typesupport_fastrtps_cpp;rosidl_typesupport_introspection_cpp
[2.998s] [33mCMake Warning (dev) at /opt/ros/humble/share/rosidl_generator_py/cmake/rosidl_generator_py_generate_interfaces.cmake:20 (find_package):
[2.999s]   Policy CMP0148 is not set: The FindPythonInterp and FindPythonLibs modules
[2.999s]   are removed.  Run "cmake --help-policy CMP0148" for policy details.  Use
[2.999s]   the cmake_policy command to set the policy and suppress this warning.
[2.999s] 
[2.999s] Call Stack (most recent call first):
[2.999s]   /opt/ros/humble/share/ament_cmake_core/cmake/core/ament_execute_extensions.cmake:48 (include)
[2.999s]   /opt/ros/humble/share/rosidl_cmake/cmake/rosidl_generate_interfaces.cmake:286 (ament_execute_extensions)
[2.999s]   CMakeLists.txt:13 (rosidl_generate_interfaces)
[2.999s] This warning is for project developers.  Use -Wno-dev to suppress it.
[2.999s] [0m
[3.017s] -- Found PythonInterp: /usr/bin/python3 (found suitable version "3.10.12", minimum required is "3.6")
[3.019s] -- Found python_cmake_module: 0.10.0 (/opt/ros/humble/share/python_cmake_module/cmake)
[3.020s] [33mCMake Warning (dev) at /opt/ros/humble/share/python_cmake_module/cmake/Modules/FindPythonExtra.cmake:52 (find_package):
[3.020s]   Policy CMP0148 is not set: The FindPythonInterp and FindPythonLibs modules
[3.020s]   are removed.  Run "cmake --help-policy CMP0148" for policy details.  Use
[3.020s]   the cmake_policy command to set the policy and suppress this warning.
[3.020s] 
[3.020s] Call Stack (most recent call first):
[3.020s]   /opt/ros/humble/share/rosidl_generator_py/cmake/rosidl_generator_py_generate_interfaces.cmake:23 (find_package)
[3.020s]   /opt/ros/humble/share/ament_cmake_core/cmake/core/ament_execute_extensions.cmake:48 (include)
[3.020s]   /opt/ros/humble/share/rosidl_cmake/cmake/rosidl_generate_interfaces.cmake:286 (ament_execute_extensions)
[3.020s]   CMakeLists.txt:13 (rosidl_generate_interfaces)
[3.020s] This warning is for project developers.  Use -Wno-dev to suppress it.
[3.020s] [0m
[3.041s] [33mCMake Warning (dev) at /opt/ros/humble/share/python_cmake_module/cmake/Modules/FindPythonExtra.cmake:140 (find_package):
[3.041s]   Policy CMP0148 is not set: The FindPythonInterp and FindPythonLibs modules
[3.041s]   are removed.  Run "cmake --help-policy CMP0148" for policy details.  Use
[3.041s]   the cmake_policy command to set the policy and suppress this warning.
[3.041s] 
[3.042s] Call Stack (most recent call first):
[3.042s]   /opt/ros/humble/share/rosidl_generator_py/cmake/rosidl_generator_py_generate_interfaces.cmake:23 (find_package)
[3.042s]   /opt/ros/humble/share/ament_cmake_core/cmake/core/ament_execute_extensions.cmake:48 (include)
[3.042s]   /opt/ros/humble/share/rosidl_cmake/cmake/rosidl_generate_interfaces.cmake:286 (ament_execute_extensions)
[3.042s]   CMakeLists.txt:13 (rosidl_generate_interfaces)
[3.042s] This warning is for project developers.  Use -Wno-dev to suppress it.
[3.042s] [0m
[3.052s] -- Found PythonLibs: /usr/lib/x86_64-linux-gnu/libpython3.10.so (found suitable version "3.10.12", minimum required is "3.5")
[3.052s] -- Using PYTHON_EXECUTABLE: /usr/bin/python3
[3.052s] -- Using PYTHON_INCLUDE_DIRS: /usr/include/python3.10
[3.052s] -- Using PYTHON_LIBRARIES: /usr/lib/x86_64-linux-gnu/libpython3.10.so
[3.073s] -- Found PythonExtra: .so
[3.142s] -- Configuring done (3.1s)
[3.208s] -- Generating done (0.1s)
[3.217s] -- Build files have been written to: /home/ckl/RM/Combat_vision2026/build/rm_interfaces
[3.232s] Invoked command in '/home/ckl/RM/Combat_vision2026/build/rm_interfaces' returned '0': CMAKE_PREFIX_PATH=${CMAKE_PREFIX_PATH}:/opt/ros/humble /usr/bin/cmake /home/ckl/RM/Combat_vision2026/src/rm_interfaces -DCMAKE_INSTALL_PREFIX=/home/ckl/RM/Combat_vision2026/install/rm_interfaces
[3.233s] Invoking command in '/home/ckl/RM/Combat_vision2026/build/rm_interfaces': CMAKE_PREFIX_PATH=${CMAKE_PREFIX_PATH}:/opt/ros/humble /usr/bin/cmake --build /home/ckl/RM/Combat_vision2026/build/rm_interfaces -- -j16 -l16
[3.264s] [  0%] [1m[34mGenerating C code for ROS interfaces[0m
[3.271s] [  0%] [1m[34mGenerating C++ code for ROS interfaces[0m
[3.273s] [  0%] Built target ament_cmake_python_copy_rm_interfaces
[3.484s] running egg_info
[3.485s] creating rm_interfaces.egg-info
[3.485s] writing rm_interfaces.egg-info/PKG-INFO
[3.485s] writing dependency_links to rm_interfaces.egg-info/dependency_links.txt
[3.485s] writing top-level names to rm_interfaces.egg-info/top_level.txt
[3.485s] writing manifest file 'rm_interfaces.egg-info/SOURCES.txt'
[3.487s] reading manifest file 'rm_interfaces.egg-info/SOURCES.txt'
[3.488s] writing manifest file 'rm_interfaces.egg-info/SOURCES.txt'
[3.514s] [  0%] Built target ament_cmake_python_build_rm_interfaces_egg
[4.107s] [  0%] Built target rm_interfaces__cpp
[4.115s] [  1%] [1m[34mGenerating C++ type support dispatch for ROS interfaces[0m
[4.115s] [  2%] [1m[34mGenerating C++ type support for eProsima Fast-RTPS[0m
[4.115s] [  2%] [1m[34mGenerating C++ introspection for ROS interfaces[0m
[4.172s] [  5%] [32mBuilding C object CMakeFiles/rm_interfaces__rosidl_generator_c.dir/rosidl_generator_c/rm_interfaces/msg/detail/armors__functions.c.o[0m
[4.173s] [  5%] [32mBuilding C object CMakeFiles/rm_interfaces__rosidl_generator_c.dir/rosidl_generator_c/rm_interfaces/msg/detail/point2d__functions.c.o[0m
[4.173s] [  5%] [32mBuilding C object CMakeFiles/rm_interfaces__rosidl_generator_c.dir/rosidl_generator_c/rm_interfaces/msg/detail/gimbal_cmd__functions.c.o[0m
[4.173s] [  5%] [32mBuilding C object CMakeFiles/rm_interfaces__rosidl_generator_c.dir/rosidl_generator_c/rm_interfaces/msg/detail/rune_target__functions.c.o[0m
[4.173s] [  5%] [32mBuilding C object CMakeFiles/rm_interfaces__rosidl_generator_c.dir/rosidl_generator_c/rm_interfaces/msg/detail/target__functions.c.o[0m
[4.173s] [  6%] [32mBuilding C object CMakeFiles/rm_interfaces__rosidl_generator_c.dir/rosidl_generator_c/rm_interfaces/msg/detail/debug_light__functions.c.o[0m
[4.173s] [  6%] [32mBuilding C object CMakeFiles/rm_interfaces__rosidl_generator_c.dir/rosidl_generator_c/rm_interfaces/msg/detail/debug_armor__functions.c.o[0m
[4.173s] [  7%] [32mBuilding C object CMakeFiles/rm_interfaces__rosidl_generator_c.dir/rosidl_generator_c/rm_interfaces/msg/detail/chassis_cmd__functions.c.o[0m
[4.173s] [  8%] [32mBuilding C object CMakeFiles/rm_interfaces__rosidl_generator_c.dir/rosidl_generator_c/rm_interfaces/msg/detail/debug_lights__functions.c.o[0m
[4.173s] [  9%] [32mBuilding C object CMakeFiles/rm_interfaces__rosidl_generator_c.dir/rosidl_generator_c/rm_interfaces/msg/detail/armor__functions.c.o[0m
[4.177s] [ 10%] [32mBuilding C object CMakeFiles/rm_interfaces__rosidl_generator_c.dir/rosidl_generator_c/rm_interfaces/msg/detail/measurement__functions.c.o[0m
[4.177s] [ 10%] [32mBuilding C object CMakeFiles/rm_interfaces__rosidl_generator_c.dir/rosidl_generator_c/rm_interfaces/msg/detail/debug_armors__functions.c.o[0m
[4.177s] [ 11%] [32mBuilding C object CMakeFiles/rm_interfaces__rosidl_generator_c.dir/rosidl_generator_c/rm_interfaces/msg/detail/debug_rune_angle__functions.c.o[0m
[4.242s] [ 11%] [32mBuilding C object CMakeFiles/rm_interfaces__rosidl_generator_c.dir/rosidl_generator_c/rm_interfaces/msg/detail/judge_system_data__functions.c.o[0m
[4.248s] [ 12%] [32mBuilding C object CMakeFiles/rm_interfaces__rosidl_generator_c.dir/rosidl_generator_c/rm_interfaces/msg/detail/serial_receive_data__functions.c.o[0m
[4.249s] [ 12%] [32mBuilding C object CMakeFiles/rm_interfaces__rosidl_generator_c.dir/rosidl_generator_c/rm_interfaces/msg/detail/operator_command__functions.c.o[0m
[4.249s] [ 13%] [32mBuilding C object CMakeFiles/rm_interfaces__rosidl_generator_c.dir/rosidl_generator_c/rm_interfaces/srv/detail/set_mode__functions.c.o[0m
[4.304s] [ 14%] [1m[32mLinking C shared library librm_interfaces__rosidl_generator_c.so[0m
[4.340s] [ 14%] Built target rm_interfaces__rosidl_generator_c
[4.347s] [ 15%] [1m[34mGenerating C introspection for ROS interfaces[0m
[4.348s] [ 17%] [1m[34mGenerating C type support for eProsima Fast-RTPS[0m
[4.348s] [ 17%] [1m[34mGenerating C type support dispatch for ROS interfaces[0m
[4.684s] [ 19%] [32mBuilding CXX object CMakeFiles/rm_interfaces__rosidl_typesupport_cpp.dir/rosidl_typesupport_cpp/rm_interfaces/msg/rune_target__type_support.cpp.o[0m
[4.684s] [ 19%] [32mBuilding CXX object CMakeFiles/rm_interfaces__rosidl_typesupport_cpp.dir/rosidl_typesupport_cpp/rm_interfaces/msg/armors__type_support.cpp.o[0m
[4.684s] [ 19%] [32mBuilding CXX object CMakeFiles/rm_interfaces__rosidl_typesupport_cpp.dir/rosidl_typesupport_cpp/rm_interfaces/msg/armor__type_support.cpp.o[0m
[4.684s] [ 20%] [32mBuilding CXX object CMakeFiles/rm_interfaces__rosidl_typesupport_cpp.dir/rosidl_typesupport_cpp/rm_interfaces/msg/point2d__type_support.cpp.o[0m
[4.684s] [ 22%] [32mBuilding CXX object CMakeFiles/rm_interfaces__rosidl_typesupport_cpp.dir/rosidl_typesupport_cpp/rm_interfaces/msg/chassis_cmd__type_support.cpp.o[0m
[4.684s] [ 22%] [32mBuilding CXX object CMakeFiles/rm_interfaces__rosidl_typesupport_cpp.dir/rosidl_typesupport_cpp/rm_interfaces/msg/gimbal_cmd__type_support.cpp.o[0m
[4.684s] [ 22%] [32mBuilding CXX object CMakeFiles/rm_interfaces__rosidl_typesupport_cpp.dir/rosidl_typesupport_cpp/rm_interfaces/msg/debug_light__type_support.cpp.o[0m
[4.684s] [ 19%] [32mBuilding CXX object CMakeFiles/rm_interfaces__rosidl_typesupport_cpp.dir/rosidl_typesupport_cpp/rm_interfaces/msg/target__type_support.cpp.o[0m
[4.690s] [ 23%] [32mBuilding CXX object CMakeFiles/rm_interfaces__rosidl_typesupport_cpp.dir/rosidl_typesupport_cpp/rm_interfaces/msg/debug_lights__type_support.cpp.o[0m
[4.699s] [ 23%] [32mBuilding CXX object CMakeFiles/rm_interfaces__rosidl_typesupport_cpp.dir/rosidl_typesupport_cpp/rm_interfaces/msg/debug_armor__type_support.cpp.o[0m
[4.713s] [ 24%] [32mBuilding CXX object CMakeFiles/rm_interfaces__rosidl_typesupport_cpp.dir/rosidl_typesupport_cpp/rm_interfaces/msg/debug_armors__type_support.cpp.o[0m
[5.068s] [ 24%] [32mBuilding CXX object CMakeFiles/rm_interfaces__rosidl_typesupport_cpp.dir/rosidl_typesupport_cpp/rm_interfaces/msg/debug_rune_angle__type_support.cpp.o[0m
[5.069s] [ 25%] [32mBuilding CXX object CMakeFiles/rm_interfaces__rosidl_typesupport_cpp.dir/rosidl_typesupport_cpp/rm_interfaces/msg/measurement__type_support.cpp.o[0m
[5.128s] [ 26%] [32mBuilding CXX object CMakeFiles/rm_interfaces__rosidl_typesupport_cpp.dir/rosidl_typesupport_cpp/rm_interfaces/msg/serial_receive_data__type_support.cpp.o[0m
[5.128s] [ 26%] [32mBuilding CXX object CMakeFiles/rm_interfaces__rosidl_typesupport_cpp.dir/rosidl_typesupport_cpp/rm_interfaces/msg/operator_command__type_support.cpp.o[0m
[5.131s] [ 27%] [32mBuilding CXX object CMakeFiles/rm_interfaces__rosidl_typesupport_cpp.dir/rosidl_typesupport_cpp/rm_interfaces/msg/judge_system_data__type_support.cpp.o[0m
[5.152s] [ 28%] [32mBuilding CXX object CMakeFiles/rm_interfaces__rosidl_typesupport_cpp.dir/rosidl_typesupport_cpp/rm_interfaces/srv/set_mode__type_support.cpp.o[0m
[5.250s] [ 28%] [32mBuilding CXX object CMakeFiles/rm_interfaces__rosidl_typesupport_introspection_cpp.dir/rosidl_typesupport_introspection_cpp/rm_interfaces/msg/detail/armors__type_support.cpp.o[0m
[5.252s] [ 29%] [32mBuilding CXX object CMakeFiles/rm_interfaces__rosidl_typesupport_introspection_cpp.dir/rosidl_typesupport_introspection_cpp/rm_interfaces/msg/detail/target__type_support.cpp.o[0m
[5.252s] [ 30%] [32mBuilding CXX object CMakeFiles/rm_interfaces__rosidl_typesupport_introspection_cpp.dir/rosidl_typesupport_introspection_cpp/rm_interfaces/msg/detail/armor__type_support.cpp.o[0m
[5.254s] [ 30%] [32mBuilding CXX object CMakeFiles/rm_interfaces__rosidl_typesupport_introspection_cpp.dir/rosidl_typesupport_introspection_cpp/rm_interfaces/msg/detail/point2d__type_support.cpp.o[0m
[5.254s] [ 31%] [32mBuilding CXX object CMakeFiles/rm_interfaces__rosidl_typesupport_introspection_cpp.dir/rosidl_typesupport_introspection_cpp/rm_interfaces/msg/detail/rune_target__type_support.cpp.o[0m
[5.287s] [ 31%] [32mBuilding CXX object CMakeFiles/rm_interfaces__rosidl_typesupport_c.dir/rosidl_typesupport_c/rm_interfaces/msg/armor__type_support.cpp.o[0m
[5.301s] [ 32%] [32mBuilding CXX object CMakeFiles/rm_interfaces__rosidl_typesupport_introspection_cpp.dir/rosidl_typesupport_introspection_cpp/rm_interfaces/msg/detail/gimbal_cmd__type_support.cpp.o[0m
[5.379s] [ 33%] [32mBuilding CXX object CMakeFiles/rm_interfaces__rosidl_typesupport_c.dir/rosidl_typesupport_c/rm_interfaces/msg/armors__type_support.cpp.o[0m
[5.468s] [ 34%] [32mBuilding CXX object CMakeFiles/rm_interfaces__rosidl_typesupport_c.dir/rosidl_typesupport_c/rm_interfaces/msg/target__type_support.cpp.o[0m
[5.491s] [ 34%] [32mBuilding CXX object CMakeFiles/rm_interfaces__rosidl_typesupport_c.dir/rosidl_typesupport_c/rm_interfaces/msg/rune_target__type_support.cpp.o[0m
[5.504s] [ 35%] [32mBuilding CXX object CMakeFiles/rm_interfaces__rosidl_typesupport_introspection_cpp.dir/rosidl_typesupport_introspection_cpp/rm_interfaces/msg/detail/chassis_cmd__type_support.cpp.o[0m
[5.531s] [ 35%] [32mBuilding CXX object CMakeFiles/rm_interfaces__rosidl_typesupport_introspection_cpp.dir/rosidl_typesupport_introspection_cpp/rm_interfaces/msg/detail/debug_light__type_support.cpp.o[0m
[5.570s] [ 36%] [32mBuilding CXX object CMakeFiles/rm_interfaces__rosidl_typesupport_c.dir/rosidl_typesupport_c/rm_interfaces/msg/point2d__type_support.cpp.o[0m
[5.595s] [ 36%] [32mBuilding CXX object CMakeFiles/rm_interfaces__rosidl_typesupport_c.dir/rosidl_typesupport_c/rm_interfaces/msg/gimbal_cmd__type_support.cpp.o[0m
[5.616s] [ 37%] [32mBuilding CXX object CMakeFiles/rm_interfaces__rosidl_typesupport_introspection_cpp.dir/rosidl_typesupport_introspection_cpp/rm_interfaces/msg/detail/debug_lights__type_support.cpp.o[0m
[5.622s] [ 37%] [32mBuilding CXX object CMakeFiles/rm_interfaces__rosidl_typesupport_introspection_cpp.dir/rosidl_typesupport_introspection_cpp/rm_interfaces/msg/detail/debug_armor__type_support.cpp.o[0m
[5.648s] [ 38%] [32mBuilding CXX object CMakeFiles/rm_interfaces__rosidl_typesupport_fastrtps_cpp.dir/rosidl_typesupport_fastrtps_cpp/rm_interfaces/msg/detail/dds_fastrtps/armor__type_support.cpp.o[0m
[5.658s] [ 39%] [32mBuilding CXX object CMakeFiles/rm_interfaces__rosidl_typesupport_introspection_cpp.dir/rosidl_typesupport_introspection_cpp/rm_interfaces/msg/detail/debug_armors__type_support.cpp.o[0m
[5.681s] [ 40%] [32mBuilding CXX object CMakeFiles/rm_interfaces__rosidl_typesupport_c.dir/rosidl_typesupport_c/rm_interfaces/msg/chassis_cmd__type_support.cpp.o[0m
[5.741s] [ 40%] [1m[32mLinking CXX shared library librm_interfaces__rosidl_typesupport_cpp.so[0m
[5.757s] [ 41%] [32mBuilding CXX object CMakeFiles/rm_interfaces__rosidl_typesupport_c.dir/rosidl_typesupport_c/rm_interfaces/msg/debug_light__type_support.cpp.o[0m
[5.806s] [ 41%] [32mBuilding CXX object CMakeFiles/rm_interfaces__rosidl_typesupport_c.dir/rosidl_typesupport_c/rm_interfaces/msg/debug_lights__type_support.cpp.o[0m
[5.821s] [ 41%] Built target rm_interfaces__rosidl_typesupport_cpp
[5.828s] [ 42%] [32mBuilding CXX object CMakeFiles/rm_interfaces__rosidl_typesupport_introspection_cpp.dir/rosidl_typesupport_introspection_cpp/rm_interfaces/msg/detail/debug_rune_angle__type_support.cpp.o[0m
[5.886s] [ 43%] [32mBuilding CXX object CMakeFiles/rm_interfaces__rosidl_typesupport_c.dir/rosidl_typesupport_c/rm_interfaces/msg/debug_armor__type_support.cpp.o[0m
[5.946s] [ 44%] [32mBuilding C object CMakeFiles/rm_interfaces__rosidl_typesupport_introspection_c.dir/rosidl_typesupport_introspection_c/rm_interfaces/msg/detail/armor__type_support.c.o[0m
[5.954s] [ 45%] [32mBuilding CXX object CMakeFiles/rm_interfaces__rosidl_typesupport_c.dir/rosidl_typesupport_c/rm_interfaces/msg/debug_armors__type_support.cpp.o[0m
[5.961s] [ 45%] [32mBuilding CXX object CMakeFiles/rm_interfaces__rosidl_typesupport_c.dir/rosidl_typesupport_c/rm_interfaces/msg/debug_rune_angle__type_support.cpp.o[0m
[5.975s] [ 45%] [32mBuilding CXX object CMakeFiles/rm_interfaces__rosidl_typesupport_fastrtps_cpp.dir/rosidl_typesupport_fastrtps_cpp/rm_interfaces/msg/detail/dds_fastrtps/armors__type_support.cpp.o[0m
[5.982s] [ 46%] [32mBuilding CXX object CMakeFiles/rm_interfaces__rosidl_typesupport_c.dir/rosidl_typesupport_c/rm_interfaces/msg/measurement__type_support.cpp.o[0m
[6.013s] [ 46%] [32mBuilding CXX object CMakeFiles/rm_interfaces__rosidl_typesupport_c.dir/rosidl_typesupport_c/rm_interfaces/msg/judge_system_data__type_support.cpp.o[0m
[6.018s] [ 48%] [32mBuilding CXX object CMakeFiles/rm_interfaces__rosidl_typesupport_c.dir/rosidl_typesupport_c/rm_interfaces/msg/operator_command__type_support.cpp.o[0m
[6.019s] [ 48%] [32mBuilding CXX object CMakeFiles/rm_interfaces__rosidl_typesupport_fastrtps_cpp.dir/rosidl_typesupport_fastrtps_cpp/rm_interfaces/msg/detail/dds_fastrtps/target__type_support.cpp.o[0m
[6.030s] [ 49%] [32mBuilding CXX object CMakeFiles/rm_interfaces__rosidl_typesupport_fastrtps_cpp.dir/rosidl_typesupport_fastrtps_cpp/rm_interfaces/msg/detail/dds_fastrtps/rune_target__type_support.cpp.o[0m
[6.030s] [ 49%] [32mBuilding C object CMakeFiles/rm_interfaces__rosidl_typesupport_introspection_c.dir/rosidl_typesupport_introspection_c/rm_interfaces/msg/detail/armors__type_support.c.o[0m
[6.032s] [ 50%] [32mBuilding C object CMakeFiles/rm_interfaces__rosidl_typesupport_introspection_c.dir/rosidl_typesupport_introspection_c/rm_interfaces/msg/detail/target__type_support.c.o[0m
[6.039s] [ 50%] [32mBuilding CXX object CMakeFiles/rm_interfaces__rosidl_typesupport_fastrtps_cpp.dir/rosidl_typesupport_fastrtps_cpp/rm_interfaces/msg/detail/dds_fastrtps/point2d__type_support.cpp.o[0m
[6.048s] [ 50%] [32mBuilding CXX object CMakeFiles/rm_interfaces__rosidl_typesupport_fastrtps_c.dir/rosidl_typesupport_fastrtps_c/rm_interfaces/msg/detail/armor__type_support_c.cpp.o[0m
[6.076s] [ 50%] [32mBuilding C object CMakeFiles/rm_interfaces__rosidl_typesupport_introspection_c.dir/rosidl_typesupport_introspection_c/rm_interfaces/msg/detail/rune_target__type_support.c.o[0m
[6.081s] [ 51%] [32mBuilding CXX object CMakeFiles/rm_interfaces__rosidl_typesupport_c.dir/rosidl_typesupport_c/rm_interfaces/msg/serial_receive_data__type_support.cpp.o[0m
[6.116s] [ 52%] [32mBuilding CXX object CMakeFiles/rm_interfaces__rosidl_typesupport_fastrtps_c.dir/rosidl_typesupport_fastrtps_c/rm_interfaces/msg/detail/armors__type_support_c.cpp.o[0m
[6.118s] [ 53%] [32mBuilding CXX object CMakeFiles/rm_interfaces__rosidl_typesupport_fastrtps_c.dir/rosidl_typesupport_fastrtps_c/rm_interfaces/msg/detail/target__type_support_c.cpp.o[0m
[6.128s] [ 54%] [32mBuilding C object CMakeFiles/rm_interfaces__rosidl_typesupport_introspection_c.dir/rosidl_typesupport_introspection_c/rm_interfaces/msg/detail/point2d__type_support.c.o[0m
[6.133s] [ 55%] [32mBuilding CXX object CMakeFiles/rm_interfaces__rosidl_typesupport_fastrtps_cpp.dir/rosidl_typesupport_fastrtps_cpp/rm_interfaces/msg/detail/dds_fastrtps/gimbal_cmd__type_support.cpp.o[0m
[6.160s] [ 55%] [32mBuilding CXX object CMakeFiles/rm_interfaces__rosidl_typesupport_fastrtps_c.dir/rosidl_typesupport_fastrtps_c/rm_interfaces/msg/detail/rune_target__type_support_c.cpp.o[0m
[6.165s] [ 55%] [32mBuilding CXX object CMakeFiles/rm_interfaces__rosidl_typesupport_c.dir/rosidl_typesupport_c/rm_interfaces/srv/set_mode__type_support.cpp.o[0m
[6.199s] [ 56%] [32mBuilding C object CMakeFiles/rm_interfaces__rosidl_typesupport_introspection_c.dir/rosidl_typesupport_introspection_c/rm_interfaces/msg/detail/gimbal_cmd__type_support.c.o[0m
[6.219s] [ 56%] [32mBuilding CXX object CMakeFiles/rm_interfaces__rosidl_typesupport_introspection_cpp.dir/rosidl_typesupport_introspection_cpp/rm_interfaces/msg/detail/measurement__type_support.cpp.o[0m
[6.252s] [ 56%] [32mBuilding C object CMakeFiles/rm_interfaces__rosidl_typesupport_introspection_c.dir/rosidl_typesupport_introspection_c/rm_interfaces/msg/detail/chassis_cmd__type_support.c.o[0m
[6.259s] [ 57%] [1m[32mLinking CXX shared library librm_interfaces__rosidl_typesupport_c.so[0m
[6.286s] [ 58%] [32mBuilding C object CMakeFiles/rm_interfaces__rosidl_typesupport_introspection_c.dir/rosidl_typesupport_introspection_c/rm_interfaces/msg/detail/debug_light__type_support.c.o[0m
[6.338s] [ 58%] [32mBuilding CXX object CMakeFiles/rm_interfaces__rosidl_typesupport_fastrtps_cpp.dir/rosidl_typesupport_fastrtps_cpp/rm_interfaces/msg/detail/dds_fastrtps/chassis_cmd__type_support.cpp.o[0m
[6.376s] [ 60%] [32mBuilding CXX object CMakeFiles/rm_interfaces__rosidl_typesupport_fastrtps_cpp.dir/rosidl_typesupport_fastrtps_cpp/rm_interfaces/msg/detail/dds_fastrtps/debug_light__type_support.cpp.o[0m
[6.377s] [ 60%] [32mBuilding C object CMakeFiles/rm_interfaces__rosidl_typesupport_introspection_c.dir/rosidl_typesupport_introspection_c/rm_interfaces/msg/detail/debug_lights__type_support.c.o[0m
[6.377s] [ 60%] Built target rm_interfaces__rosidl_typesupport_c
[6.391s] [ 61%] [32mBuilding CXX object CMakeFiles/rm_interfaces__rosidl_typesupport_introspection_cpp.dir/rosidl_typesupport_introspection_cpp/rm_interfaces/msg/detail/judge_system_data__type_support.cpp.o[0m
[6.398s] [ 62%] [32mBuilding CXX object CMakeFiles/rm_interfaces__rosidl_typesupport_fastrtps_c.dir/rosidl_typesupport_fastrtps_c/rm_interfaces/msg/detail/point2d__type_support_c.cpp.o[0m
[6.449s] [ 62%] [32mBuilding C object CMakeFiles/rm_interfaces__rosidl_typesupport_introspection_c.dir/rosidl_typesupport_introspection_c/rm_interfaces/msg/detail/debug_armor__type_support.c.o[0m
[6.490s] [ 63%] [32mBuilding CXX object CMakeFiles/rm_interfaces__rosidl_typesupport_fastrtps_c.dir/rosidl_typesupport_fastrtps_c/rm_interfaces/msg/detail/gimbal_cmd__type_support_c.cpp.o[0m
[6.533s] [ 64%] [32mBuilding C object CMakeFiles/rm_interfaces__rosidl_typesupport_introspection_c.dir/rosidl_typesupport_introspection_c/rm_interfaces/msg/detail/debug_armors__type_support.c.o[0m
[6.603s] [ 65%] [32mBuilding CXX object CMakeFiles/rm_interfaces__rosidl_typesupport_fastrtps_cpp.dir/rosidl_typesupport_fastrtps_cpp/rm_interfaces/msg/detail/dds_fastrtps/debug_lights__type_support.cpp.o[0m
[6.617s] [ 66%] [32mBuilding C object CMakeFiles/rm_interfaces__rosidl_typesupport_introspection_c.dir/rosidl_typesupport_introspection_c/rm_interfaces/msg/detail/debug_rune_angle__type_support.c.o[0m
[6.642s] [ 66%] [32mBuilding CXX object CMakeFiles/rm_interfaces__rosidl_typesupport_fastrtps_c.dir/rosidl_typesupport_fastrtps_c/rm_interfaces/msg/detail/chassis_cmd__type_support_c.cpp.o[0m
[6.669s] [ 66%] [32mBuilding CXX object CMakeFiles/rm_interfaces__rosidl_typesupport_fastrtps_cpp.dir/rosidl_typesupport_fastrtps_cpp/rm_interfaces/msg/detail/dds_fastrtps/debug_armor__type_support.cpp.o[0m
[6.676s] [ 67%] [32mBuilding CXX object CMakeFiles/rm_interfaces__rosidl_typesupport_fastrtps_cpp.dir/rosidl_typesupport_fastrtps_cpp/rm_interfaces/msg/detail/dds_fastrtps/debug_armors__type_support.cpp.o[0m
[6.677s] [ 67%] [32mBuilding C object CMakeFiles/rm_interfaces__rosidl_typesupport_introspection_c.dir/rosidl_typesupport_introspection_c/rm_interfaces/msg/detail/measurement__type_support.c.o[0m
[6.686s] [ 68%] [32mBuilding C object CMakeFiles/rm_interfaces__rosidl_typesupport_introspection_c.dir/rosidl_typesupport_introspection_c/rm_interfaces/msg/detail/judge_system_data__type_support.c.o[0m
[6.729s] [ 68%] [32mBuilding C object CMakeFiles/rm_interfaces__rosidl_typesupport_introspection_c.dir/rosidl_typesupport_introspection_c/rm_interfaces/msg/detail/operator_command__type_support.c.o[0m
[6.731s] [ 69%] [32mBuilding CXX object CMakeFiles/rm_interfaces__rosidl_typesupport_fastrtps_cpp.dir/rosidl_typesupport_fastrtps_cpp/rm_interfaces/msg/detail/dds_fastrtps/debug_rune_angle__type_support.cpp.o[0m
[6.734s] [ 70%] [32mBuilding CXX object CMakeFiles/rm_interfaces__rosidl_typesupport_fastrtps_c.dir/rosidl_typesupport_fastrtps_c/rm_interfaces/msg/detail/debug_light__type_support_c.cpp.o[0m
[6.746s] [ 72%] [32mBuilding CXX object CMakeFiles/rm_interfaces__rosidl_typesupport_introspection_cpp.dir/rosidl_typesupport_introspection_cpp/rm_interfaces/msg/detail/operator_command__type_support.cpp.o[0m
[6.747s] [ 72%] [32mBuilding C object CMakeFiles/rm_interfaces__rosidl_typesupport_introspection_c.dir/rosidl_typesupport_introspection_c/rm_interfaces/msg/detail/serial_receive_data__type_support.c.o[0m
[6.812s] [ 72%] [32mBuilding CXX object CMakeFiles/rm_interfaces__rosidl_typesupport_fastrtps_cpp.dir/rosidl_typesupport_fastrtps_cpp/rm_interfaces/msg/detail/dds_fastrtps/measurement__type_support.cpp.o[0m
[6.829s] [ 72%] [32mBuilding CXX object CMakeFiles/rm_interfaces__rosidl_typesupport_introspection_cpp.dir/rosidl_typesupport_introspection_cpp/rm_interfaces/msg/detail/serial_receive_data__type_support.cpp.o[0m
[6.846s] [ 73%] [32mBuilding CXX object CMakeFiles/rm_interfaces__rosidl_typesupport_fastrtps_cpp.dir/rosidl_typesupport_fastrtps_cpp/rm_interfaces/msg/detail/dds_fastrtps/judge_system_data__type_support.cpp.o[0m
[6.846s] [ 74%] [32mBuilding C object CMakeFiles/rm_interfaces__rosidl_typesupport_introspection_c.dir/rosidl_typesupport_introspection_c/rm_interfaces/srv/detail/set_mode__type_support.c.o[0m
[6.941s] [ 74%] [1m[32mLinking C shared library librm_interfaces__rosidl_typesupport_introspection_c.so[0m
[6.970s] [ 75%] [32mBuilding CXX object CMakeFiles/rm_interfaces__rosidl_typesupport_introspection_cpp.dir/rosidl_typesupport_introspection_cpp/rm_interfaces/srv/detail/set_mode__type_support.cpp.o[0m
[7.008s] [ 75%] [32mBuilding CXX object CMakeFiles/rm_interfaces__rosidl_typesupport_fastrtps_cpp.dir/rosidl_typesupport_fastrtps_cpp/rm_interfaces/msg/detail/dds_fastrtps/operator_command__type_support.cpp.o[0m
[7.034s] [ 75%] Built target rm_interfaces__rosidl_typesupport_introspection_c
[7.044s] [ 76%] [32mBuilding CXX object CMakeFiles/rm_interfaces__rosidl_typesupport_fastrtps_cpp.dir/rosidl_typesupport_fastrtps_cpp/rm_interfaces/msg/detail/dds_fastrtps/serial_receive_data__type_support.cpp.o[0m
[7.065s] [ 76%] [32mBuilding CXX object CMakeFiles/rm_interfaces__rosidl_typesupport_fastrtps_c.dir/rosidl_typesupport_fastrtps_c/rm_interfaces/msg/detail/debug_lights__type_support_c.cpp.o[0m
[7.085s] [ 77%] [32mBuilding CXX object CMakeFiles/rm_interfaces__rosidl_typesupport_fastrtps_cpp.dir/rosidl_typesupport_fastrtps_cpp/rm_interfaces/srv/detail/dds_fastrtps/set_mode__type_support.cpp.o[0m
[7.110s] [ 78%] [32mBuilding CXX object CMakeFiles/rm_interfaces__rosidl_typesupport_fastrtps_c.dir/rosidl_typesupport_fastrtps_c/rm_interfaces/msg/detail/debug_armor__type_support_c.cpp.o[0m
[7.201s] [ 79%] [32mBuilding CXX object CMakeFiles/rm_interfaces__rosidl_typesupport_fastrtps_c.dir/rosidl_typesupport_fastrtps_c/rm_interfaces/msg/detail/debug_armors__type_support_c.cpp.o[0m
[7.212s] [ 79%] [32mBuilding CXX object CMakeFiles/rm_interfaces__rosidl_typesupport_fastrtps_c.dir/rosidl_typesupport_fastrtps_c/rm_interfaces/msg/detail/debug_rune_angle__type_support_c.cpp.o[0m
[7.287s] [ 80%] [32mBuilding CXX object CMakeFiles/rm_interfaces__rosidl_typesupport_fastrtps_c.dir/rosidl_typesupport_fastrtps_c/rm_interfaces/msg/detail/measurement__type_support_c.cpp.o[0m
[7.289s] [ 81%] [32mBuilding CXX object CMakeFiles/rm_interfaces__rosidl_typesupport_fastrtps_c.dir/rosidl_typesupport_fastrtps_c/rm_interfaces/msg/detail/judge_system_data__type_support_c.cpp.o[0m
[7.325s] [ 81%] [32mBuilding CXX object CMakeFiles/rm_interfaces__rosidl_typesupport_fastrtps_c.dir/rosidl_typesupport_fastrtps_c/rm_interfaces/msg/detail/operator_command__type_support_c.cpp.o[0m
[7.341s] [ 82%] [32mBuilding CXX object CMakeFiles/rm_interfaces__rosidl_typesupport_fastrtps_c.dir/rosidl_typesupport_fastrtps_c/rm_interfaces/msg/detail/serial_receive_data__type_support_c.cpp.o[0m
[7.409s] [ 83%] [32mBuilding CXX object CMakeFiles/rm_interfaces__rosidl_typesupport_fastrtps_c.dir/rosidl_typesupport_fastrtps_c/rm_interfaces/srv/detail/set_mode__type_support_c.cpp.o[0m
[7.538s] [ 84%] [1m[32mLinking CXX shared library librm_interfaces__rosidl_typesupport_introspection_cpp.so[0m
[7.676s] [ 84%] [1m[32mLinking CXX shared library librm_interfaces__rosidl_typesupport_fastrtps_cpp.so[0m
[7.699s] [ 84%] Built target rm_interfaces__rosidl_typesupport_introspection_cpp
[7.788s] [ 84%] Built target rm_interfaces__rosidl_typesupport_fastrtps_cpp
[7.828s] [ 84%] [1m[32mLinking CXX shared library librm_interfaces__rosidl_typesupport_fastrtps_c.so[0m
[7.895s] [ 84%] Built target rm_interfaces__rosidl_typesupport_fastrtps_c
[7.910s] [ 84%] Built target rm_interfaces
[7.926s] [ 85%] [1m[34mGenerating Python code for ROS interfaces[0m
[9.209s] [ 85%] Built target rm_interfaces__py
[9.225s] [ 87%] [32mBuilding C object CMakeFiles/rm_interfaces__rosidl_generator_py.dir/rosidl_generator_py/rm_interfaces/msg/_armors_s.c.o[0m
[9.225s] [ 87%] [32mBuilding C object CMakeFiles/rm_interfaces__rosidl_generator_py.dir/rosidl_generator_py/rm_interfaces/msg/_target_s.c.o[0m
[9.225s] [ 87%] [32mBuilding C object CMakeFiles/rm_interfaces__rosidl_generator_py.dir/rosidl_generator_py/rm_interfaces/msg/_armor_s.c.o[0m
[9.225s] [ 88%] [32mBuilding C object CMakeFiles/rm_interfaces__rosidl_generator_py.dir/rosidl_generator_py/rm_interfaces/msg/_gimbal_cmd_s.c.o[0m
[9.225s] [ 89%] [32mBuilding C object CMakeFiles/rm_interfaces__rosidl_generator_py.dir/rosidl_generator_py/rm_interfaces/msg/_point2d_s.c.o[0m
[9.225s] [ 89%] [32mBuilding C object CMakeFiles/rm_interfaces__rosidl_generator_py.dir/rosidl_generator_py/rm_interfaces/msg/_rune_target_s.c.o[0m
[9.225s] [ 90%] [32mBuilding C object CMakeFiles/rm_interfaces__rosidl_generator_py.dir/rosidl_generator_py/rm_interfaces/msg/_debug_lights_s.c.o[0m
[9.225s] [ 90%] [32mBuilding C object CMakeFiles/rm_interfaces__rosidl_generator_py.dir/rosidl_generator_py/rm_interfaces/msg/_debug_light_s.c.o[0m
[9.225s] [ 88%] [32mBuilding C object CMakeFiles/rm_interfaces__rosidl_generator_py.dir/rosidl_generator_py/rm_interfaces/msg/_chassis_cmd_s.c.o[0m
[9.225s] [ 91%] [32mBuilding C object CMakeFiles/rm_interfaces__rosidl_generator_py.dir/rosidl_generator_py/rm_interfaces/msg/_debug_armor_s.c.o[0m
[9.225s] [ 92%] [32mBuilding C object CMakeFiles/rm_interfaces__rosidl_generator_py.dir/rosidl_generator_py/rm_interfaces/msg/_debug_armors_s.c.o[0m
[9.225s] [ 92%] [32mBuilding C object CMakeFiles/rm_interfaces__rosidl_generator_py.dir/rosidl_generator_py/rm_interfaces/msg/_debug_rune_angle_s.c.o[0m
[9.225s] [ 93%] [32mBuilding C object CMakeFiles/rm_interfaces__rosidl_generator_py.dir/rosidl_generator_py/rm_interfaces/msg/_measurement_s.c.o[0m
[9.225s] [ 94%] [32mBuilding C object CMakeFiles/rm_interfaces__rosidl_generator_py.dir/rosidl_generator_py/rm_interfaces/msg/_judge_system_data_s.c.o[0m
[9.226s] [ 94%] [32mBuilding C object CMakeFiles/rm_interfaces__rosidl_generator_py.dir/rosidl_generator_py/rm_interfaces/msg/_operator_command_s.c.o[0m
[9.231s] [ 95%] [32mBuilding C object CMakeFiles/rm_interfaces__rosidl_generator_py.dir/rosidl_generator_py/rm_interfaces/msg/_serial_receive_data_s.c.o[0m
[9.363s] [ 95%] [32mBuilding C object CMakeFiles/rm_interfaces__rosidl_generator_py.dir/rosidl_generator_py/rm_interfaces/srv/_set_mode_s.c.o[0m
[9.444s] [ 96%] [1m[32mLinking C shared library rosidl_generator_py/rm_interfaces/librm_interfaces__rosidl_generator_py.so[0m
[9.483s] [ 96%] Built target rm_interfaces__rosidl_generator_py
[9.495s] [ 97%] [32mBuilding C object CMakeFiles/rm_interfaces__rosidl_typesupport_fastrtps_c__pyext.dir/rosidl_generator_py/rm_interfaces/_rm_interfaces_s.ep.rosidl_typesupport_fastrtps_c.c.o[0m
[9.496s] [ 99%] [32mBuilding C object CMakeFiles/rm_interfaces__rosidl_typesupport_c__pyext.dir/rosidl_generator_py/rm_interfaces/_rm_interfaces_s.ep.rosidl_typesupport_c.c.o[0m
[9.496s] [ 99%] [32mBuilding C object CMakeFiles/rm_interfaces__rosidl_typesupport_introspection_c__pyext.dir/rosidl_generator_py/rm_interfaces/_rm_interfaces_s.ep.rosidl_typesupport_introspection_c.c.o[0m
[9.610s] [ 99%] [1m[32mLinking C shared library rosidl_generator_py/rm_interfaces/rm_interfaces_s__rosidl_typesupport_c.cpython-310-x86_64-linux-gnu.so[0m
[9.611s] [100%] [1m[32mLinking C shared library rosidl_generator_py/rm_interfaces/rm_interfaces_s__rosidl_typesupport_fastrtps_c.cpython-310-x86_64-linux-gnu.so[0m
[9.611s] [100%] [1m[32mLinking C shared library rosidl_generator_py/rm_interfaces/rm_interfaces_s__rosidl_typesupport_introspection_c.cpython-310-x86_64-linux-gnu.so[0m
[9.639s] [100%] Built target rm_interfaces__rosidl_typesupport_c__pyext
[9.639s] [100%] Built target rm_interfaces__rosidl_typesupport_introspection_c__pyext
[9.639s] [100%] Built target rm_interfaces__rosidl_typesupport_fastrtps_c__pyext
[9.647s] Invoked command in '/home/ckl/RM/Combat_vision2026/build/rm_interfaces' returned '0': CMAKE_PREFIX_PATH=${CMAKE_PREFIX_PATH}:/opt/ros/humble /usr/bin/cmake --build /home/ckl/RM/Combat_vision2026/build/rm_interfaces -- -j16 -l16
[9.649s] Invoking command in '/home/ckl/RM/Combat_vision2026/build/rm_interfaces': CMAKE_PREFIX_PATH=${CMAKE_PREFIX_PATH}:/opt/ros/humble /usr/bin/cmake --install /home/ckl/RM/Combat_vision2026/build/rm_interfaces
[9.653s] -- Install configuration: ""
[9.654s] -- Installing: /home/ckl/RM/Combat_vision2026/install/rm_interfaces/share/ament_index/resource_index/rosidl_interfaces/rm_interfaces
[9.654s] -- Installing: /home/ckl/RM/Combat_vision2026/install/rm_interfaces/include/rm_interfaces/rm_interfaces
[9.654s] -- Installing: /home/ckl/RM/Combat_vision2026/install/rm_interfaces/include/rm_interfaces/rm_interfaces/srv
[9.654s] -- Installing: /home/ckl/RM/Combat_vision2026/install/rm_interfaces/include/rm_interfaces/rm_interfaces/srv/set_mode.h
[9.654s] -- Installing: /home/ckl/RM/Combat_vision2026/install/rm_interfaces/include/rm_interfaces/rm_interfaces/srv/detail
[9.654s] -- Installing: /home/ckl/RM/Combat_vision2026/install/rm_interfaces/include/rm_interfaces/rm_interfaces/srv/detail/set_mode__functions.h
[9.655s] -- Installing: /home/ckl/RM/Combat_vision2026/install/rm_interfaces/include/rm_interfaces/rm_interfaces/srv/detail/set_mode__functions.c
[9.655s] -- Installing: /home/ckl/RM/Combat_vision2026/install/rm_interfaces/include/rm_interfaces/rm_interfaces/srv/detail/set_mode__struct.h
[9.655s] -- Installing: /home/ckl/RM/Combat_vision2026/install/rm_interfaces/include/rm_interfaces/rm_interfaces/srv/detail/set_mode__type_support.h
[9.655s] -- Installing: /home/ckl/RM/Combat_vision2026/install/rm_interfaces/include/rm_interfaces/rm_interfaces/msg
[9.655s] -- Installing: /home/ckl/RM/Combat_vision2026/install/rm_interfaces/include/rm_interfaces/rm_interfaces/msg/point2d.h
[9.655s] -- Installing: /home/ckl/RM/Combat_vision2026/install/rm_interfaces/include/rm_interfaces/rm_interfaces/msg/judge_system_data.h
[9.656s] -- Installing: /home/ckl/RM/Combat_vision2026/install/rm_interfaces/include/rm_interfaces/rm_interfaces/msg/operator_command.h
[9.656s] -- Installing: /home/ckl/RM/Combat_vision2026/install/rm_interfaces/include/rm_interfaces/rm_interfaces/msg/debug_armor.h
[9.656s] -- Installing: /home/ckl/RM/Combat_vision2026/install/rm_interfaces/include/rm_interfaces/rm_interfaces/msg/rosidl_generator_c__visibility_control.h
[9.656s] -- Installing: /home/ckl/RM/Combat_vision2026/install/rm_interfaces/include/rm_interfaces/rm_interfaces/msg/debug_light.h
[9.656s] -- Installing: /home/ckl/RM/Combat_vision2026/install/rm_interfaces/include/rm_interfaces/rm_interfaces/msg/debug_rune_angle.h
[9.656s] -- Installing: /home/ckl/RM/Combat_vision2026/install/rm_interfaces/include/rm_interfaces/rm_interfaces/msg/debug_lights.h
[9.657s] -- Installing: /home/ckl/RM/Combat_vision2026/install/rm_interfaces/include/rm_interfaces/rm_interfaces/msg/armor.h
[9.657s] -- Installing: /home/ckl/RM/Combat_vision2026/install/rm_interfaces/include/rm_interfaces/rm_interfaces/msg/serial_receive_data.h
[9.657s] -- Installing: /home/ckl/RM/Combat_vision2026/install/rm_interfaces/include/rm_interfaces/rm_interfaces/msg/debug_armors.h
[9.657s] -- Installing: /home/ckl/RM/Combat_vision2026/install/rm_interfaces/include/rm_interfaces/rm_interfaces/msg/armors.h
[9.657s] -- Installing: /home/ckl/RM/Combat_vision2026/install/rm_interfaces/include/rm_interfaces/rm_interfaces/msg/target.h
[9.657s] -- Installing: /home/ckl/RM/Combat_vision2026/install/rm_interfaces/include/rm_interfaces/rm_interfaces/msg/measurement.h
[9.658s] -- Installing: /home/ckl/RM/Combat_vision2026/install/rm_interfaces/include/rm_interfaces/rm_interfaces/msg/detail
[9.658s] -- Installing: /home/ckl/RM/Combat_vision2026/install/rm_interfaces/include/rm_interfaces/rm_interfaces/msg/detail/debug_armors__type_support.h
[9.658s] -- Installing: /home/ckl/RM/Combat_vision2026/install/rm_interfaces/include/rm_interfaces/rm_interfaces/msg/detail/rune_target__type_support.h
[9.658s] -- Installing: /home/ckl/RM/Combat_vision2026/install/rm_interfaces/include/rm_interfaces/rm_interfaces/msg/detail/point2d__struct.h
[9.658s] -- Installing: /home/ckl/RM/Combat_vision2026/install/rm_interfaces/include/rm_interfaces/rm_interfaces/msg/detail/armors__functions.h
[9.658s] -- Installing: /home/ckl/RM/Combat_vision2026/install/rm_interfaces/include/rm_interfaces/rm_interfaces/msg/detail/debug_armor__type_support.h
[9.658s] -- Installing: /home/ckl/RM/Combat_vision2026/install/rm_interfaces/include/rm_interfaces/rm_interfaces/msg/detail/armors__type_support.h
[9.659s] -- Installing: /home/ckl/RM/Combat_vision2026/install/rm_interfaces/include/rm_interfaces/rm_interfaces/msg/detail/debug_lights__type_support.h
[9.659s] -- Installing: /home/ckl/RM/Combat_vision2026/install/rm_interfaces/include/rm_interfaces/rm_interfaces/msg/detail/debug_armors__struct.h
[9.659s] -- Installing: /home/ckl/RM/Combat_vision2026/install/rm_interfaces/include/rm_interfaces/rm_interfaces/msg/detail/measurement__functions.h
[9.659s] -- Installing: /home/ckl/RM/Combat_vision2026/install/rm_interfaces/include/rm_interfaces/rm_interfaces/msg/detail/operator_command__functions.h
[9.659s] -- Installing: /home/ckl/RM/Combat_vision2026/install/rm_interfaces/include/rm_interfaces/rm_interfaces/msg/detail/target__struct.h
[9.659s] -- Installing: /home/ckl/RM/Combat_vision2026/install/rm_interfaces/include/rm_interfaces/rm_interfaces/msg/detail/serial_receive_data__struct.h
[9.659s] -- Installing: /home/ckl/RM/Combat_vision2026/install/rm_interfaces/include/rm_interfaces/rm_interfaces/msg/detail/armors__functions.c
[9.660s] -- Installing: /home/ckl/RM/Combat_vision2026/install/rm_interfaces/include/rm_interfaces/rm_interfaces/msg/detail/armor__functions.h
[9.660s] -- Installing: /home/ckl/RM/Combat_vision2026/install/rm_interfaces/include/rm_interfaces/rm_interfaces/msg/detail/debug_light__struct.h
[9.660s] -- Installing: /home/ckl/RM/Combat_vision2026/install/rm_interfaces/include/rm_interfaces/rm_interfaces/msg/detail/debug_lights__functions.h
[9.660s] -- Installing: /home/ckl/RM/Combat_vision2026/install/rm_interfaces/include/rm_interfaces/rm_interfaces/msg/detail/debug_lights__struct.h
[9.660s] -- Installing: /home/ckl/RM/Combat_vision2026/install/rm_interfaces/include/rm_interfaces/rm_interfaces/msg/detail/debug_light__functions.h
[9.660s] -- Installing: /home/ckl/RM/Combat_vision2026/install/rm_interfaces/include/rm_interfaces/rm_interfaces/msg/detail/measurement__type_support.h
[9.661s] -- Installing: /home/ckl/RM/Combat_vision2026/install/rm_interfaces/include/rm_interfaces/rm_interfaces/msg/detail/armor__functions.c
[9.661s] -- Installing: /home/ckl/RM/Combat_vision2026/install/rm_interfaces/include/rm_interfaces/rm_interfaces/msg/detail/operator_command__type_support.h
[9.661s] -- Installing: /home/ckl/RM/Combat_vision2026/install/rm_interfaces/include/rm_interfaces/rm_interfaces/msg/detail/debug_armor__functions.h
[9.661s] -- Installing: /home/ckl/RM/Combat_vision2026/install/rm_interfaces/include/rm_interfaces/rm_interfaces/msg/detail/target__type_support.h
[9.661s] -- Installing: /home/ckl/RM/Combat_vision2026/install/rm_interfaces/include/rm_interfaces/rm_interfaces/msg/detail/point2d__functions.c
[9.661s] -- Installing: /home/ckl/RM/Combat_vision2026/install/rm_interfaces/include/rm_interfaces/rm_interfaces/msg/detail/chassis_cmd__functions.c
[9.661s] -- Installing: /home/ckl/RM/Combat_vision2026/install/rm_interfaces/include/rm_interfaces/rm_interfaces/msg/detail/debug_lights__functions.c
[9.662s] -- Installing: /home/ckl/RM/Combat_vision2026/install/rm_interfaces/include/rm_interfaces/rm_interfaces/msg/detail/point2d__functions.h
[9.662s] -- Installing: /home/ckl/RM/Combat_vision2026/install/rm_interfaces/include/rm_interfaces/rm_interfaces/msg/detail/chassis_cmd__functions.h
[9.662s] -- Installing: /home/ckl/RM/Combat_vision2026/install/rm_interfaces/include/rm_interfaces/rm_interfaces/msg/detail/gimbal_cmd__type_support.h
[9.662s] -- Installing: /home/ckl/RM/Combat_vision2026/install/rm_interfaces/include/rm_interfaces/rm_interfaces/msg/detail/rune_target__struct.h
[9.662s] -- Installing: /home/ckl/RM/Combat_vision2026/install/rm_interfaces/include/rm_interfaces/rm_interfaces/msg/detail/debug_light__type_support.h
[9.662s] -- Installing: /home/ckl/RM/Combat_vision2026/install/rm_interfaces/include/rm_interfaces/rm_interfaces/msg/detail/debug_armor__struct.h
[9.662s] -- Installing: /home/ckl/RM/Combat_vision2026/install/rm_interfaces/include/rm_interfaces/rm_interfaces/msg/detail/debug_armors__functions.c
[9.663s] -- Installing: /home/ckl/RM/Combat_vision2026/install/rm_interfaces/include/rm_interfaces/rm_interfaces/msg/detail/debug_light__functions.c
[9.663s] -- Installing: /home/ckl/RM/Combat_vision2026/install/rm_interfaces/include/rm_interfaces/rm_interfaces/msg/detail/rune_target__functions.c
[9.663s] -- Installing: /home/ckl/RM/Combat_vision2026/install/rm_interfaces/include/rm_interfaces/rm_interfaces/msg/detail/gimbal_cmd__struct.h
[9.663s] -- Installing: /home/ckl/RM/Combat_vision2026/install/rm_interfaces/include/rm_interfaces/rm_interfaces/msg/detail/chassis_cmd__type_support.h
[9.663s] -- Installing: /home/ckl/RM/Combat_vision2026/install/rm_interfaces/include/rm_interfaces/rm_interfaces/msg/detail/judge_system_data__type_support.h
[9.663s] -- Installing: /home/ckl/RM/Combat_vision2026/install/rm_interfaces/include/rm_interfaces/rm_interfaces/msg/detail/target__functions.h
[9.663s] -- Installing: /home/ckl/RM/Combat_vision2026/install/rm_interfaces/include/rm_interfaces/rm_interfaces/msg/detail/serial_receive_data__type_support.h
[9.663s] -- Installing: /home/ckl/RM/Combat_vision2026/install/rm_interfaces/include/rm_interfaces/rm_interfaces/msg/detail/gimbal_cmd__functions.c
[9.664s] -- Installing: /home/ckl/RM/Combat_vision2026/install/rm_interfaces/include/rm_interfaces/rm_interfaces/msg/detail/point2d__type_support.h
[9.664s] -- Installing: /home/ckl/RM/Combat_vision2026/install/rm_interfaces/include/rm_interfaces/rm_interfaces/msg/detail/debug_rune_angle__functions.h
[9.664s] -- Installing: /home/ckl/RM/Combat_vision2026/install/rm_interfaces/include/rm_interfaces/rm_interfaces/msg/detail/armor__type_support.h
[9.664s] -- Installing: /home/ckl/RM/Combat_vision2026/install/rm_interfaces/include/rm_interfaces/rm_interfaces/msg/detail/judge_system_data__functions.h
[9.664s] -- Installing: /home/ckl/RM/Combat_vision2026/install/rm_interfaces/include/rm_interfaces/rm_interfaces/msg/detail/operator_command__struct.h
[9.664s] -- Installing: /home/ckl/RM/Combat_vision2026/install/rm_interfaces/include/rm_interfaces/rm_interfaces/msg/detail/debug_armor__functions.c
[9.664s] -- Installing: /home/ckl/RM/Combat_vision2026/install/rm_interfaces/include/rm_interfaces/rm_interfaces/msg/detail/judge_system_data__functions.c
[9.664s] -- Installing: /home/ckl/RM/Combat_vision2026/install/rm_interfaces/include/rm_interfaces/rm_interfaces/msg/detail/serial_receive_data__functions.c
[9.665s] -- Installing: /home/ckl/RM/Combat_vision2026/install/rm_interfaces/include/rm_interfaces/rm_interfaces/msg/detail/chassis_cmd__struct.h
[9.665s] -- Installing: /home/ckl/RM/Combat_vision2026/install/rm_interfaces/include/rm_interfaces/rm_interfaces/msg/detail/operator_command__functions.c
[9.665s] -- Installing: /home/ckl/RM/Combat_vision2026/install/rm_interfaces/include/rm_interfaces/rm_interfaces/msg/detail/measurement__functions.c
[9.665s] -- Installing: /home/ckl/RM/Combat_vision2026/install/rm_interfaces/include/rm_interfaces/rm_interfaces/msg/detail/debug_armors__functions.h
[9.665s] -- Installing: /home/ckl/RM/Combat_vision2026/install/rm_interfaces/include/rm_interfaces/rm_interfaces/msg/detail/armors__struct.h
[9.665s] -- Installing: /home/ckl/RM/Combat_vision2026/install/rm_interfaces/include/rm_interfaces/rm_interfaces/msg/detail/measurement__struct.h
[9.665s] -- Installing: /home/ckl/RM/Combat_vision2026/install/rm_interfaces/include/rm_interfaces/rm_interfaces/msg/detail/debug_rune_angle__type_support.h
[9.666s] -- Installing: /home/ckl/RM/Combat_vision2026/install/rm_interfaces/include/rm_interfaces/rm_interfaces/msg/detail/target__functions.c
[9.666s] -- Installing: /home/ckl/RM/Combat_vision2026/install/rm_interfaces/include/rm_interfaces/rm_interfaces/msg/detail/judge_system_data__struct.h
[9.666s] -- Installing: /home/ckl/RM/Combat_vision2026/install/rm_interfaces/include/rm_interfaces/rm_interfaces/msg/detail/armor__struct.h
[9.666s] -- Installing: /home/ckl/RM/Combat_vision2026/install/rm_interfaces/include/rm_interfaces/rm_interfaces/msg/detail/serial_receive_data__functions.h
[9.666s] -- Installing: /home/ckl/RM/Combat_vision2026/install/rm_interfaces/include/rm_interfaces/rm_interfaces/msg/detail/debug_rune_angle__functions.c
[9.666s] -- Installing: /home/ckl/RM/Combat_vision2026/install/rm_interfaces/include/rm_interfaces/rm_interfaces/msg/detail/rune_target__functions.h
[9.666s] -- Installing: /home/ckl/RM/Combat_vision2026/install/rm_interfaces/include/rm_interfaces/rm_interfaces/msg/detail/debug_rune_angle__struct.h
[9.667s] -- Installing: /home/ckl/RM/Combat_vision2026/install/rm_interfaces/include/rm_interfaces/rm_interfaces/msg/detail/gimbal_cmd__functions.h
[9.667s] -- Installing: /home/ckl/RM/Combat_vision2026/install/rm_interfaces/include/rm_interfaces/rm_interfaces/msg/rune_target.h
[9.667s] -- Installing: /home/ckl/RM/Combat_vision2026/install/rm_interfaces/include/rm_interfaces/rm_interfaces/msg/gimbal_cmd.h
[9.667s] -- Installing: /home/ckl/RM/Combat_vision2026/install/rm_interfaces/include/rm_interfaces/rm_interfaces/msg/chassis_cmd.h
[9.667s] -- Installing: /home/ckl/RM/Combat_vision2026/install/rm_interfaces/share/rm_interfaces/environment/library_path.sh
[9.667s] -- Installing: /home/ckl/RM/Combat_vision2026/install/rm_interfaces/share/rm_interfaces/environment/library_path.dsv
[9.668s] -- Installing: /home/ckl/RM/Combat_vision2026/install/rm_interfaces/lib/librm_interfaces__rosidl_generator_c.so
[9.668s] -- Set non-toolchain portion of runtime path of "/home/ckl/RM/Combat_vision2026/install/rm_interfaces/lib/librm_interfaces__rosidl_generator_c.so" to ""
[9.668s] -- Up-to-date: /home/ckl/RM/Combat_vision2026/install/rm_interfaces/include/rm_interfaces/rm_interfaces
[9.668s] -- Up-to-date: /home/ckl/RM/Combat_vision2026/install/rm_interfaces/include/rm_interfaces/rm_interfaces/srv
[9.668s] -- Up-to-date: /home/ckl/RM/Combat_vision2026/install/rm_interfaces/include/rm_interfaces/rm_interfaces/srv/detail
[9.668s] -- Installing: /home/ckl/RM/Combat_vision2026/install/rm_interfaces/include/rm_interfaces/rm_interfaces/srv/detail/set_mode__rosidl_typesupport_fastrtps_c.h
[9.668s] -- Up-to-date: /home/ckl/RM/Combat_vision2026/install/rm_interfaces/include/rm_interfaces/rm_interfaces/msg
[9.668s] -- Installing: /home/ckl/RM/Combat_vision2026/install/rm_interfaces/include/rm_interfaces/rm_interfaces/msg/rosidl_typesupport_fastrtps_c__visibility_control.h
[9.669s] -- Up-to-date: /home/ckl/RM/Combat_vision2026/install/rm_interfaces/include/rm_interfaces/rm_interfaces/msg/detail
[9.669s] -- Installing: /home/ckl/RM/Combat_vision2026/install/rm_interfaces/include/rm_interfaces/rm_interfaces/msg/detail/judge_system_data__rosidl_typesupport_fastrtps_c.h
[9.669s] -- Installing: /home/ckl/RM/Combat_vision2026/install/rm_interfaces/include/rm_interfaces/rm_interfaces/msg/detail/operator_command__rosidl_typesupport_fastrtps_c.h
[9.669s] -- Installing: /home/ckl/RM/Combat_vision2026/install/rm_interfaces/include/rm_interfaces/rm_interfaces/msg/detail/gimbal_cmd__rosidl_typesupport_fastrtps_c.h
[9.669s] -- Installing: /home/ckl/RM/Combat_vision2026/install/rm_interfaces/include/rm_interfaces/rm_interfaces/msg/detail/debug_light__rosidl_typesupport_fastrtps_c.h
[9.669s] -- Installing: /home/ckl/RM/Combat_vision2026/install/rm_interfaces/include/rm_interfaces/rm_interfaces/msg/detail/debug_rune_angle__rosidl_typesupport_fastrtps_c.h
[9.669s] -- Installing: /home/ckl/RM/Combat_vision2026/install/rm_interfaces/include/rm_interfaces/rm_interfaces/msg/detail/debug_armor__rosidl_typesupport_fastrtps_c.h
[9.669s] -- Installing: /home/ckl/RM/Combat_vision2026/install/rm_interfaces/include/rm_interfaces/rm_interfaces/msg/detail/chassis_cmd__rosidl_typesupport_fastrtps_c.h
[9.670s] -- Installing: /home/ckl/RM/Combat_vision2026/install/rm_interfaces/include/rm_interfaces/rm_interfaces/msg/detail/measurement__rosidl_typesupport_fastrtps_c.h
[9.670s] -- Installing: /home/ckl/RM/Combat_vision2026/install/rm_interfaces/include/rm_interfaces/rm_interfaces/msg/detail/armors__rosidl_typesupport_fastrtps_c.h
[9.670s] -- Installing: /home/ckl/RM/Combat_vision2026/install/rm_interfaces/include/rm_interfaces/rm_interfaces/msg/detail/debug_lights__rosidl_typesupport_fastrtps_c.h
[9.670s] -- Installing: /home/ckl/RM/Combat_vision2026/install/rm_interfaces/include/rm_interfaces/rm_interfaces/msg/detail/armor__rosidl_typesupport_fastrtps_c.h
[9.670s] -- Installing: /home/ckl/RM/Combat_vision2026/install/rm_interfaces/include/rm_interfaces/rm_interfaces/msg/detail/serial_receive_data__rosidl_typesupport_fastrtps_c.h
[9.670s] -- Installing: /home/ckl/RM/Combat_vision2026/install/rm_interfaces/include/rm_interfaces/rm_interfaces/msg/detail/target__rosidl_typesupport_fastrtps_c.h
[9.670s] -- Installing: /home/ckl/RM/Combat_vision2026/install/rm_interfaces/include/rm_interfaces/rm_interfaces/msg/detail/rune_target__rosidl_typesupport_fastrtps_c.h
[9.671s] -- Installing: /home/ckl/RM/Combat_vision2026/install/rm_interfaces/include/rm_interfaces/rm_interfaces/msg/detail/debug_armors__rosidl_typesupport_fastrtps_c.h
[9.671s] -- Installing: /home/ckl/RM/Combat_vision2026/install/rm_interfaces/include/rm_interfaces/rm_interfaces/msg/detail/point2d__rosidl_typesupport_fastrtps_c.h
[9.671s] -- Installing: /home/ckl/RM/Combat_vision2026/install/rm_interfaces/lib/librm_interfaces__rosidl_typesupport_fastrtps_c.so
[9.672s] -- Set non-toolchain portion of runtime path of "/home/ckl/RM/Combat_vision2026/install/rm_interfaces/lib/librm_interfaces__rosidl_typesupport_fastrtps_c.so" to ""
[9.672s] -- Up-to-date: /home/ckl/RM/Combat_vision2026/install/rm_interfaces/include/rm_interfaces/rm_interfaces
[9.672s] -- Up-to-date: /home/ckl/RM/Combat_vision2026/install/rm_interfaces/include/rm_interfaces/rm_interfaces/srv
[9.672s] -- Up-to-date: /home/ckl/RM/Combat_vision2026/install/rm_interfaces/include/rm_interfaces/rm_interfaces/srv/detail
[9.672s] -- Installing: /home/ckl/RM/Combat_vision2026/install/rm_interfaces/include/rm_interfaces/rm_interfaces/srv/detail/set_mode__rosidl_typesupport_introspection_c.h
[9.672s] -- Installing: /home/ckl/RM/Combat_vision2026/install/rm_interfaces/include/rm_interfaces/rm_interfaces/srv/detail/set_mode__type_support.c
[9.672s] -- Up-to-date: /home/ckl/RM/Combat_vision2026/install/rm_interfaces/include/rm_interfaces/rm_interfaces/msg
[9.672s] -- Installing: /home/ckl/RM/Combat_vision2026/install/rm_interfaces/include/rm_interfaces/rm_interfaces/msg/rosidl_typesupport_introspection_c__visibility_control.h
[9.672s] -- Up-to-date: /home/ckl/RM/Combat_vision2026/install/rm_interfaces/include/rm_interfaces/rm_interfaces/msg/detail
[9.672s] -- Installing: /home/ckl/RM/Combat_vision2026/install/rm_interfaces/include/rm_interfaces/rm_interfaces/msg/detail/operator_command__type_support.c
[9.673s] -- Installing: /home/ckl/RM/Combat_vision2026/install/rm_interfaces/include/rm_interfaces/rm_interfaces/msg/detail/point2d__rosidl_typesupport_introspection_c.h
[9.673s] -- Installing: /home/ckl/RM/Combat_vision2026/install/rm_interfaces/include/rm_interfaces/rm_interfaces/msg/detail/serial_receive_data__type_support.c
[9.673s] -- Installing: /home/ckl/RM/Combat_vision2026/install/rm_interfaces/include/rm_interfaces/rm_interfaces/msg/detail/debug_rune_angle__type_support.c
[9.673s] -- Installing: /home/ckl/RM/Combat_vision2026/install/rm_interfaces/include/rm_interfaces/rm_interfaces/msg/detail/debug_lights__rosidl_typesupport_introspection_c.h
[9.673s] -- Installing: /home/ckl/RM/Combat_vision2026/install/rm_interfaces/include/rm_interfaces/rm_interfaces/msg/detail/debug_rune_angle__rosidl_typesupport_introspection_c.h
[9.673s] -- Installing: /home/ckl/RM/Combat_vision2026/install/rm_interfaces/include/rm_interfaces/rm_interfaces/msg/detail/debug_armors__type_support.c
[9.673s] -- Installing: /home/ckl/RM/Combat_vision2026/install/rm_interfaces/include/rm_interfaces/rm_interfaces/msg/detail/point2d__type_support.c
[9.673s] -- Installing: /home/ckl/RM/Combat_vision2026/install/rm_interfaces/include/rm_interfaces/rm_interfaces/msg/detail/measurement__type_support.c
[9.673s] -- Installing: /home/ckl/RM/Combat_vision2026/install/rm_interfaces/include/rm_interfaces/rm_interfaces/msg/detail/armors__type_support.c
[9.674s] -- Installing: /home/ckl/RM/Combat_vision2026/install/rm_interfaces/include/rm_interfaces/rm_interfaces/msg/detail/gimbal_cmd__rosidl_typesupport_introspection_c.h
[9.674s] -- Installing: /home/ckl/RM/Combat_vision2026/install/rm_interfaces/include/rm_interfaces/rm_interfaces/msg/detail/debug_armor__rosidl_typesupport_introspection_c.h
[9.674s] -- Installing: /home/ckl/RM/Combat_vision2026/install/rm_interfaces/include/rm_interfaces/rm_interfaces/msg/detail/chassis_cmd__rosidl_typesupport_introspection_c.h
[9.674s] -- Installing: /home/ckl/RM/Combat_vision2026/install/rm_interfaces/include/rm_interfaces/rm_interfaces/msg/detail/armor__type_support.c
[9.674s] -- Installing: /home/ckl/RM/Combat_vision2026/install/rm_interfaces/include/rm_interfaces/rm_interfaces/msg/detail/measurement__rosidl_typesupport_introspection_c.h
[9.674s] -- Installing: /home/ckl/RM/Combat_vision2026/install/rm_interfaces/include/rm_interfaces/rm_interfaces/msg/detail/rune_target__type_support.c
[9.674s] -- Installing: /home/ckl/RM/Combat_vision2026/install/rm_interfaces/include/rm_interfaces/rm_interfaces/msg/detail/chassis_cmd__type_support.c
[9.675s] -- Installing: /home/ckl/RM/Combat_vision2026/install/rm_interfaces/include/rm_interfaces/rm_interfaces/msg/detail/armor__rosidl_typesupport_introspection_c.h
[9.675s] -- Installing: /home/ckl/RM/Combat_vision2026/install/rm_interfaces/include/rm_interfaces/rm_interfaces/msg/detail/operator_command__rosidl_typesupport_introspection_c.h
[9.675s] -- Installing: /home/ckl/RM/Combat_vision2026/install/rm_interfaces/include/rm_interfaces/rm_interfaces/msg/detail/serial_receive_data__rosidl_typesupport_introspection_c.h
[9.675s] -- Installing: /home/ckl/RM/Combat_vision2026/install/rm_interfaces/include/rm_interfaces/rm_interfaces/msg/detail/debug_armors__rosidl_typesupport_introspection_c.h
[9.675s] -- Installing: /home/ckl/RM/Combat_vision2026/install/rm_interfaces/include/rm_interfaces/rm_interfaces/msg/detail/judge_system_data__type_support.c
[9.675s] -- Installing: /home/ckl/RM/Combat_vision2026/install/rm_interfaces/include/rm_interfaces/rm_interfaces/msg/detail/target__type_support.c
[9.676s] -- Installing: /home/ckl/RM/Combat_vision2026/install/rm_interfaces/include/rm_interfaces/rm_interfaces/msg/detail/debug_light__type_support.c
[9.676s] -- Installing: /home/ckl/RM/Combat_vision2026/install/rm_interfaces/include/rm_interfaces/rm_interfaces/msg/detail/gimbal_cmd__type_support.c
[9.676s] -- Installing: /home/ckl/RM/Combat_vision2026/install/rm_interfaces/include/rm_interfaces/rm_interfaces/msg/detail/armors__rosidl_typesupport_introspection_c.h
[9.676s] -- Installing: /home/ckl/RM/Combat_vision2026/install/rm_interfaces/include/rm_interfaces/rm_interfaces/msg/detail/debug_armor__type_support.c
[9.676s] -- Installing: /home/ckl/RM/Combat_vision2026/install/rm_interfaces/include/rm_interfaces/rm_interfaces/msg/detail/rune_target__rosidl_typesupport_introspection_c.h
[9.676s] -- Installing: /home/ckl/RM/Combat_vision2026/install/rm_interfaces/include/rm_interfaces/rm_interfaces/msg/detail/debug_light__rosidl_typesupport_introspection_c.h
[9.676s] -- Installing: /home/ckl/RM/Combat_vision2026/install/rm_interfaces/include/rm_interfaces/rm_interfaces/msg/detail/target__rosidl_typesupport_introspection_c.h
[9.677s] -- Installing: /home/ckl/RM/Combat_vision2026/install/rm_interfaces/include/rm_interfaces/rm_interfaces/msg/detail/debug_lights__type_support.c
[9.677s] -- Installing: /home/ckl/RM/Combat_vision2026/install/rm_interfaces/include/rm_interfaces/rm_interfaces/msg/detail/judge_system_data__rosidl_typesupport_introspection_c.h
[9.677s] -- Installing: /home/ckl/RM/Combat_vision2026/install/rm_interfaces/lib/librm_interfaces__rosidl_typesupport_introspection_c.so
[9.677s] -- Set non-toolchain portion of runtime path of "/home/ckl/RM/Combat_vision2026/install/rm_interfaces/lib/librm_interfaces__rosidl_typesupport_introspection_c.so" to ""
[9.677s] -- Installing: /home/ckl/RM/Combat_vision2026/install/rm_interfaces/lib/librm_interfaces__rosidl_typesupport_c.so
[9.678s] -- Set non-toolchain portion of runtime path of "/home/ckl/RM/Combat_vision2026/install/rm_interfaces/lib/librm_interfaces__rosidl_typesupport_c.so" to ""
[9.678s] -- Up-to-date: /home/ckl/RM/Combat_vision2026/install/rm_interfaces/include/rm_interfaces/rm_interfaces
[9.678s] -- Up-to-date: /home/ckl/RM/Combat_vision2026/install/rm_interfaces/include/rm_interfaces/rm_interfaces/srv
[9.678s] -- Installing: /home/ckl/RM/Combat_vision2026/install/rm_interfaces/include/rm_interfaces/rm_interfaces/srv/set_mode.hpp
[9.678s] -- Up-to-date: /home/ckl/RM/Combat_vision2026/install/rm_interfaces/include/rm_interfaces/rm_interfaces/srv/detail
[9.678s] -- Installing: /home/ckl/RM/Combat_vision2026/install/rm_interfaces/include/rm_interfaces/rm_interfaces/srv/detail/set_mode__builder.hpp
[9.678s] -- Installing: /home/ckl/RM/Combat_vision2026/install/rm_interfaces/include/rm_interfaces/rm_interfaces/srv/detail/set_mode__struct.hpp
[9.678s] -- Installing: /home/ckl/RM/Combat_vision2026/install/rm_interfaces/include/rm_interfaces/rm_interfaces/srv/detail/set_mode__type_support.hpp
[9.678s] -- Installing: /home/ckl/RM/Combat_vision2026/install/rm_interfaces/include/rm_interfaces/rm_interfaces/srv/detail/set_mode__traits.hpp
[9.678s] -- Up-to-date: /home/ckl/RM/Combat_vision2026/install/rm_interfaces/include/rm_interfaces/rm_interfaces/msg
[9.679s] -- Installing: /home/ckl/RM/Combat_vision2026/install/rm_interfaces/include/rm_interfaces/rm_interfaces/msg/point2d.hpp
[9.679s] -- Installing: /home/ckl/RM/Combat_vision2026/install/rm_interfaces/include/rm_interfaces/rm_interfaces/msg/judge_system_data.hpp
[9.679s] -- Installing: /home/ckl/RM/Combat_vision2026/install/rm_interfaces/include/rm_interfaces/rm_interfaces/msg/rosidl_generator_cpp__visibility_control.hpp
[9.679s] -- Installing: /home/ckl/RM/Combat_vision2026/install/rm_interfaces/include/rm_interfaces/rm_interfaces/msg/operator_command.hpp
[9.679s] -- Installing: /home/ckl/RM/Combat_vision2026/install/rm_interfaces/include/rm_interfaces/rm_interfaces/msg/armor.hpp
[9.679s] -- Installing: /home/ckl/RM/Combat_vision2026/install/rm_interfaces/include/rm_interfaces/rm_interfaces/msg/armors.hpp
[9.679s] -- Installing: /home/ckl/RM/Combat_vision2026/install/rm_interfaces/include/rm_interfaces/rm_interfaces/msg/serial_receive_data.hpp
[9.679s] -- Installing: /home/ckl/RM/Combat_vision2026/install/rm_interfaces/include/rm_interfaces/rm_interfaces/msg/gimbal_cmd.hpp
[9.680s] -- Installing: /home/ckl/RM/Combat_vision2026/install/rm_interfaces/include/rm_interfaces/rm_interfaces/msg/debug_armor.hpp
[9.680s] -- Installing: /home/ckl/RM/Combat_vision2026/install/rm_interfaces/include/rm_interfaces/rm_interfaces/msg/measurement.hpp
[9.680s] -- Installing: /home/ckl/RM/Combat_vision2026/install/rm_interfaces/include/rm_interfaces/rm_interfaces/msg/debug_rune_angle.hpp
[9.680s] -- Installing: /home/ckl/RM/Combat_vision2026/install/rm_interfaces/include/rm_interfaces/rm_interfaces/msg/debug_light.hpp
[9.680s] -- Installing: /home/ckl/RM/Combat_vision2026/install/rm_interfaces/include/rm_interfaces/rm_interfaces/msg/debug_armors.hpp
[9.680s] -- Installing: /home/ckl/RM/Combat_vision2026/install/rm_interfaces/include/rm_interfaces/rm_interfaces/msg/debug_lights.hpp
[9.680s] -- Up-to-date: /home/ckl/RM/Combat_vision2026/install/rm_interfaces/include/rm_interfaces/rm_interfaces/msg/detail
[9.680s] -- Installing: /home/ckl/RM/Combat_vision2026/install/rm_interfaces/include/rm_interfaces/rm_interfaces/msg/detail/armor__builder.hpp
[9.681s] -- Installing: /home/ckl/RM/Combat_vision2026/install/rm_interfaces/include/rm_interfaces/rm_interfaces/msg/detail/debug_armors__type_support.hpp
[9.681s] -- Installing: /home/ckl/RM/Combat_vision2026/install/rm_interfaces/include/rm_interfaces/rm_interfaces/msg/detail/point2d__builder.hpp
[9.681s] -- Installing: /home/ckl/RM/Combat_vision2026/install/rm_interfaces/include/rm_interfaces/rm_interfaces/msg/detail/point2d__struct.hpp
[9.681s] -- Installing: /home/ckl/RM/Combat_vision2026/install/rm_interfaces/include/rm_interfaces/rm_interfaces/msg/detail/debug_rune_angle__struct.hpp
[9.681s] -- Installing: /home/ckl/RM/Combat_vision2026/install/rm_interfaces/include/rm_interfaces/rm_interfaces/msg/detail/debug_armors__traits.hpp
[9.681s] -- Installing: /home/ckl/RM/Combat_vision2026/install/rm_interfaces/include/rm_interfaces/rm_interfaces/msg/detail/target__struct.hpp
[9.681s] -- Installing: /home/ckl/RM/Combat_vision2026/install/rm_interfaces/include/rm_interfaces/rm_interfaces/msg/detail/rune_target__traits.hpp
[9.682s] -- Installing: /home/ckl/RM/Combat_vision2026/install/rm_interfaces/include/rm_interfaces/rm_interfaces/msg/detail/debug_lights__traits.hpp
[9.682s] -- Installing: /home/ckl/RM/Combat_vision2026/install/rm_interfaces/include/rm_interfaces/rm_interfaces/msg/detail/debug_light__builder.hpp
[9.682s] -- Installing: /home/ckl/RM/Combat_vision2026/install/rm_interfaces/include/rm_interfaces/rm_interfaces/msg/detail/debug_armor__struct.hpp
[9.682s] -- Installing: /home/ckl/RM/Combat_vision2026/install/rm_interfaces/include/rm_interfaces/rm_interfaces/msg/detail/debug_light__struct.hpp
[9.682s] -- Installing: /home/ckl/RM/Combat_vision2026/install/rm_interfaces/include/rm_interfaces/rm_interfaces/msg/detail/debug_armor__traits.hpp
[9.682s] -- Installing: /home/ckl/RM/Combat_vision2026/install/rm_interfaces/include/rm_interfaces/rm_interfaces/msg/detail/chassis_cmd__type_support.hpp
[9.682s] -- Installing: /home/ckl/RM/Combat_vision2026/install/rm_interfaces/include/rm_interfaces/rm_interfaces/msg/detail/operator_command__builder.hpp
[9.683s] -- Installing: /home/ckl/RM/Combat_vision2026/install/rm_interfaces/include/rm_interfaces/rm_interfaces/msg/detail/armors__type_support.hpp
[9.683s] -- Installing: /home/ckl/RM/Combat_vision2026/install/rm_interfaces/include/rm_interfaces/rm_interfaces/msg/detail/measurement__traits.hpp
[9.683s] -- Installing: /home/ckl/RM/Combat_vision2026/install/rm_interfaces/include/rm_interfaces/rm_interfaces/msg/detail/gimbal_cmd__type_support.hpp
[9.683s] -- Installing: /home/ckl/RM/Combat_vision2026/install/rm_interfaces/include/rm_interfaces/rm_interfaces/msg/detail/serial_receive_data__traits.hpp
[9.683s] -- Installing: /home/ckl/RM/Combat_vision2026/install/rm_interfaces/include/rm_interfaces/rm_interfaces/msg/detail/target__traits.hpp
[9.683s] -- Installing: /home/ckl/RM/Combat_vision2026/install/rm_interfaces/include/rm_interfaces/rm_interfaces/msg/detail/serial_receive_data__type_support.hpp
[9.683s] -- Installing: /home/ckl/RM/Combat_vision2026/install/rm_interfaces/include/rm_interfaces/rm_interfaces/msg/detail/chassis_cmd__struct.hpp
[9.684s] -- Installing: /home/ckl/RM/Combat_vision2026/install/rm_interfaces/include/rm_interfaces/rm_interfaces/msg/detail/operator_command__type_support.hpp
[9.684s] -- Installing: /home/ckl/RM/Combat_vision2026/install/rm_interfaces/include/rm_interfaces/rm_interfaces/msg/detail/judge_system_data__builder.hpp
[9.684s] -- Installing: /home/ckl/RM/Combat_vision2026/install/rm_interfaces/include/rm_interfaces/rm_interfaces/msg/detail/debug_light__type_support.hpp
[9.684s] -- Installing: /home/ckl/RM/Combat_vision2026/install/rm_interfaces/include/rm_interfaces/rm_interfaces/msg/detail/serial_receive_data__builder.hpp
[9.684s] -- Installing: /home/ckl/RM/Combat_vision2026/install/rm_interfaces/include/rm_interfaces/rm_interfaces/msg/detail/rune_target__struct.hpp
[9.684s] -- Installing: /home/ckl/RM/Combat_vision2026/install/rm_interfaces/include/rm_interfaces/rm_interfaces/msg/detail/debug_light__traits.hpp
[9.684s] -- Installing: /home/ckl/RM/Combat_vision2026/install/rm_interfaces/include/rm_interfaces/rm_interfaces/msg/detail/armor__type_support.hpp
[9.685s] -- Installing: /home/ckl/RM/Combat_vision2026/install/rm_interfaces/include/rm_interfaces/rm_interfaces/msg/detail/measurement__builder.hpp
[9.685s] -- Installing: /home/ckl/RM/Combat_vision2026/install/rm_interfaces/include/rm_interfaces/rm_interfaces/msg/detail/armor__struct.hpp
[9.685s] -- Installing: /home/ckl/RM/Combat_vision2026/install/rm_interfaces/include/rm_interfaces/rm_interfaces/msg/detail/debug_lights__type_support.hpp
[9.685s] -- Installing: /home/ckl/RM/Combat_vision2026/install/rm_interfaces/include/rm_interfaces/rm_interfaces/msg/detail/debug_armors__builder.hpp
[9.685s] -- Installing: /home/ckl/RM/Combat_vision2026/install/rm_interfaces/include/rm_interfaces/rm_interfaces/msg/detail/rune_target__type_support.hpp
[9.685s] -- Installing: /home/ckl/RM/Combat_vision2026/install/rm_interfaces/include/rm_interfaces/rm_interfaces/msg/detail/target__builder.hpp
[9.685s] -- Installing: /home/ckl/RM/Combat_vision2026/install/rm_interfaces/include/rm_interfaces/rm_interfaces/msg/detail/debug_rune_angle__traits.hpp
[9.686s] -- Installing: /home/ckl/RM/Combat_vision2026/install/rm_interfaces/include/rm_interfaces/rm_interfaces/msg/detail/judge_system_data__traits.hpp
[9.686s] -- Installing: /home/ckl/RM/Combat_vision2026/install/rm_interfaces/include/rm_interfaces/rm_interfaces/msg/detail/armors__builder.hpp
[9.686s] -- Installing: /home/ckl/RM/Combat_vision2026/install/rm_interfaces/include/rm_interfaces/rm_interfaces/msg/detail/armor__traits.hpp
[9.686s] -- Installing: /home/ckl/RM/Combat_vision2026/install/rm_interfaces/include/rm_interfaces/rm_interfaces/msg/detail/gimbal_cmd__struct.hpp
[9.686s] -- Installing: /home/ckl/RM/Combat_vision2026/install/rm_interfaces/include/rm_interfaces/rm_interfaces/msg/detail/point2d__traits.hpp
[9.686s] -- Installing: /home/ckl/RM/Combat_vision2026/install/rm_interfaces/include/rm_interfaces/rm_interfaces/msg/detail/judge_system_data__struct.hpp
[9.686s] -- Installing: /home/ckl/RM/Combat_vision2026/install/rm_interfaces/include/rm_interfaces/rm_interfaces/msg/detail/measurement__type_support.hpp
[9.687s] -- Installing: /home/ckl/RM/Combat_vision2026/install/rm_interfaces/include/rm_interfaces/rm_interfaces/msg/detail/chassis_cmd__traits.hpp
[9.687s] -- Installing: /home/ckl/RM/Combat_vision2026/install/rm_interfaces/include/rm_interfaces/rm_interfaces/msg/detail/target__type_support.hpp
[9.687s] -- Installing: /home/ckl/RM/Combat_vision2026/install/rm_interfaces/include/rm_interfaces/rm_interfaces/msg/detail/debug_lights__struct.hpp
[9.687s] -- Installing: /home/ckl/RM/Combat_vision2026/install/rm_interfaces/include/rm_interfaces/rm_interfaces/msg/detail/gimbal_cmd__builder.hpp
[9.687s] -- Installing: /home/ckl/RM/Combat_vision2026/install/rm_interfaces/include/rm_interfaces/rm_interfaces/msg/detail/point2d__type_support.hpp
[9.687s] -- Installing: /home/ckl/RM/Combat_vision2026/install/rm_interfaces/include/rm_interfaces/rm_interfaces/msg/detail/armors__traits.hpp
[9.687s] -- Installing: /home/ckl/RM/Combat_vision2026/install/rm_interfaces/include/rm_interfaces/rm_interfaces/msg/detail/serial_receive_data__struct.hpp
[9.688s] -- Installing: /home/ckl/RM/Combat_vision2026/install/rm_interfaces/include/rm_interfaces/rm_interfaces/msg/detail/debug_rune_angle__builder.hpp
[9.688s] -- Installing: /home/ckl/RM/Combat_vision2026/install/rm_interfaces/include/rm_interfaces/rm_interfaces/msg/detail/debug_armors__struct.hpp
[9.688s] -- Installing: /home/ckl/RM/Combat_vision2026/install/rm_interfaces/include/rm_interfaces/rm_interfaces/msg/detail/armors__struct.hpp
[9.688s] -- Installing: /home/ckl/RM/Combat_vision2026/install/rm_interfaces/include/rm_interfaces/rm_interfaces/msg/detail/debug_rune_angle__type_support.hpp
[9.688s] -- Installing: /home/ckl/RM/Combat_vision2026/install/rm_interfaces/include/rm_interfaces/rm_interfaces/msg/detail/operator_command__struct.hpp
[9.688s] -- Installing: /home/ckl/RM/Combat_vision2026/install/rm_interfaces/include/rm_interfaces/rm_interfaces/msg/detail/debug_armor__builder.hpp
[9.688s] -- Installing: /home/ckl/RM/Combat_vision2026/install/rm_interfaces/include/rm_interfaces/rm_interfaces/msg/detail/measurement__struct.hpp
[9.689s] -- Installing: /home/ckl/RM/Combat_vision2026/install/rm_interfaces/include/rm_interfaces/rm_interfaces/msg/detail/judge_system_data__type_support.hpp
[9.689s] -- Installing: /home/ckl/RM/Combat_vision2026/install/rm_interfaces/include/rm_interfaces/rm_interfaces/msg/detail/chassis_cmd__builder.hpp
[9.689s] -- Installing: /home/ckl/RM/Combat_vision2026/install/rm_interfaces/include/rm_interfaces/rm_interfaces/msg/detail/debug_lights__builder.hpp
[9.689s] -- Installing: /home/ckl/RM/Combat_vision2026/install/rm_interfaces/include/rm_interfaces/rm_interfaces/msg/detail/debug_armor__type_support.hpp
[9.689s] -- Installing: /home/ckl/RM/Combat_vision2026/install/rm_interfaces/include/rm_interfaces/rm_interfaces/msg/detail/rune_target__builder.hpp
[9.689s] -- Installing: /home/ckl/RM/Combat_vision2026/install/rm_interfaces/include/rm_interfaces/rm_interfaces/msg/detail/operator_command__traits.hpp
[9.689s] -- Installing: /home/ckl/RM/Combat_vision2026/install/rm_interfaces/include/rm_interfaces/rm_interfaces/msg/detail/gimbal_cmd__traits.hpp
[9.690s] -- Installing: /home/ckl/RM/Combat_vision2026/install/rm_interfaces/include/rm_interfaces/rm_interfaces/msg/rune_target.hpp
[9.690s] -- Installing: /home/ckl/RM/Combat_vision2026/install/rm_interfaces/include/rm_interfaces/rm_interfaces/msg/target.hpp
[9.690s] -- Installing: /home/ckl/RM/Combat_vision2026/install/rm_interfaces/include/rm_interfaces/rm_interfaces/msg/chassis_cmd.hpp
[9.690s] -- Up-to-date: /home/ckl/RM/Combat_vision2026/install/rm_interfaces/include/rm_interfaces/rm_interfaces
[9.690s] -- Up-to-date: /home/ckl/RM/Combat_vision2026/install/rm_interfaces/include/rm_interfaces/rm_interfaces/srv
[9.690s] -- Up-to-date: /home/ckl/RM/Combat_vision2026/install/rm_interfaces/include/rm_interfaces/rm_interfaces/srv/detail
[9.690s] -- Installing: /home/ckl/RM/Combat_vision2026/install/rm_interfaces/include/rm_interfaces/rm_interfaces/srv/detail/dds_fastrtps
[9.690s] -- Installing: /home/ckl/RM/Combat_vision2026/install/rm_interfaces/include/rm_interfaces/rm_interfaces/srv/detail/set_mode__rosidl_typesupport_fastrtps_cpp.hpp
[9.690s] -- Up-to-date: /home/ckl/RM/Combat_vision2026/install/rm_interfaces/include/rm_interfaces/rm_interfaces/msg
[9.691s] -- Up-to-date: /home/ckl/RM/Combat_vision2026/install/rm_interfaces/include/rm_interfaces/rm_interfaces/msg/detail
[9.691s] -- Installing: /home/ckl/RM/Combat_vision2026/install/rm_interfaces/include/rm_interfaces/rm_interfaces/msg/detail/dds_fastrtps
[9.691s] -- Installing: /home/ckl/RM/Combat_vision2026/install/rm_interfaces/include/rm_interfaces/rm_interfaces/msg/detail/judge_system_data__rosidl_typesupport_fastrtps_cpp.hpp
[9.691s] -- Installing: /home/ckl/RM/Combat_vision2026/install/rm_interfaces/include/rm_interfaces/rm_interfaces/msg/detail/armors__rosidl_typesupport_fastrtps_cpp.hpp
[9.691s] -- Installing: /home/ckl/RM/Combat_vision2026/install/rm_interfaces/include/rm_interfaces/rm_interfaces/msg/detail/debug_armors__rosidl_typesupport_fastrtps_cpp.hpp
[9.691s] -- Installing: /home/ckl/RM/Combat_vision2026/install/rm_interfaces/include/rm_interfaces/rm_interfaces/msg/detail/gimbal_cmd__rosidl_typesupport_fastrtps_cpp.hpp
[9.691s] -- Installing: /home/ckl/RM/Combat_vision2026/install/rm_interfaces/include/rm_interfaces/rm_interfaces/msg/detail/debug_lights__rosidl_typesupport_fastrtps_cpp.hpp
[9.691s] -- Installing: /home/ckl/RM/Combat_vision2026/install/rm_interfaces/include/rm_interfaces/rm_interfaces/msg/detail/chassis_cmd__rosidl_typesupport_fastrtps_cpp.hpp
[9.692s] -- Installing: /home/ckl/RM/Combat_vision2026/install/rm_interfaces/include/rm_interfaces/rm_interfaces/msg/detail/measurement__rosidl_typesupport_fastrtps_cpp.hpp
[9.692s] -- Installing: /home/ckl/RM/Combat_vision2026/install/rm_interfaces/include/rm_interfaces/rm_interfaces/msg/detail/debug_light__rosidl_typesupport_fastrtps_cpp.hpp
[9.692s] -- Installing: /home/ckl/RM/Combat_vision2026/install/rm_interfaces/include/rm_interfaces/rm_interfaces/msg/detail/debug_rune_angle__rosidl_typesupport_fastrtps_cpp.hpp
[9.692s] -- Installing: /home/ckl/RM/Combat_vision2026/install/rm_interfaces/include/rm_interfaces/rm_interfaces/msg/detail/armor__rosidl_typesupport_fastrtps_cpp.hpp
[9.692s] -- Installing: /home/ckl/RM/Combat_vision2026/install/rm_interfaces/include/rm_interfaces/rm_interfaces/msg/detail/debug_armor__rosidl_typesupport_fastrtps_cpp.hpp
[9.692s] -- Installing: /home/ckl/RM/Combat_vision2026/install/rm_interfaces/include/rm_interfaces/rm_interfaces/msg/detail/rune_target__rosidl_typesupport_fastrtps_cpp.hpp
[9.692s] -- Installing: /home/ckl/RM/Combat_vision2026/install/rm_interfaces/include/rm_interfaces/rm_interfaces/msg/detail/serial_receive_data__rosidl_typesupport_fastrtps_cpp.hpp
[9.693s] -- Installing: /home/ckl/RM/Combat_vision2026/install/rm_interfaces/include/rm_interfaces/rm_interfaces/msg/detail/operator_command__rosidl_typesupport_fastrtps_cpp.hpp
[9.693s] -- Installing: /home/ckl/RM/Combat_vision2026/install/rm_interfaces/include/rm_interfaces/rm_interfaces/msg/detail/target__rosidl_typesupport_fastrtps_cpp.hpp
[9.693s] -- Installing: /home/ckl/RM/Combat_vision2026/install/rm_interfaces/include/rm_interfaces/rm_interfaces/msg/detail/point2d__rosidl_typesupport_fastrtps_cpp.hpp
[9.693s] -- Installing: /home/ckl/RM/Combat_vision2026/install/rm_interfaces/include/rm_interfaces/rm_interfaces/msg/rosidl_typesupport_fastrtps_cpp__visibility_control.h
[9.693s] -- Installing: /home/ckl/RM/Combat_vision2026/install/rm_interfaces/lib/librm_interfaces__rosidl_typesupport_fastrtps_cpp.so
[9.694s] -- Set non-toolchain portion of runtime path of "/home/ckl/RM/Combat_vision2026/install/rm_interfaces/lib/librm_interfaces__rosidl_typesupport_fastrtps_cpp.so" to ""
[9.694s] -- Up-to-date: /home/ckl/RM/Combat_vision2026/install/rm_interfaces/include/rm_interfaces/rm_interfaces
[9.694s] -- Up-to-date: /home/ckl/RM/Combat_vision2026/install/rm_interfaces/include/rm_interfaces/rm_interfaces/srv
[9.694s] -- Up-to-date: /home/ckl/RM/Combat_vision2026/install/rm_interfaces/include/rm_interfaces/rm_interfaces/srv/detail
[9.694s] -- Installing: /home/ckl/RM/Combat_vision2026/install/rm_interfaces/include/rm_interfaces/rm_interfaces/srv/detail/set_mode__rosidl_typesupport_introspection_cpp.hpp
[9.694s] -- Installing: /home/ckl/RM/Combat_vision2026/install/rm_interfaces/include/rm_interfaces/rm_interfaces/srv/detail/set_mode__type_support.cpp
[9.694s] -- Up-to-date: /home/ckl/RM/Combat_vision2026/install/rm_interfaces/include/rm_interfaces/rm_interfaces/msg
[9.694s] -- Up-to-date: /home/ckl/RM/Combat_vision2026/install/rm_interfaces/include/rm_interfaces/rm_interfaces/msg/detail
[9.695s] -- Installing: /home/ckl/RM/Combat_vision2026/install/rm_interfaces/include/rm_interfaces/rm_interfaces/msg/detail/point2d__rosidl_typesupport_introspection_cpp.hpp
[9.695s] -- Installing: /home/ckl/RM/Combat_vision2026/install/rm_interfaces/include/rm_interfaces/rm_interfaces/msg/detail/debug_armor__rosidl_typesupport_introspection_cpp.hpp
[9.695s] -- Installing: /home/ckl/RM/Combat_vision2026/install/rm_interfaces/include/rm_interfaces/rm_interfaces/msg/detail/gimbal_cmd__rosidl_typesupport_introspection_cpp.hpp
[9.695s] -- Installing: /home/ckl/RM/Combat_vision2026/install/rm_interfaces/include/rm_interfaces/rm_interfaces/msg/detail/armors__type_support.cpp
[9.695s] -- Installing: /home/ckl/RM/Combat_vision2026/install/rm_interfaces/include/rm_interfaces/rm_interfaces/msg/detail/target__rosidl_typesupport_introspection_cpp.hpp
[9.695s] -- Installing: /home/ckl/RM/Combat_vision2026/install/rm_interfaces/include/rm_interfaces/rm_interfaces/msg/detail/serial_receive_data__rosidl_typesupport_introspection_cpp.hpp
[9.695s] -- Installing: /home/ckl/RM/Combat_vision2026/install/rm_interfaces/include/rm_interfaces/rm_interfaces/msg/detail/debug_armors__type_support.cpp
[9.695s] -- Installing: /home/ckl/RM/Combat_vision2026/install/rm_interfaces/include/rm_interfaces/rm_interfaces/msg/detail/debug_lights__type_support.cpp
[9.696s] -- Installing: /home/ckl/RM/Combat_vision2026/install/rm_interfaces/include/rm_interfaces/rm_interfaces/msg/detail/target__type_support.cpp
[9.696s] -- Installing: /home/ckl/RM/Combat_vision2026/install/rm_interfaces/include/rm_interfaces/rm_interfaces/msg/detail/judge_system_data__type_support.cpp
[9.696s] -- Installing: /home/ckl/RM/Combat_vision2026/install/rm_interfaces/include/rm_interfaces/rm_interfaces/msg/detail/armor__rosidl_typesupport_introspection_cpp.hpp
[9.696s] -- Installing: /home/ckl/RM/Combat_vision2026/install/rm_interfaces/include/rm_interfaces/rm_interfaces/msg/detail/debug_lights__rosidl_typesupport_introspection_cpp.hpp
[9.696s] -- Installing: /home/ckl/RM/Combat_vision2026/install/rm_interfaces/include/rm_interfaces/rm_interfaces/msg/detail/debug_light__type_support.cpp
[9.696s] -- Installing: /home/ckl/RM/Combat_vision2026/install/rm_interfaces/include/rm_interfaces/rm_interfaces/msg/detail/debug_armors__rosidl_typesupport_introspection_cpp.hpp
[9.696s] -- Installing: /home/ckl/RM/Combat_vision2026/install/rm_interfaces/include/rm_interfaces/rm_interfaces/msg/detail/armor__type_support.cpp
[9.697s] -- Installing: /home/ckl/RM/Combat_vision2026/install/rm_interfaces/include/rm_interfaces/rm_interfaces/msg/detail/debug_armor__type_support.cpp
[9.697s] -- Installing: /home/ckl/RM/Combat_vision2026/install/rm_interfaces/include/rm_interfaces/rm_interfaces/msg/detail/point2d__type_support.cpp
[9.697s] -- Installing: /home/ckl/RM/Combat_vision2026/install/rm_interfaces/include/rm_interfaces/rm_interfaces/msg/detail/rune_target__type_support.cpp
[9.697s] -- Installing: /home/ckl/RM/Combat_vision2026/install/rm_interfaces/include/rm_interfaces/rm_interfaces/msg/detail/debug_rune_angle__type_support.cpp
[9.697s] -- Installing: /home/ckl/RM/Combat_vision2026/install/rm_interfaces/include/rm_interfaces/rm_interfaces/msg/detail/debug_light__rosidl_typesupport_introspection_cpp.hpp
[9.697s] -- Installing: /home/ckl/RM/Combat_vision2026/install/rm_interfaces/include/rm_interfaces/rm_interfaces/msg/detail/debug_rune_angle__rosidl_typesupport_introspection_cpp.hpp
[9.697s] -- Installing: /home/ckl/RM/Combat_vision2026/install/rm_interfaces/include/rm_interfaces/rm_interfaces/msg/detail/armors__rosidl_typesupport_introspection_cpp.hpp
[9.698s] -- Installing: /home/ckl/RM/Combat_vision2026/install/rm_interfaces/include/rm_interfaces/rm_interfaces/msg/detail/operator_command__type_support.cpp
[9.698s] -- Installing: /home/ckl/RM/Combat_vision2026/install/rm_interfaces/include/rm_interfaces/rm_interfaces/msg/detail/chassis_cmd__type_support.cpp
[9.698s] -- Installing: /home/ckl/RM/Combat_vision2026/install/rm_interfaces/include/rm_interfaces/rm_interfaces/msg/detail/measurement__rosidl_typesupport_introspection_cpp.hpp
[9.698s] -- Installing: /home/ckl/RM/Combat_vision2026/install/rm_interfaces/include/rm_interfaces/rm_interfaces/msg/detail/rune_target__rosidl_typesupport_introspection_cpp.hpp
[9.698s] -- Installing: /home/ckl/RM/Combat_vision2026/install/rm_interfaces/include/rm_interfaces/rm_interfaces/msg/detail/measurement__type_support.cpp
[9.698s] -- Installing: /home/ckl/RM/Combat_vision2026/install/rm_interfaces/include/rm_interfaces/rm_interfaces/msg/detail/serial_receive_data__type_support.cpp
[9.699s] -- Installing: /home/ckl/RM/Combat_vision2026/install/rm_interfaces/include/rm_interfaces/rm_interfaces/msg/detail/judge_system_data__rosidl_typesupport_introspection_cpp.hpp
[9.699s] -- Installing: /home/ckl/RM/Combat_vision2026/install/rm_interfaces/include/rm_interfaces/rm_interfaces/msg/detail/chassis_cmd__rosidl_typesupport_introspection_cpp.hpp
[9.699s] -- Installing: /home/ckl/RM/Combat_vision2026/install/rm_interfaces/include/rm_interfaces/rm_interfaces/msg/detail/operator_command__rosidl_typesupport_introspection_cpp.hpp
[9.699s] -- Installing: /home/ckl/RM/Combat_vision2026/install/rm_interfaces/include/rm_interfaces/rm_interfaces/msg/detail/gimbal_cmd__type_support.cpp
[9.699s] -- Installing: /home/ckl/RM/Combat_vision2026/install/rm_interfaces/lib/librm_interfaces__rosidl_typesupport_introspection_cpp.so
[9.700s] -- Set non-toolchain portion of runtime path of "/home/ckl/RM/Combat_vision2026/install/rm_interfaces/lib/librm_interfaces__rosidl_typesupport_introspection_cpp.so" to ""
[9.700s] -- Installing: /home/ckl/RM/Combat_vision2026/install/rm_interfaces/lib/librm_interfaces__rosidl_typesupport_cpp.so
[9.700s] -- Set non-toolchain portion of runtime path of "/home/ckl/RM/Combat_vision2026/install/rm_interfaces/lib/librm_interfaces__rosidl_typesupport_cpp.so" to ""
[9.700s] -- Installing: /home/ckl/RM/Combat_vision2026/install/rm_interfaces/share/rm_interfaces/environment/pythonpath.sh
[9.700s] -- Installing: /home/ckl/RM/Combat_vision2026/install/rm_interfaces/share/rm_interfaces/environment/pythonpath.dsv
[9.700s] -- Installing: /home/ckl/RM/Combat_vision2026/install/rm_interfaces/local/lib/python3.10/dist-packages/rm_interfaces-0.0.0-py3.10.egg-info
[9.701s] -- Installing: /home/ckl/RM/Combat_vision2026/install/rm_interfaces/local/lib/python3.10/dist-packages/rm_interfaces-0.0.0-py3.10.egg-info/top_level.txt
[9.701s] -- Installing: /home/ckl/RM/Combat_vision2026/install/rm_interfaces/local/lib/python3.10/dist-packages/rm_interfaces-0.0.0-py3.10.egg-info/SOURCES.txt
[9.701s] -- Installing: /home/ckl/RM/Combat_vision2026/install/rm_interfaces/local/lib/python3.10/dist-packages/rm_interfaces-0.0.0-py3.10.egg-info/PKG-INFO
[9.701s] -- Installing: /home/ckl/RM/Combat_vision2026/install/rm_interfaces/local/lib/python3.10/dist-packages/rm_interfaces-0.0.0-py3.10.egg-info/dependency_links.txt
[9.701s] -- Installing: /home/ckl/RM/Combat_vision2026/install/rm_interfaces/local/lib/python3.10/dist-packages/rm_interfaces
[9.701s] -- Installing: /home/ckl/RM/Combat_vision2026/install/rm_interfaces/local/lib/python3.10/dist-packages/rm_interfaces/__init__.py
[9.701s] -- Installing: /home/ckl/RM/Combat_vision2026/install/rm_interfaces/local/lib/python3.10/dist-packages/rm_interfaces/srv
[9.701s] -- Installing: /home/ckl/RM/Combat_vision2026/install/rm_interfaces/local/lib/python3.10/dist-packages/rm_interfaces/srv/__init__.py
[9.702s] -- Installing: /home/ckl/RM/Combat_vision2026/install/rm_interfaces/local/lib/python3.10/dist-packages/rm_interfaces/srv/_set_mode_s.c
[9.702s] -- Installing: /home/ckl/RM/Combat_vision2026/install/rm_interfaces/local/lib/python3.10/dist-packages/rm_interfaces/srv/_set_mode.py
[9.702s] -- Installing: /home/ckl/RM/Combat_vision2026/install/rm_interfaces/local/lib/python3.10/dist-packages/rm_interfaces/msg
[9.702s] -- Installing: /home/ckl/RM/Combat_vision2026/install/rm_interfaces/local/lib/python3.10/dist-packages/rm_interfaces/msg/_serial_receive_data.py
[9.702s] -- Installing: /home/ckl/RM/Combat_vision2026/install/rm_interfaces/local/lib/python3.10/dist-packages/rm_interfaces/msg/__init__.py
[9.702s] -- Installing: /home/ckl/RM/Combat_vision2026/install/rm_interfaces/local/lib/python3.10/dist-packages/rm_interfaces/msg/_point2d_s.c
[9.702s] -- Installing: /home/ckl/RM/Combat_vision2026/install/rm_interfaces/local/lib/python3.10/dist-packages/rm_interfaces/msg/_target_s.c
[9.703s] -- Installing: /home/ckl/RM/Combat_vision2026/install/rm_interfaces/local/lib/python3.10/dist-packages/rm_interfaces/msg/_armors_s.c
[9.703s] -- Installing: /home/ckl/RM/Combat_vision2026/install/rm_interfaces/local/lib/python3.10/dist-packages/rm_interfaces/msg/_operator_command.py
[9.703s] -- Installing: /home/ckl/RM/Combat_vision2026/install/rm_interfaces/local/lib/python3.10/dist-packages/rm_interfaces/msg/_rune_target_s.c
[9.703s] -- Installing: /home/ckl/RM/Combat_vision2026/install/rm_interfaces/local/lib/python3.10/dist-packages/rm_interfaces/msg/_armor_s.c
[9.703s] -- Installing: /home/ckl/RM/Combat_vision2026/install/rm_interfaces/local/lib/python3.10/dist-packages/rm_interfaces/msg/_judge_system_data.py
[9.703s] -- Installing: /home/ckl/RM/Combat_vision2026/install/rm_interfaces/local/lib/python3.10/dist-packages/rm_interfaces/msg/_point2d.py
[9.703s] -- Installing: /home/ckl/RM/Combat_vision2026/install/rm_interfaces/local/lib/python3.10/dist-packages/rm_interfaces/msg/_debug_lights_s.c
[9.703s] -- Installing: /home/ckl/RM/Combat_vision2026/install/rm_interfaces/local/lib/python3.10/dist-packages/rm_interfaces/msg/_rune_target.py
[9.704s] -- Installing: /home/ckl/RM/Combat_vision2026/install/rm_interfaces/local/lib/python3.10/dist-packages/rm_interfaces/msg/_debug_rune_angle_s.c
[9.704s] -- Installing: /home/ckl/RM/Combat_vision2026/install/rm_interfaces/local/lib/python3.10/dist-packages/rm_interfaces/msg/_debug_light_s.c
[9.704s] -- Installing: /home/ckl/RM/Combat_vision2026/install/rm_interfaces/local/lib/python3.10/dist-packages/rm_interfaces/msg/_measurement.py
[9.704s] -- Installing: /home/ckl/RM/Combat_vision2026/install/rm_interfaces/local/lib/python3.10/dist-packages/rm_interfaces/msg/_chassis_cmd.py
[9.704s] -- Installing: /home/ckl/RM/Combat_vision2026/install/rm_interfaces/local/lib/python3.10/dist-packages/rm_interfaces/msg/_serial_receive_data_s.c
[9.704s] -- Installing: /home/ckl/RM/Combat_vision2026/install/rm_interfaces/local/lib/python3.10/dist-packages/rm_interfaces/msg/_debug_light.py
[9.704s] -- Installing: /home/ckl/RM/Combat_vision2026/install/rm_interfaces/local/lib/python3.10/dist-packages/rm_interfaces/msg/_judge_system_data_s.c
[9.705s] -- Installing: /home/ckl/RM/Combat_vision2026/install/rm_interfaces/local/lib/python3.10/dist-packages/rm_interfaces/msg/_target.py
[9.705s] -- Installing: /home/ckl/RM/Combat_vision2026/install/rm_interfaces/local/lib/python3.10/dist-packages/rm_interfaces/msg/_operator_command_s.c
[9.705s] -- Installing: /home/ckl/RM/Combat_vision2026/install/rm_interfaces/local/lib/python3.10/dist-packages/rm_interfaces/msg/_debug_lights.py
[9.705s] -- Installing: /home/ckl/RM/Combat_vision2026/install/rm_interfaces/local/lib/python3.10/dist-packages/rm_interfaces/msg/_debug_armors.py
[9.705s] -- Installing: /home/ckl/RM/Combat_vision2026/install/rm_interfaces/local/lib/python3.10/dist-packages/rm_interfaces/msg/_gimbal_cmd.py
[9.705s] -- Installing: /home/ckl/RM/Combat_vision2026/install/rm_interfaces/local/lib/python3.10/dist-packages/rm_interfaces/msg/_armor.py
[9.705s] -- Installing: /home/ckl/RM/Combat_vision2026/install/rm_interfaces/local/lib/python3.10/dist-packages/rm_interfaces/msg/_chassis_cmd_s.c
[9.706s] -- Installing: /home/ckl/RM/Combat_vision2026/install/rm_interfaces/local/lib/python3.10/dist-packages/rm_interfaces/msg/_debug_armors_s.c
[9.706s] -- Installing: /home/ckl/RM/Combat_vision2026/install/rm_interfaces/local/lib/python3.10/dist-packages/rm_interfaces/msg/_armors.py
[9.706s] -- Installing: /home/ckl/RM/Combat_vision2026/install/rm_interfaces/local/lib/python3.10/dist-packages/rm_interfaces/msg/_debug_rune_angle.py
[9.706s] -- Installing: /home/ckl/RM/Combat_vision2026/install/rm_interfaces/local/lib/python3.10/dist-packages/rm_interfaces/msg/_debug_armor_s.c
[9.706s] -- Installing: /home/ckl/RM/Combat_vision2026/install/rm_interfaces/local/lib/python3.10/dist-packages/rm_interfaces/msg/_debug_armor.py
[9.706s] -- Installing: /home/ckl/RM/Combat_vision2026/install/rm_interfaces/local/lib/python3.10/dist-packages/rm_interfaces/msg/_gimbal_cmd_s.c
[9.706s] -- Installing: /home/ckl/RM/Combat_vision2026/install/rm_interfaces/local/lib/python3.10/dist-packages/rm_interfaces/msg/_measurement_s.c
[9.707s] -- Installing: /home/ckl/RM/Combat_vision2026/install/rm_interfaces/local/lib/python3.10/dist-packages/rm_interfaces/rm_interfaces_s__rosidl_typesupport_introspection_c.cpython-310-x86_64-linux-gnu.so
[9.707s] -- Installing: /home/ckl/RM/Combat_vision2026/install/rm_interfaces/local/lib/python3.10/dist-packages/rm_interfaces/_rm_interfaces_s.ep.rosidl_typesupport_introspection_c.c
[9.707s] -- Installing: /home/ckl/RM/Combat_vision2026/install/rm_interfaces/local/lib/python3.10/dist-packages/rm_interfaces/librm_interfaces__rosidl_generator_py.so
[9.707s] -- Installing: /home/ckl/RM/Combat_vision2026/install/rm_interfaces/local/lib/python3.10/dist-packages/rm_interfaces/rm_interfaces_s__rosidl_typesupport_c.cpython-310-x86_64-linux-gnu.so
[9.707s] -- Installing: /home/ckl/RM/Combat_vision2026/install/rm_interfaces/local/lib/python3.10/dist-packages/rm_interfaces/rm_interfaces_s__rosidl_typesupport_fastrtps_c.cpython-310-x86_64-linux-gnu.so
[9.708s] -- Installing: /home/ckl/RM/Combat_vision2026/install/rm_interfaces/local/lib/python3.10/dist-packages/rm_interfaces/_rm_interfaces_s.ep.rosidl_typesupport_fastrtps_c.c
[9.708s] -- Installing: /home/ckl/RM/Combat_vision2026/install/rm_interfaces/local/lib/python3.10/dist-packages/rm_interfaces/_rm_interfaces_s.ep.rosidl_typesupport_c.c
[9.747s] Listing '/home/ckl/RM/Combat_vision2026/install/rm_interfaces/local/lib/python3.10/dist-packages/rm_interfaces'...
[9.747s] Compiling '/home/ckl/RM/Combat_vision2026/install/rm_interfaces/local/lib/python3.10/dist-packages/rm_interfaces/__init__.py'...
[9.747s] Listing '/home/ckl/RM/Combat_vision2026/install/rm_interfaces/local/lib/python3.10/dist-packages/rm_interfaces/msg'...
[9.747s] Compiling '/home/ckl/RM/Combat_vision2026/install/rm_interfaces/local/lib/python3.10/dist-packages/rm_interfaces/msg/__init__.py'...
[9.747s] Compiling '/home/ckl/RM/Combat_vision2026/install/rm_interfaces/local/lib/python3.10/dist-packages/rm_interfaces/msg/_armor.py'...
[9.747s] Compiling '/home/ckl/RM/Combat_vision2026/install/rm_interfaces/local/lib/python3.10/dist-packages/rm_interfaces/msg/_armors.py'...
[9.747s] Compiling '/home/ckl/RM/Combat_vision2026/install/rm_interfaces/local/lib/python3.10/dist-packages/rm_interfaces/msg/_chassis_cmd.py'...
[9.747s] Compiling '/home/ckl/RM/Combat_vision2026/install/rm_interfaces/local/lib/python3.10/dist-packages/rm_interfaces/msg/_debug_armor.py'...
[9.747s] Compiling '/home/ckl/RM/Combat_vision2026/install/rm_interfaces/local/lib/python3.10/dist-packages/rm_interfaces/msg/_debug_armors.py'...
[9.747s] Compiling '/home/ckl/RM/Combat_vision2026/install/rm_interfaces/local/lib/python3.10/dist-packages/rm_interfaces/msg/_debug_light.py'...
[9.747s] Compiling '/home/ckl/RM/Combat_vision2026/install/rm_interfaces/local/lib/python3.10/dist-packages/rm_interfaces/msg/_debug_lights.py'...
[9.747s] Compiling '/home/ckl/RM/Combat_vision2026/install/rm_interfaces/local/lib/python3.10/dist-packages/rm_interfaces/msg/_debug_rune_angle.py'...
[9.748s] Compiling '/home/ckl/RM/Combat_vision2026/install/rm_interfaces/local/lib/python3.10/dist-packages/rm_interfaces/msg/_gimbal_cmd.py'...
[9.748s] Compiling '/home/ckl/RM/Combat_vision2026/install/rm_interfaces/local/lib/python3.10/dist-packages/rm_interfaces/msg/_judge_system_data.py'...
[9.748s] Compiling '/home/ckl/RM/Combat_vision2026/install/rm_interfaces/local/lib/python3.10/dist-packages/rm_interfaces/msg/_measurement.py'...
[9.748s] Compiling '/home/ckl/RM/Combat_vision2026/install/rm_interfaces/local/lib/python3.10/dist-packages/rm_interfaces/msg/_operator_command.py'...
[9.748s] Compiling '/home/ckl/RM/Combat_vision2026/install/rm_interfaces/local/lib/python3.10/dist-packages/rm_interfaces/msg/_point2d.py'...
[9.748s] Compiling '/home/ckl/RM/Combat_vision2026/install/rm_interfaces/local/lib/python3.10/dist-packages/rm_interfaces/msg/_rune_target.py'...
[9.748s] Compiling '/home/ckl/RM/Combat_vision2026/install/rm_interfaces/local/lib/python3.10/dist-packages/rm_interfaces/msg/_serial_receive_data.py'...
[9.748s] Compiling '/home/ckl/RM/Combat_vision2026/install/rm_interfaces/local/lib/python3.10/dist-packages/rm_interfaces/msg/_target.py'...
[9.748s] Listing '/home/ckl/RM/Combat_vision2026/install/rm_interfaces/local/lib/python3.10/dist-packages/rm_interfaces/srv'...
[9.748s] Compiling '/home/ckl/RM/Combat_vision2026/install/rm_interfaces/local/lib/python3.10/dist-packages/rm_interfaces/srv/__init__.py'...
[9.748s] Compiling '/home/ckl/RM/Combat_vision2026/install/rm_interfaces/local/lib/python3.10/dist-packages/rm_interfaces/srv/_set_mode.py'...
[9.750s] -- Installing: /home/ckl/RM/Combat_vision2026/install/rm_interfaces/local/lib/python3.10/dist-packages/rm_interfaces/rm_interfaces_s__rosidl_typesupport_fastrtps_c.cpython-310-x86_64-linux-gnu.so
[9.751s] -- Set non-toolchain portion of runtime path of "/home/ckl/RM/Combat_vision2026/install/rm_interfaces/local/lib/python3.10/dist-packages/rm_interfaces/rm_interfaces_s__rosidl_typesupport_fastrtps_c.cpython-310-x86_64-linux-gnu.so" to ""
[9.751s] -- Installing: /home/ckl/RM/Combat_vision2026/install/rm_interfaces/local/lib/python3.10/dist-packages/rm_interfaces/rm_interfaces_s__rosidl_typesupport_introspection_c.cpython-310-x86_64-linux-gnu.so
[9.751s] -- Set non-toolchain portion of runtime path of "/home/ckl/RM/Combat_vision2026/install/rm_interfaces/local/lib/python3.10/dist-packages/rm_interfaces/rm_interfaces_s__rosidl_typesupport_introspection_c.cpython-310-x86_64-linux-gnu.so" to ""
[9.751s] -- Installing: /home/ckl/RM/Combat_vision2026/install/rm_interfaces/local/lib/python3.10/dist-packages/rm_interfaces/rm_interfaces_s__rosidl_typesupport_c.cpython-310-x86_64-linux-gnu.so
[9.752s] -- Set non-toolchain portion of runtime path of "/home/ckl/RM/Combat_vision2026/install/rm_interfaces/local/lib/python3.10/dist-packages/rm_interfaces/rm_interfaces_s__rosidl_typesupport_c.cpython-310-x86_64-linux-gnu.so" to ""
[9.752s] -- Installing: /home/ckl/RM/Combat_vision2026/install/rm_interfaces/lib/librm_interfaces__rosidl_generator_py.so
[9.752s] -- Set non-toolchain portion of runtime path of "/home/ckl/RM/Combat_vision2026/install/rm_interfaces/lib/librm_interfaces__rosidl_generator_py.so" to ""
[9.752s] -- Installing: /home/ckl/RM/Combat_vision2026/install/rm_interfaces/share/rm_interfaces/msg/Armor.idl
[9.752s] -- Installing: /home/ckl/RM/Combat_vision2026/install/rm_interfaces/share/rm_interfaces/msg/Armors.idl
[9.753s] -- Installing: /home/ckl/RM/Combat_vision2026/install/rm_interfaces/share/rm_interfaces/msg/Target.idl
[9.753s] -- Installing: /home/ckl/RM/Combat_vision2026/install/rm_interfaces/share/rm_interfaces/msg/RuneTarget.idl
[9.753s] -- Installing: /home/ckl/RM/Combat_vision2026/install/rm_interfaces/share/rm_interfaces/msg/Point2d.idl
[9.753s] -- Installing: /home/ckl/RM/Combat_vision2026/install/rm_interfaces/share/rm_interfaces/msg/GimbalCmd.idl
[9.753s] -- Installing: /home/ckl/RM/Combat_vision2026/install/rm_interfaces/share/rm_interfaces/msg/ChassisCmd.idl
[9.753s] -- Installing: /home/ckl/RM/Combat_vision2026/install/rm_interfaces/share/rm_interfaces/msg/DebugLight.idl
[9.753s] -- Installing: /home/ckl/RM/Combat_vision2026/install/rm_interfaces/share/rm_interfaces/msg/DebugLights.idl
[9.754s] -- Installing: /home/ckl/RM/Combat_vision2026/install/rm_interfaces/share/rm_interfaces/msg/DebugArmor.idl
[9.754s] -- Installing: /home/ckl/RM/Combat_vision2026/install/rm_interfaces/share/rm_interfaces/msg/DebugArmors.idl
[9.754s] -- Installing: /home/ckl/RM/Combat_vision2026/install/rm_interfaces/share/rm_interfaces/msg/DebugRuneAngle.idl
[9.754s] -- Installing: /home/ckl/RM/Combat_vision2026/install/rm_interfaces/share/rm_interfaces/msg/Measurement.idl
[9.754s] -- Installing: /home/ckl/RM/Combat_vision2026/install/rm_interfaces/share/rm_interfaces/msg/JudgeSystemData.idl
[9.754s] -- Installing: /home/ckl/RM/Combat_vision2026/install/rm_interfaces/share/rm_interfaces/msg/OperatorCommand.idl
[9.755s] -- Installing: /home/ckl/RM/Combat_vision2026/install/rm_interfaces/share/rm_interfaces/msg/SerialReceiveData.idl
[9.755s] -- Installing: /home/ckl/RM/Combat_vision2026/install/rm_interfaces/share/rm_interfaces/srv/SetMode.idl
[9.755s] -- Installing: /home/ckl/RM/Combat_vision2026/install/rm_interfaces/share/rm_interfaces/msg/Armor.msg
[9.755s] -- Installing: /home/ckl/RM/Combat_vision2026/install/rm_interfaces/share/rm_interfaces/msg/Armors.msg
[9.755s] -- Installing: /home/ckl/RM/Combat_vision2026/install/rm_interfaces/share/rm_interfaces/msg/Target.msg
[9.756s] -- Installing: /home/ckl/RM/Combat_vision2026/install/rm_interfaces/share/rm_interfaces/msg/RuneTarget.msg
[9.756s] -- Installing: /home/ckl/RM/Combat_vision2026/install/rm_interfaces/share/rm_interfaces/msg/Point2d.msg
[9.756s] -- Installing: /home/ckl/RM/Combat_vision2026/install/rm_interfaces/share/rm_interfaces/msg/GimbalCmd.msg
[9.757s] -- Installing: /home/ckl/RM/Combat_vision2026/install/rm_interfaces/share/rm_interfaces/msg/ChassisCmd.msg
[9.757s] -- Installing: /home/ckl/RM/Combat_vision2026/install/rm_interfaces/share/rm_interfaces/msg/DebugLight.msg
[9.757s] -- Installing: /home/ckl/RM/Combat_vision2026/install/rm_interfaces/share/rm_interfaces/msg/DebugLights.msg
[9.757s] -- Installing: /home/ckl/RM/Combat_vision2026/install/rm_interfaces/share/rm_interfaces/msg/DebugArmor.msg
[9.757s] -- Installing: /home/ckl/RM/Combat_vision2026/install/rm_interfaces/share/rm_interfaces/msg/DebugArmors.msg
[9.757s] -- Installing: /home/ckl/RM/Combat_vision2026/install/rm_interfaces/share/rm_interfaces/msg/DebugRuneAngle.msg
[9.758s] -- Installing: /home/ckl/RM/Combat_vision2026/install/rm_interfaces/share/rm_interfaces/msg/Measurement.msg
[9.758s] -- Installing: /home/ckl/RM/Combat_vision2026/install/rm_interfaces/share/rm_interfaces/msg/JudgeSystemData.msg
[9.758s] -- Installing: /home/ckl/RM/Combat_vision2026/install/rm_interfaces/share/rm_interfaces/msg/OperatorCommand.msg
[9.758s] -- Installing: /home/ckl/RM/Combat_vision2026/install/rm_interfaces/share/rm_interfaces/msg/SerialReceiveData.msg
[9.758s] -- Installing: /home/ckl/RM/Combat_vision2026/install/rm_interfaces/share/rm_interfaces/srv/SetMode.srv
[9.759s] -- Installing: /home/ckl/RM/Combat_vision2026/install/rm_interfaces/share/rm_interfaces/srv/SetMode_Request.msg
[9.759s] -- Installing: /home/ckl/RM/Combat_vision2026/install/rm_interfaces/share/rm_interfaces/srv/SetMode_Response.msg
[9.759s] -- Installing: /home/ckl/RM/Combat_vision2026/install/rm_interfaces/share/ament_index/resource_index/package_run_dependencies/rm_interfaces
[9.760s] -- Installing: /home/ckl/RM/Combat_vision2026/install/rm_interfaces/share/ament_index/resource_index/parent_prefix_path/rm_interfaces
[9.760s] -- Installing: /home/ckl/RM/Combat_vision2026/install/rm_interfaces/share/rm_interfaces/environment/ament_prefix_path.sh
[9.760s] -- Installing: /home/ckl/RM/Combat_vision2026/install/rm_interfaces/share/rm_interfaces/environment/ament_prefix_path.dsv
[9.760s] -- Installing: /home/ckl/RM/Combat_vision2026/install/rm_interfaces/share/rm_interfaces/environment/path.sh
[9.760s] -- Installing: /home/ckl/RM/Combat_vision2026/install/rm_interfaces/share/rm_interfaces/environment/path.dsv
[9.760s] -- Installing: /home/ckl/RM/Combat_vision2026/install/rm_interfaces/share/rm_interfaces/local_setup.bash
[9.761s] -- Installing: /home/ckl/RM/Combat_vision2026/install/rm_interfaces/share/rm_interfaces/local_setup.sh
[9.761s] -- Installing: /home/ckl/RM/Combat_vision2026/install/rm_interfaces/share/rm_interfaces/local_setup.zsh
[9.761s] -- Installing: /home/ckl/RM/Combat_vision2026/install/rm_interfaces/share/rm_interfaces/local_setup.dsv
[9.761s] -- Installing: /home/ckl/RM/Combat_vision2026/install/rm_interfaces/share/rm_interfaces/package.dsv
[9.762s] -- Installing: /home/ckl/RM/Combat_vision2026/install/rm_interfaces/share/ament_index/resource_index/packages/rm_interfaces
[9.762s] -- Installing: /home/ckl/RM/Combat_vision2026/install/rm_interfaces/share/rm_interfaces/cmake/export_rm_interfaces__rosidl_generator_cExport.cmake
[9.762s] -- Installing: /home/ckl/RM/Combat_vision2026/install/rm_interfaces/share/rm_interfaces/cmake/export_rm_interfaces__rosidl_generator_cExport-noconfig.cmake
[9.762s] -- Installing: /home/ckl/RM/Combat_vision2026/install/rm_interfaces/share/rm_interfaces/cmake/export_rm_interfaces__rosidl_typesupport_fastrtps_cExport.cmake
[9.763s] -- Installing: /home/ckl/RM/Combat_vision2026/install/rm_interfaces/share/rm_interfaces/cmake/export_rm_interfaces__rosidl_typesupport_fastrtps_cExport-noconfig.cmake
[9.763s] -- Installing: /home/ckl/RM/Combat_vision2026/install/rm_interfaces/share/rm_interfaces/cmake/rm_interfaces__rosidl_typesupport_introspection_cExport.cmake
[9.763s] -- Installing: /home/ckl/RM/Combat_vision2026/install/rm_interfaces/share/rm_interfaces/cmake/rm_interfaces__rosidl_typesupport_introspection_cExport-noconfig.cmake
[9.763s] -- Installing: /home/ckl/RM/Combat_vision2026/install/rm_interfaces/share/rm_interfaces/cmake/rm_interfaces__rosidl_typesupport_cExport.cmake
[9.763s] -- Installing: /home/ckl/RM/Combat_vision2026/install/rm_interfaces/share/rm_interfaces/cmake/rm_interfaces__rosidl_typesupport_cExport-noconfig.cmake
[9.764s] -- Installing: /home/ckl/RM/Combat_vision2026/install/rm_interfaces/share/rm_interfaces/cmake/export_rm_interfaces__rosidl_generator_cppExport.cmake
[9.764s] -- Installing: /home/ckl/RM/Combat_vision2026/install/rm_interfaces/share/rm_interfaces/cmake/export_rm_interfaces__rosidl_typesupport_fastrtps_cppExport.cmake
[9.764s] -- Installing: /home/ckl/RM/Combat_vision2026/install/rm_interfaces/share/rm_interfaces/cmake/export_rm_interfaces__rosidl_typesupport_fastrtps_cppExport-noconfig.cmake
[9.764s] -- Installing: /home/ckl/RM/Combat_vision2026/install/rm_interfaces/share/rm_interfaces/cmake/rm_interfaces__rosidl_typesupport_introspection_cppExport.cmake
[9.764s] -- Installing: /home/ckl/RM/Combat_vision2026/install/rm_interfaces/share/rm_interfaces/cmake/rm_interfaces__rosidl_typesupport_introspection_cppExport-noconfig.cmake
[9.765s] -- Installing: /home/ckl/RM/Combat_vision2026/install/rm_interfaces/share/rm_interfaces/cmake/rm_interfaces__rosidl_typesupport_cppExport.cmake
[9.765s] -- Installing: /home/ckl/RM/Combat_vision2026/install/rm_interfaces/share/rm_interfaces/cmake/rm_interfaces__rosidl_typesupport_cppExport-noconfig.cmake
[9.765s] -- Installing: /home/ckl/RM/Combat_vision2026/install/rm_interfaces/share/rm_interfaces/cmake/export_rm_interfaces__rosidl_generator_pyExport.cmake
[9.765s] -- Installing: /home/ckl/RM/Combat_vision2026/install/rm_interfaces/share/rm_interfaces/cmake/export_rm_interfaces__rosidl_generator_pyExport-noconfig.cmake
[9.765s] -- Installing: /home/ckl/RM/Combat_vision2026/install/rm_interfaces/share/rm_interfaces/cmake/rosidl_cmake-extras.cmake
[9.766s] -- Installing: /home/ckl/RM/Combat_vision2026/install/rm_interfaces/share/rm_interfaces/cmake/ament_cmake_export_dependencies-extras.cmake
[9.766s] -- Installing: /home/ckl/RM/Combat_vision2026/install/rm_interfaces/share/rm_interfaces/cmake/ament_cmake_export_include_directories-extras.cmake
[9.766s] -- Installing: /home/ckl/RM/Combat_vision2026/install/rm_interfaces/share/rm_interfaces/cmake/ament_cmake_export_libraries-extras.cmake
[9.766s] -- Installing: /home/ckl/RM/Combat_vision2026/install/rm_interfaces/share/rm_interfaces/cmake/ament_cmake_export_targets-extras.cmake
[9.766s] -- Installing: /home/ckl/RM/Combat_vision2026/install/rm_interfaces/share/rm_interfaces/cmake/rosidl_cmake_export_typesupport_targets-extras.cmake
[9.767s] -- Installing: /home/ckl/RM/Combat_vision2026/install/rm_interfaces/share/rm_interfaces/cmake/rosidl_cmake_export_typesupport_libraries-extras.cmake
[9.767s] -- Installing: /home/ckl/RM/Combat_vision2026/install/rm_interfaces/share/rm_interfaces/cmake/rm_interfacesConfig.cmake
[9.767s] -- Installing: /home/ckl/RM/Combat_vision2026/install/rm_interfaces/share/rm_interfaces/cmake/rm_interfacesConfig-version.cmake
[9.767s] -- Installing: /home/ckl/RM/Combat_vision2026/install/rm_interfaces/share/rm_interfaces/package.xml
[9.769s] Invoked command in '/home/ckl/RM/Combat_vision2026/build/rm_interfaces' returned '0': CMAKE_PREFIX_PATH=${CMAKE_PREFIX_PATH}:/opt/ros/humble /usr/bin/cmake --install /home/ckl/RM/Combat_vision2026/build/rm_interfaces
