[0.082s] DEBUG:colcon:Command line arguments: ['/usr/bin/colcon', 'build']
[0.082s] DEBUG:colcon:Parsed command line arguments: Namespace(log_base=None, log_level=None, verb_name='build', build_base='build', install_base='install', merge_install=False, symlink_install=False, test_result_base=None, continue_on_error=False, executor='parallel', parallel_workers=16, event_handlers=None, ignore_user_meta=False, metas=['./colcon.meta'], base_paths=['.'], packages_ignore=None, packages_ignore_regex=None, paths=None, packages_up_to=None, packages_up_to_regex=None, packages_above=None, packages_above_and_dependencies=None, packages_above_depth=None, packages_select_by_dep=None, packages_skip_by_dep=None, packages_skip_up_to=None, packages_select_build_failed=False, packages_skip_build_finished=False, packages_select_test_failures=False, packages_skip_test_passed=False, packages_select=None, packages_skip=None, packages_select_regex=None, packages_skip_regex=None, packages_start=None, packages_end=None, allow_overriding=[], cmake_args=None, cmake_target=None, cmake_target_skip_unavailable=False, cmake_clean_cache=False, cmake_clean_first=False, cmake_force_configure=False, ament_cmake_args=None, catkin_cmake_args=None, catkin_skip_building_tests=False, verb_parser=<colcon_defaults.argument_parser.defaults.DefaultArgumentsDecorator object at 0x7216ef81f970>, verb_extension=<colcon_core.verb.build.BuildVerb object at 0x7216ef964e50>, main=<bound method BuildVerb.main of <colcon_core.verb.build.BuildVerb object at 0x7216ef964e50>>)
[0.198s] Level 1:colcon.colcon_core.package_discovery:discover_packages(colcon_meta) check parameters
[0.198s] Level 1:colcon.colcon_core.package_discovery:discover_packages(recursive) check parameters
[0.198s] Level 1:colcon.colcon_core.package_discovery:discover_packages(ignore) check parameters
[0.198s] Level 1:colcon.colcon_core.package_discovery:discover_packages(path) check parameters
[0.198s] Level 1:colcon.colcon_core.package_discovery:discover_packages(colcon_meta) discover
[0.198s] Level 1:colcon.colcon_core.package_discovery:discover_packages(recursive) discover
[0.198s] INFO:colcon.colcon_core.package_discovery:Crawling recursively for packages in '/home/ckl/RM/Combat_vision2026'
[0.198s] Level 1:colcon.colcon_core.package_identification:_identify(.) by extensions ['ignore', 'ignore_ament_install']
[0.198s] Level 1:colcon.colcon_core.package_identification:_identify(.) by extension 'ignore'
[0.198s] Level 1:colcon.colcon_core.package_identification:_identify(.) by extension 'ignore_ament_install'
[0.198s] Level 1:colcon.colcon_core.package_identification:_identify(.) by extensions ['colcon_pkg']
[0.198s] Level 1:colcon.colcon_core.package_identification:_identify(.) by extension 'colcon_pkg'
[0.198s] Level 1:colcon.colcon_core.package_identification:_identify(.) by extensions ['colcon_meta']
[0.198s] Level 1:colcon.colcon_core.package_identification:_identify(.) by extension 'colcon_meta'
[0.199s] Level 1:colcon.colcon_core.package_identification:_identify(.) by extensions ['ros']
[0.199s] Level 1:colcon.colcon_core.package_identification:_identify(.) by extension 'ros'
[0.206s] Level 1:colcon.colcon_core.package_identification:_identify(.) by extensions ['cmake', 'python']
[0.206s] Level 1:colcon.colcon_core.package_identification:_identify(.) by extension 'cmake'
[0.206s] Level 1:colcon.colcon_core.package_identification:_identify(.) by extension 'python'
[0.206s] Level 1:colcon.colcon_core.package_identification:_identify(.) by extensions ['python_setup_py']
[0.206s] Level 1:colcon.colcon_core.package_identification:_identify(.) by extension 'python_setup_py'
[0.206s] Level 1:colcon.colcon_core.package_identification:_identify(build) by extensions ['ignore', 'ignore_ament_install']
[0.206s] Level 1:colcon.colcon_core.package_identification:_identify(build) by extension 'ignore'
[0.206s] Level 1:colcon.colcon_core.package_identification:_identify(build) ignored
[0.207s] Level 1:colcon.colcon_core.package_identification:_identify(install) by extensions ['ignore', 'ignore_ament_install']
[0.207s] Level 1:colcon.colcon_core.package_identification:_identify(install) by extension 'ignore'
[0.207s] Level 1:colcon.colcon_core.package_identification:_identify(install) ignored
[0.207s] Level 1:colcon.colcon_core.package_identification:_identify(log) by extensions ['ignore', 'ignore_ament_install']
[0.207s] Level 1:colcon.colcon_core.package_identification:_identify(log) by extension 'ignore'
[0.207s] Level 1:colcon.colcon_core.package_identification:_identify(log) ignored
[0.207s] Level 1:colcon.colcon_core.package_identification:_identify(src) by extensions ['ignore', 'ignore_ament_install']
[0.207s] Level 1:colcon.colcon_core.package_identification:_identify(src) by extension 'ignore'
[0.207s] Level 1:colcon.colcon_core.package_identification:_identify(src) by extension 'ignore_ament_install'
[0.207s] Level 1:colcon.colcon_core.package_identification:_identify(src) by extensions ['colcon_pkg']
[0.207s] Level 1:colcon.colcon_core.package_identification:_identify(src) by extension 'colcon_pkg'
[0.207s] Level 1:colcon.colcon_core.package_identification:_identify(src) by extensions ['colcon_meta']
[0.207s] Level 1:colcon.colcon_core.package_identification:_identify(src) by extension 'colcon_meta'
[0.207s] Level 1:colcon.colcon_core.package_identification:_identify(src) by extensions ['ros']
[0.207s] Level 1:colcon.colcon_core.package_identification:_identify(src) by extension 'ros'
[0.207s] Level 1:colcon.colcon_core.package_identification:_identify(src) by extensions ['cmake', 'python']
[0.207s] Level 1:colcon.colcon_core.package_identification:_identify(src) by extension 'cmake'
[0.207s] Level 1:colcon.colcon_core.package_identification:_identify(src) by extension 'python'
[0.207s] Level 1:colcon.colcon_core.package_identification:_identify(src) by extensions ['python_setup_py']
[0.207s] Level 1:colcon.colcon_core.package_identification:_identify(src) by extension 'python_setup_py'
[0.207s] Level 1:colcon.colcon_core.package_identification:_identify(src/rm_auto_aim) by extensions ['ignore', 'ignore_ament_install']
[0.207s] Level 1:colcon.colcon_core.package_identification:_identify(src/rm_auto_aim) by extension 'ignore'
[0.207s] Level 1:colcon.colcon_core.package_identification:_identify(src/rm_auto_aim) by extension 'ignore_ament_install'
[0.207s] Level 1:colcon.colcon_core.package_identification:_identify(src/rm_auto_aim) by extensions ['colcon_pkg']
[0.208s] Level 1:colcon.colcon_core.package_identification:_identify(src/rm_auto_aim) by extension 'colcon_pkg'
[0.208s] Level 1:colcon.colcon_core.package_identification:_identify(src/rm_auto_aim) by extensions ['colcon_meta']
[0.208s] Level 1:colcon.colcon_core.package_identification:_identify(src/rm_auto_aim) by extension 'colcon_meta'
[0.208s] Level 1:colcon.colcon_core.package_identification:_identify(src/rm_auto_aim) by extensions ['ros']
[0.208s] Level 1:colcon.colcon_core.package_identification:_identify(src/rm_auto_aim) by extension 'ros'
[0.208s] Level 1:colcon.colcon_core.package_identification:_identify(src/rm_auto_aim) by extensions ['cmake', 'python']
[0.208s] Level 1:colcon.colcon_core.package_identification:_identify(src/rm_auto_aim) by extension 'cmake'
[0.208s] Level 1:colcon.colcon_core.package_identification:_identify(src/rm_auto_aim) by extension 'python'
[0.208s] Level 1:colcon.colcon_core.package_identification:_identify(src/rm_auto_aim) by extensions ['python_setup_py']
[0.208s] Level 1:colcon.colcon_core.package_identification:_identify(src/rm_auto_aim) by extension 'python_setup_py'
[0.208s] Level 1:colcon.colcon_core.package_identification:_identify(src/rm_auto_aim/armor_detector) by extensions ['ignore', 'ignore_ament_install']
[0.208s] Level 1:colcon.colcon_core.package_identification:_identify(src/rm_auto_aim/armor_detector) by extension 'ignore'
[0.208s] Level 1:colcon.colcon_core.package_identification:_identify(src/rm_auto_aim/armor_detector) by extension 'ignore_ament_install'
[0.208s] Level 1:colcon.colcon_core.package_identification:_identify(src/rm_auto_aim/armor_detector) by extensions ['colcon_pkg']
[0.208s] Level 1:colcon.colcon_core.package_identification:_identify(src/rm_auto_aim/armor_detector) by extension 'colcon_pkg'
[0.208s] Level 1:colcon.colcon_core.package_identification:_identify(src/rm_auto_aim/armor_detector) by extensions ['colcon_meta']
[0.208s] Level 1:colcon.colcon_core.package_identification:_identify(src/rm_auto_aim/armor_detector) by extension 'colcon_meta'
[0.208s] Level 1:colcon.colcon_core.package_identification:_identify(src/rm_auto_aim/armor_detector) by extensions ['ros']
[0.208s] Level 1:colcon.colcon_core.package_identification:_identify(src/rm_auto_aim/armor_detector) by extension 'ros'
[0.211s] DEBUG:colcon.colcon_core.package_identification:Package 'src/rm_auto_aim/armor_detector' with type 'ros.ament_cmake' and name 'armor_detector'
[0.211s] Level 1:colcon.colcon_core.package_identification:_identify(src/rm_auto_aim/armor_solver) by extensions ['ignore', 'ignore_ament_install']
[0.211s] Level 1:colcon.colcon_core.package_identification:_identify(src/rm_auto_aim/armor_solver) by extension 'ignore'
[0.211s] Level 1:colcon.colcon_core.package_identification:_identify(src/rm_auto_aim/armor_solver) by extension 'ignore_ament_install'
[0.211s] Level 1:colcon.colcon_core.package_identification:_identify(src/rm_auto_aim/armor_solver) by extensions ['colcon_pkg']
[0.211s] Level 1:colcon.colcon_core.package_identification:_identify(src/rm_auto_aim/armor_solver) by extension 'colcon_pkg'
[0.211s] Level 1:colcon.colcon_core.package_identification:_identify(src/rm_auto_aim/armor_solver) by extensions ['colcon_meta']
[0.211s] Level 1:colcon.colcon_core.package_identification:_identify(src/rm_auto_aim/armor_solver) by extension 'colcon_meta'
[0.211s] Level 1:colcon.colcon_core.package_identification:_identify(src/rm_auto_aim/armor_solver) by extensions ['ros']
[0.211s] Level 1:colcon.colcon_core.package_identification:_identify(src/rm_auto_aim/armor_solver) by extension 'ros'
[0.212s] DEBUG:colcon.colcon_core.package_identification:Package 'src/rm_auto_aim/armor_solver' with type 'ros.ament_cmake' and name 'armor_solver'
[0.212s] Level 1:colcon.colcon_core.package_identification:_identify(src/rm_auto_aim/rm_auto_aim) by extensions ['ignore', 'ignore_ament_install']
[0.212s] Level 1:colcon.colcon_core.package_identification:_identify(src/rm_auto_aim/rm_auto_aim) by extension 'ignore'
[0.212s] Level 1:colcon.colcon_core.package_identification:_identify(src/rm_auto_aim/rm_auto_aim) by extension 'ignore_ament_install'
[0.212s] Level 1:colcon.colcon_core.package_identification:_identify(src/rm_auto_aim/rm_auto_aim) by extensions ['colcon_pkg']
[0.212s] Level 1:colcon.colcon_core.package_identification:_identify(src/rm_auto_aim/rm_auto_aim) by extension 'colcon_pkg'
[0.212s] Level 1:colcon.colcon_core.package_identification:_identify(src/rm_auto_aim/rm_auto_aim) by extensions ['colcon_meta']
[0.212s] Level 1:colcon.colcon_core.package_identification:_identify(src/rm_auto_aim/rm_auto_aim) by extension 'colcon_meta'
[0.212s] Level 1:colcon.colcon_core.package_identification:_identify(src/rm_auto_aim/rm_auto_aim) by extensions ['ros']
[0.212s] Level 1:colcon.colcon_core.package_identification:_identify(src/rm_auto_aim/rm_auto_aim) by extension 'ros'
[0.213s] DEBUG:colcon.colcon_core.package_identification:Package 'src/rm_auto_aim/rm_auto_aim' with type 'ros.ament_cmake' and name 'rm_auto_aim'
[0.213s] Level 1:colcon.colcon_core.package_identification:_identify(src/rm_bringup) by extensions ['ignore', 'ignore_ament_install']
[0.213s] Level 1:colcon.colcon_core.package_identification:_identify(src/rm_bringup) by extension 'ignore'
[0.213s] Level 1:colcon.colcon_core.package_identification:_identify(src/rm_bringup) by extension 'ignore_ament_install'
[0.213s] Level 1:colcon.colcon_core.package_identification:_identify(src/rm_bringup) by extensions ['colcon_pkg']
[0.213s] Level 1:colcon.colcon_core.package_identification:_identify(src/rm_bringup) by extension 'colcon_pkg'
[0.213s] Level 1:colcon.colcon_core.package_identification:_identify(src/rm_bringup) by extensions ['colcon_meta']
[0.213s] Level 1:colcon.colcon_core.package_identification:_identify(src/rm_bringup) by extension 'colcon_meta'
[0.213s] Level 1:colcon.colcon_core.package_identification:_identify(src/rm_bringup) by extensions ['ros']
[0.213s] Level 1:colcon.colcon_core.package_identification:_identify(src/rm_bringup) by extension 'ros'
[0.214s] DEBUG:colcon.colcon_core.package_identification:Package 'src/rm_bringup' with type 'ros.ament_cmake' and name 'rm_bringup'
[0.214s] Level 1:colcon.colcon_core.package_identification:_identify(src/rm_hardware_driver) by extensions ['ignore', 'ignore_ament_install']
[0.214s] Level 1:colcon.colcon_core.package_identification:_identify(src/rm_hardware_driver) by extension 'ignore'
[0.214s] Level 1:colcon.colcon_core.package_identification:_identify(src/rm_hardware_driver) by extension 'ignore_ament_install'
[0.214s] Level 1:colcon.colcon_core.package_identification:_identify(src/rm_hardware_driver) by extensions ['colcon_pkg']
[0.214s] Level 1:colcon.colcon_core.package_identification:_identify(src/rm_hardware_driver) by extension 'colcon_pkg'
[0.214s] Level 1:colcon.colcon_core.package_identification:_identify(src/rm_hardware_driver) by extensions ['colcon_meta']
[0.214s] Level 1:colcon.colcon_core.package_identification:_identify(src/rm_hardware_driver) by extension 'colcon_meta'
[0.214s] Level 1:colcon.colcon_core.package_identification:_identify(src/rm_hardware_driver) by extensions ['ros']
[0.214s] Level 1:colcon.colcon_core.package_identification:_identify(src/rm_hardware_driver) by extension 'ros'
[0.214s] Level 1:colcon.colcon_core.package_identification:_identify(src/rm_hardware_driver) by extensions ['cmake', 'python']
[0.214s] Level 1:colcon.colcon_core.package_identification:_identify(src/rm_hardware_driver) by extension 'cmake'
[0.214s] Level 1:colcon.colcon_core.package_identification:_identify(src/rm_hardware_driver) by extension 'python'
[0.214s] Level 1:colcon.colcon_core.package_identification:_identify(src/rm_hardware_driver) by extensions ['python_setup_py']
[0.214s] Level 1:colcon.colcon_core.package_identification:_identify(src/rm_hardware_driver) by extension 'python_setup_py'
[0.214s] Level 1:colcon.colcon_core.package_identification:_identify(src/rm_hardware_driver/rm_serial_driver) by extensions ['ignore', 'ignore_ament_install']
[0.214s] Level 1:colcon.colcon_core.package_identification:_identify(src/rm_hardware_driver/rm_serial_driver) by extension 'ignore'
[0.214s] Level 1:colcon.colcon_core.package_identification:_identify(src/rm_hardware_driver/rm_serial_driver) by extension 'ignore_ament_install'
[0.214s] Level 1:colcon.colcon_core.package_identification:_identify(src/rm_hardware_driver/rm_serial_driver) by extensions ['colcon_pkg']
[0.214s] Level 1:colcon.colcon_core.package_identification:_identify(src/rm_hardware_driver/rm_serial_driver) by extension 'colcon_pkg'
[0.214s] Level 1:colcon.colcon_core.package_identification:_identify(src/rm_hardware_driver/rm_serial_driver) by extensions ['colcon_meta']
[0.214s] Level 1:colcon.colcon_core.package_identification:_identify(src/rm_hardware_driver/rm_serial_driver) by extension 'colcon_meta'
[0.214s] Level 1:colcon.colcon_core.package_identification:_identify(src/rm_hardware_driver/rm_serial_driver) by extensions ['ros']
[0.214s] Level 1:colcon.colcon_core.package_identification:_identify(src/rm_hardware_driver/rm_serial_driver) by extension 'ros'
[0.215s] DEBUG:colcon.colcon_core.package_identification:Package 'src/rm_hardware_driver/rm_serial_driver' with type 'ros.ament_cmake' and name 'rm_serial_driver'
[0.215s] Level 1:colcon.colcon_core.package_identification:_identify(src/rm_hardware_driver/ros2_hik_camera) by extensions ['ignore', 'ignore_ament_install']
[0.215s] Level 1:colcon.colcon_core.package_identification:_identify(src/rm_hardware_driver/ros2_hik_camera) by extension 'ignore'
[0.215s] Level 1:colcon.colcon_core.package_identification:_identify(src/rm_hardware_driver/ros2_hik_camera) by extension 'ignore_ament_install'
[0.215s] Level 1:colcon.colcon_core.package_identification:_identify(src/rm_hardware_driver/ros2_hik_camera) by extensions ['colcon_pkg']
[0.215s] Level 1:colcon.colcon_core.package_identification:_identify(src/rm_hardware_driver/ros2_hik_camera) by extension 'colcon_pkg'
[0.215s] Level 1:colcon.colcon_core.package_identification:_identify(src/rm_hardware_driver/ros2_hik_camera) by extensions ['colcon_meta']
[0.215s] Level 1:colcon.colcon_core.package_identification:_identify(src/rm_hardware_driver/ros2_hik_camera) by extension 'colcon_meta'
[0.215s] Level 1:colcon.colcon_core.package_identification:_identify(src/rm_hardware_driver/ros2_hik_camera) by extensions ['ros']
[0.216s] Level 1:colcon.colcon_core.package_identification:_identify(src/rm_hardware_driver/ros2_hik_camera) by extension 'ros'
[0.216s] DEBUG:colcon.colcon_core.package_identification:Package 'src/rm_hardware_driver/ros2_hik_camera' with type 'ros.ament_cmake' and name 'hik_camera'
[0.216s] Level 1:colcon.colcon_core.package_identification:_identify(src/rm_interfaces) by extensions ['ignore', 'ignore_ament_install']
[0.216s] Level 1:colcon.colcon_core.package_identification:_identify(src/rm_interfaces) by extension 'ignore'
[0.216s] Level 1:colcon.colcon_core.package_identification:_identify(src/rm_interfaces) by extension 'ignore_ament_install'
[0.216s] Level 1:colcon.colcon_core.package_identification:_identify(src/rm_interfaces) by extensions ['colcon_pkg']
[0.216s] Level 1:colcon.colcon_core.package_identification:_identify(src/rm_interfaces) by extension 'colcon_pkg'
[0.216s] Level 1:colcon.colcon_core.package_identification:_identify(src/rm_interfaces) by extensions ['colcon_meta']
[0.216s] Level 1:colcon.colcon_core.package_identification:_identify(src/rm_interfaces) by extension 'colcon_meta'
[0.216s] Level 1:colcon.colcon_core.package_identification:_identify(src/rm_interfaces) by extensions ['ros']
[0.216s] Level 1:colcon.colcon_core.package_identification:_identify(src/rm_interfaces) by extension 'ros'
[0.217s] DEBUG:colcon.colcon_core.package_identification:Package 'src/rm_interfaces' with type 'ros.ament_cmake' and name 'rm_interfaces'
[0.217s] Level 1:colcon.colcon_core.package_identification:_identify(src/rm_robot_description) by extensions ['ignore', 'ignore_ament_install']
[0.217s] Level 1:colcon.colcon_core.package_identification:_identify(src/rm_robot_description) by extension 'ignore'
[0.217s] Level 1:colcon.colcon_core.package_identification:_identify(src/rm_robot_description) by extension 'ignore_ament_install'
[0.217s] Level 1:colcon.colcon_core.package_identification:_identify(src/rm_robot_description) by extensions ['colcon_pkg']
[0.217s] Level 1:colcon.colcon_core.package_identification:_identify(src/rm_robot_description) by extension 'colcon_pkg'
[0.217s] Level 1:colcon.colcon_core.package_identification:_identify(src/rm_robot_description) by extensions ['colcon_meta']
[0.217s] Level 1:colcon.colcon_core.package_identification:_identify(src/rm_robot_description) by extension 'colcon_meta'
[0.217s] Level 1:colcon.colcon_core.package_identification:_identify(src/rm_robot_description) by extensions ['ros']
[0.217s] Level 1:colcon.colcon_core.package_identification:_identify(src/rm_robot_description) by extension 'ros'
[0.217s] DEBUG:colcon.colcon_core.package_identification:Package 'src/rm_robot_description' with type 'ros.ament_cmake' and name 'rm_robot_description'
[0.217s] Level 1:colcon.colcon_core.package_identification:_identify(src/rm_upstart) by extensions ['ignore', 'ignore_ament_install']
[0.218s] Level 1:colcon.colcon_core.package_identification:_identify(src/rm_upstart) by extension 'ignore'
[0.218s] Level 1:colcon.colcon_core.package_identification:_identify(src/rm_upstart) by extension 'ignore_ament_install'
[0.218s] Level 1:colcon.colcon_core.package_identification:_identify(src/rm_upstart) by extensions ['colcon_pkg']
[0.218s] Level 1:colcon.colcon_core.package_identification:_identify(src/rm_upstart) by extension 'colcon_pkg'
[0.218s] Level 1:colcon.colcon_core.package_identification:_identify(src/rm_upstart) by extensions ['colcon_meta']
[0.218s] Level 1:colcon.colcon_core.package_identification:_identify(src/rm_upstart) by extension 'colcon_meta'
[0.218s] Level 1:colcon.colcon_core.package_identification:_identify(src/rm_upstart) by extensions ['ros']
[0.218s] Level 1:colcon.colcon_core.package_identification:_identify(src/rm_upstart) by extension 'ros'
[0.218s] Level 1:colcon.colcon_core.package_identification:_identify(src/rm_upstart) by extensions ['cmake', 'python']
[0.218s] Level 1:colcon.colcon_core.package_identification:_identify(src/rm_upstart) by extension 'cmake'
[0.218s] Level 1:colcon.colcon_core.package_identification:_identify(src/rm_upstart) by extension 'python'
[0.218s] Level 1:colcon.colcon_core.package_identification:_identify(src/rm_upstart) by extensions ['python_setup_py']
[0.218s] Level 1:colcon.colcon_core.package_identification:_identify(src/rm_upstart) by extension 'python_setup_py'
[0.218s] Level 1:colcon.colcon_core.package_identification:_identify(src/rm_utils) by extensions ['ignore', 'ignore_ament_install']
[0.218s] Level 1:colcon.colcon_core.package_identification:_identify(src/rm_utils) by extension 'ignore'
[0.218s] Level 1:colcon.colcon_core.package_identification:_identify(src/rm_utils) by extension 'ignore_ament_install'
[0.218s] Level 1:colcon.colcon_core.package_identification:_identify(src/rm_utils) by extensions ['colcon_pkg']
[0.218s] Level 1:colcon.colcon_core.package_identification:_identify(src/rm_utils) by extension 'colcon_pkg'
[0.218s] Level 1:colcon.colcon_core.package_identification:_identify(src/rm_utils) by extensions ['colcon_meta']
[0.218s] Level 1:colcon.colcon_core.package_identification:_identify(src/rm_utils) by extension 'colcon_meta'
[0.218s] Level 1:colcon.colcon_core.package_identification:_identify(src/rm_utils) by extensions ['ros']
[0.218s] Level 1:colcon.colcon_core.package_identification:_identify(src/rm_utils) by extension 'ros'
[0.219s] DEBUG:colcon.colcon_core.package_identification:Package 'src/rm_utils' with type 'ros.ament_cmake' and name 'rm_utils'
[0.219s] Level 1:colcon.colcon_core.package_discovery:discover_packages(recursive) using defaults
[0.219s] Level 1:colcon.colcon_core.package_discovery:discover_packages(ignore) discover
[0.219s] Level 1:colcon.colcon_core.package_discovery:discover_packages(ignore) using defaults
[0.219s] Level 1:colcon.colcon_core.package_discovery:discover_packages(path) discover
[0.219s] Level 1:colcon.colcon_core.package_discovery:discover_packages(path) using defaults
[0.243s] Level 1:colcon.colcon_core.package_discovery:discover_packages(prefix_path) check parameters
[0.243s] Level 1:colcon.colcon_core.package_discovery:discover_packages(prefix_path) discover
[0.244s] WARNING:colcon.colcon_ros.prefix_path.ament:The path '/home/ckl/RM/Combat_vision2026/install/rm_bringup' in the environment variable AMENT_PREFIX_PATH doesn't exist
[0.244s] WARNING:colcon.colcon_ros.prefix_path.ament:The path '/home/ckl/RM/Combat_vision2026/install/rm_auto_aim' in the environment variable AMENT_PREFIX_PATH doesn't exist
[0.244s] WARNING:colcon.colcon_ros.prefix_path.catkin:The path '/home/ckl/RM/Combat_vision2026/install/rm_bringup' in the environment variable CMAKE_PREFIX_PATH doesn't exist
[0.244s] WARNING:colcon.colcon_ros.prefix_path.catkin:The path '/home/ckl/RM/Combat_vision2026/install/rm_auto_aim' in the environment variable CMAKE_PREFIX_PATH doesn't exist
[0.245s] DEBUG:colcon.colcon_installed_package_information.package_discovery:Found 7 installed packages in /home/ckl/RM/Combat_vision2026/install
[0.246s] DEBUG:colcon.colcon_installed_package_information.package_discovery:Found 320 installed packages in /opt/ros/humble
[0.247s] Level 1:colcon.colcon_core.package_discovery:discover_packages(prefix_path) using defaults
[0.283s] Level 5:colcon.colcon_core.verb:set package 'hik_camera' build argument 'cmake_args' from command line to 'None'
[0.283s] Level 5:colcon.colcon_core.verb:set package 'hik_camera' build argument 'cmake_target' from command line to 'None'
[0.283s] Level 5:colcon.colcon_core.verb:set package 'hik_camera' build argument 'cmake_target_skip_unavailable' from command line to 'False'
[0.283s] Level 5:colcon.colcon_core.verb:set package 'hik_camera' build argument 'cmake_clean_cache' from command line to 'False'
[0.283s] Level 5:colcon.colcon_core.verb:set package 'hik_camera' build argument 'cmake_clean_first' from command line to 'False'
[0.283s] Level 5:colcon.colcon_core.verb:set package 'hik_camera' build argument 'cmake_force_configure' from command line to 'False'
[0.283s] Level 5:colcon.colcon_core.verb:set package 'hik_camera' build argument 'ament_cmake_args' from command line to 'None'
[0.283s] Level 5:colcon.colcon_core.verb:set package 'hik_camera' build argument 'catkin_cmake_args' from command line to 'None'
[0.283s] Level 5:colcon.colcon_core.verb:set package 'hik_camera' build argument 'catkin_skip_building_tests' from command line to 'False'
[0.283s] DEBUG:colcon.colcon_core.verb:Building package 'hik_camera' with the following arguments: {'ament_cmake_args': None, 'build_base': '/home/ckl/RM/Combat_vision2026/build/hik_camera', 'catkin_cmake_args': None, 'catkin_skip_building_tests': False, 'cmake_args': None, 'cmake_clean_cache': False, 'cmake_clean_first': False, 'cmake_force_configure': False, 'cmake_target': None, 'cmake_target_skip_unavailable': False, 'install_base': '/home/ckl/RM/Combat_vision2026/install/hik_camera', 'merge_install': False, 'path': '/home/ckl/RM/Combat_vision2026/src/rm_hardware_driver/ros2_hik_camera', 'symlink_install': False, 'test_result_base': None}
[0.284s] Level 5:colcon.colcon_core.verb:set package 'rm_interfaces' build argument 'cmake_args' from command line to 'None'
[0.284s] Level 5:colcon.colcon_core.verb:set package 'rm_interfaces' build argument 'cmake_target' from command line to 'None'
[0.284s] Level 5:colcon.colcon_core.verb:set package 'rm_interfaces' build argument 'cmake_target_skip_unavailable' from command line to 'False'
[0.284s] Level 5:colcon.colcon_core.verb:set package 'rm_interfaces' build argument 'cmake_clean_cache' from command line to 'False'
[0.284s] Level 5:colcon.colcon_core.verb:set package 'rm_interfaces' build argument 'cmake_clean_first' from command line to 'False'
[0.284s] Level 5:colcon.colcon_core.verb:set package 'rm_interfaces' build argument 'cmake_force_configure' from command line to 'False'
[0.284s] Level 5:colcon.colcon_core.verb:set package 'rm_interfaces' build argument 'ament_cmake_args' from command line to 'None'
[0.284s] Level 5:colcon.colcon_core.verb:set package 'rm_interfaces' build argument 'catkin_cmake_args' from command line to 'None'
[0.284s] Level 5:colcon.colcon_core.verb:set package 'rm_interfaces' build argument 'catkin_skip_building_tests' from command line to 'False'
[0.284s] DEBUG:colcon.colcon_core.verb:Building package 'rm_interfaces' with the following arguments: {'ament_cmake_args': None, 'build_base': '/home/ckl/RM/Combat_vision2026/build/rm_interfaces', 'catkin_cmake_args': None, 'catkin_skip_building_tests': False, 'cmake_args': None, 'cmake_clean_cache': False, 'cmake_clean_first': False, 'cmake_force_configure': False, 'cmake_target': None, 'cmake_target_skip_unavailable': False, 'install_base': '/home/ckl/RM/Combat_vision2026/install/rm_interfaces', 'merge_install': False, 'path': '/home/ckl/RM/Combat_vision2026/src/rm_interfaces', 'symlink_install': False, 'test_result_base': None}
[0.284s] Level 5:colcon.colcon_core.verb:set package 'rm_robot_description' build argument 'cmake_args' from command line to 'None'
[0.284s] Level 5:colcon.colcon_core.verb:set package 'rm_robot_description' build argument 'cmake_target' from command line to 'None'
[0.284s] Level 5:colcon.colcon_core.verb:set package 'rm_robot_description' build argument 'cmake_target_skip_unavailable' from command line to 'False'
[0.284s] Level 5:colcon.colcon_core.verb:set package 'rm_robot_description' build argument 'cmake_clean_cache' from command line to 'False'
[0.284s] Level 5:colcon.colcon_core.verb:set package 'rm_robot_description' build argument 'cmake_clean_first' from command line to 'False'
[0.284s] Level 5:colcon.colcon_core.verb:set package 'rm_robot_description' build argument 'cmake_force_configure' from command line to 'False'
[0.284s] Level 5:colcon.colcon_core.verb:set package 'rm_robot_description' build argument 'ament_cmake_args' from command line to 'None'
[0.284s] Level 5:colcon.colcon_core.verb:set package 'rm_robot_description' build argument 'catkin_cmake_args' from command line to 'None'
[0.284s] Level 5:colcon.colcon_core.verb:set package 'rm_robot_description' build argument 'catkin_skip_building_tests' from command line to 'False'
[0.284s] DEBUG:colcon.colcon_core.verb:Building package 'rm_robot_description' with the following arguments: {'ament_cmake_args': None, 'build_base': '/home/ckl/RM/Combat_vision2026/build/rm_robot_description', 'catkin_cmake_args': None, 'catkin_skip_building_tests': False, 'cmake_args': None, 'cmake_clean_cache': False, 'cmake_clean_first': False, 'cmake_force_configure': False, 'cmake_target': None, 'cmake_target_skip_unavailable': False, 'install_base': '/home/ckl/RM/Combat_vision2026/install/rm_robot_description', 'merge_install': False, 'path': '/home/ckl/RM/Combat_vision2026/src/rm_robot_description', 'symlink_install': False, 'test_result_base': None}
[0.284s] Level 5:colcon.colcon_core.verb:set package 'rm_utils' build argument 'cmake_args' from command line to 'None'
[0.284s] Level 5:colcon.colcon_core.verb:set package 'rm_utils' build argument 'cmake_target' from command line to 'None'
[0.284s] Level 5:colcon.colcon_core.verb:set package 'rm_utils' build argument 'cmake_target_skip_unavailable' from command line to 'False'
[0.284s] Level 5:colcon.colcon_core.verb:set package 'rm_utils' build argument 'cmake_clean_cache' from command line to 'False'
[0.284s] Level 5:colcon.colcon_core.verb:set package 'rm_utils' build argument 'cmake_clean_first' from command line to 'False'
[0.284s] Level 5:colcon.colcon_core.verb:set package 'rm_utils' build argument 'cmake_force_configure' from command line to 'False'
[0.284s] Level 5:colcon.colcon_core.verb:set package 'rm_utils' build argument 'ament_cmake_args' from command line to 'None'
[0.284s] Level 5:colcon.colcon_core.verb:set package 'rm_utils' build argument 'catkin_cmake_args' from command line to 'None'
[0.284s] Level 5:colcon.colcon_core.verb:set package 'rm_utils' build argument 'catkin_skip_building_tests' from command line to 'False'
[0.284s] DEBUG:colcon.colcon_core.verb:Building package 'rm_utils' with the following arguments: {'ament_cmake_args': None, 'build_base': '/home/ckl/RM/Combat_vision2026/build/rm_utils', 'catkin_cmake_args': None, 'catkin_skip_building_tests': False, 'cmake_args': None, 'cmake_clean_cache': False, 'cmake_clean_first': False, 'cmake_force_configure': False, 'cmake_target': None, 'cmake_target_skip_unavailable': False, 'install_base': '/home/ckl/RM/Combat_vision2026/install/rm_utils', 'merge_install': False, 'path': '/home/ckl/RM/Combat_vision2026/src/rm_utils', 'symlink_install': False, 'test_result_base': None}
[0.285s] Level 5:colcon.colcon_core.verb:set package 'armor_detector' build argument 'cmake_args' from command line to 'None'
[0.285s] Level 5:colcon.colcon_core.verb:set package 'armor_detector' build argument 'cmake_target' from command line to 'None'
[0.285s] Level 5:colcon.colcon_core.verb:set package 'armor_detector' build argument 'cmake_target_skip_unavailable' from command line to 'False'
[0.285s] Level 5:colcon.colcon_core.verb:set package 'armor_detector' build argument 'cmake_clean_cache' from command line to 'False'
[0.285s] Level 5:colcon.colcon_core.verb:set package 'armor_detector' build argument 'cmake_clean_first' from command line to 'False'
[0.285s] Level 5:colcon.colcon_core.verb:set package 'armor_detector' build argument 'cmake_force_configure' from command line to 'False'
[0.285s] Level 5:colcon.colcon_core.verb:set package 'armor_detector' build argument 'ament_cmake_args' from command line to 'None'
[0.285s] Level 5:colcon.colcon_core.verb:set package 'armor_detector' build argument 'catkin_cmake_args' from command line to 'None'
[0.285s] Level 5:colcon.colcon_core.verb:set package 'armor_detector' build argument 'catkin_skip_building_tests' from command line to 'False'
[0.285s] DEBUG:colcon.colcon_core.verb:Building package 'armor_detector' with the following arguments: {'ament_cmake_args': None, 'build_base': '/home/ckl/RM/Combat_vision2026/build/armor_detector', 'catkin_cmake_args': None, 'catkin_skip_building_tests': False, 'cmake_args': None, 'cmake_clean_cache': False, 'cmake_clean_first': False, 'cmake_force_configure': False, 'cmake_target': None, 'cmake_target_skip_unavailable': False, 'install_base': '/home/ckl/RM/Combat_vision2026/install/armor_detector', 'merge_install': False, 'path': '/home/ckl/RM/Combat_vision2026/src/rm_auto_aim/armor_detector', 'symlink_install': False, 'test_result_base': None}
[0.285s] Level 5:colcon.colcon_core.verb:set package 'armor_solver' build argument 'cmake_args' from command line to 'None'
[0.285s] Level 5:colcon.colcon_core.verb:set package 'armor_solver' build argument 'cmake_target' from command line to 'None'
[0.285s] Level 5:colcon.colcon_core.verb:set package 'armor_solver' build argument 'cmake_target_skip_unavailable' from command line to 'False'
[0.285s] Level 5:colcon.colcon_core.verb:set package 'armor_solver' build argument 'cmake_clean_cache' from command line to 'False'
[0.285s] Level 5:colcon.colcon_core.verb:set package 'armor_solver' build argument 'cmake_clean_first' from command line to 'False'
[0.285s] Level 5:colcon.colcon_core.verb:set package 'armor_solver' build argument 'cmake_force_configure' from command line to 'False'
[0.285s] Level 5:colcon.colcon_core.verb:set package 'armor_solver' build argument 'ament_cmake_args' from command line to 'None'
[0.285s] Level 5:colcon.colcon_core.verb:set package 'armor_solver' build argument 'catkin_cmake_args' from command line to 'None'
[0.285s] Level 5:colcon.colcon_core.verb:set package 'armor_solver' build argument 'catkin_skip_building_tests' from command line to 'False'
[0.285s] DEBUG:colcon.colcon_core.verb:Building package 'armor_solver' with the following arguments: {'ament_cmake_args': None, 'build_base': '/home/ckl/RM/Combat_vision2026/build/armor_solver', 'catkin_cmake_args': None, 'catkin_skip_building_tests': False, 'cmake_args': None, 'cmake_clean_cache': False, 'cmake_clean_first': False, 'cmake_force_configure': False, 'cmake_target': None, 'cmake_target_skip_unavailable': False, 'install_base': '/home/ckl/RM/Combat_vision2026/install/armor_solver', 'merge_install': False, 'path': '/home/ckl/RM/Combat_vision2026/src/rm_auto_aim/armor_solver', 'symlink_install': False, 'test_result_base': None}
[0.285s] Level 5:colcon.colcon_core.verb:set package 'rm_serial_driver' build argument 'cmake_args' from command line to 'None'
[0.285s] Level 5:colcon.colcon_core.verb:set package 'rm_serial_driver' build argument 'cmake_target' from command line to 'None'
[0.286s] Level 5:colcon.colcon_core.verb:set package 'rm_serial_driver' build argument 'cmake_target_skip_unavailable' from command line to 'False'
[0.286s] Level 5:colcon.colcon_core.verb:set package 'rm_serial_driver' build argument 'cmake_clean_cache' from command line to 'False'
[0.286s] Level 5:colcon.colcon_core.verb:set package 'rm_serial_driver' build argument 'cmake_clean_first' from command line to 'False'
[0.286s] Level 5:colcon.colcon_core.verb:set package 'rm_serial_driver' build argument 'cmake_force_configure' from command line to 'False'
[0.286s] Level 5:colcon.colcon_core.verb:set package 'rm_serial_driver' build argument 'ament_cmake_args' from command line to 'None'
[0.286s] Level 5:colcon.colcon_core.verb:set package 'rm_serial_driver' build argument 'catkin_cmake_args' from command line to 'None'
[0.286s] Level 5:colcon.colcon_core.verb:set package 'rm_serial_driver' build argument 'catkin_skip_building_tests' from command line to 'False'
[0.286s] DEBUG:colcon.colcon_core.verb:Building package 'rm_serial_driver' with the following arguments: {'ament_cmake_args': None, 'build_base': '/home/ckl/RM/Combat_vision2026/build/rm_serial_driver', 'catkin_cmake_args': None, 'catkin_skip_building_tests': False, 'cmake_args': None, 'cmake_clean_cache': False, 'cmake_clean_first': False, 'cmake_force_configure': False, 'cmake_target': None, 'cmake_target_skip_unavailable': False, 'install_base': '/home/ckl/RM/Combat_vision2026/install/rm_serial_driver', 'merge_install': False, 'path': '/home/ckl/RM/Combat_vision2026/src/rm_hardware_driver/rm_serial_driver', 'symlink_install': False, 'test_result_base': None}
[0.286s] Level 5:colcon.colcon_core.verb:set package 'rm_auto_aim' build argument 'cmake_args' from command line to 'None'
[0.286s] Level 5:colcon.colcon_core.verb:set package 'rm_auto_aim' build argument 'cmake_target' from command line to 'None'
[0.286s] Level 5:colcon.colcon_core.verb:set package 'rm_auto_aim' build argument 'cmake_target_skip_unavailable' from command line to 'False'
[0.286s] Level 5:colcon.colcon_core.verb:set package 'rm_auto_aim' build argument 'cmake_clean_cache' from command line to 'False'
[0.286s] Level 5:colcon.colcon_core.verb:set package 'rm_auto_aim' build argument 'cmake_clean_first' from command line to 'False'
[0.286s] Level 5:colcon.colcon_core.verb:set package 'rm_auto_aim' build argument 'cmake_force_configure' from command line to 'False'
[0.286s] Level 5:colcon.colcon_core.verb:set package 'rm_auto_aim' build argument 'ament_cmake_args' from command line to 'None'
[0.286s] Level 5:colcon.colcon_core.verb:set package 'rm_auto_aim' build argument 'catkin_cmake_args' from command line to 'None'
[0.286s] Level 5:colcon.colcon_core.verb:set package 'rm_auto_aim' build argument 'catkin_skip_building_tests' from command line to 'False'
[0.286s] DEBUG:colcon.colcon_core.verb:Building package 'rm_auto_aim' with the following arguments: {'ament_cmake_args': None, 'build_base': '/home/ckl/RM/Combat_vision2026/build/rm_auto_aim', 'catkin_cmake_args': None, 'catkin_skip_building_tests': False, 'cmake_args': None, 'cmake_clean_cache': False, 'cmake_clean_first': False, 'cmake_force_configure': False, 'cmake_target': None, 'cmake_target_skip_unavailable': False, 'install_base': '/home/ckl/RM/Combat_vision2026/install/rm_auto_aim', 'merge_install': False, 'path': '/home/ckl/RM/Combat_vision2026/src/rm_auto_aim/rm_auto_aim', 'symlink_install': False, 'test_result_base': None}
[0.286s] Level 5:colcon.colcon_core.verb:set package 'rm_bringup' build argument 'cmake_args' from command line to 'None'
[0.286s] Level 5:colcon.colcon_core.verb:set package 'rm_bringup' build argument 'cmake_target' from command line to 'None'
[0.286s] Level 5:colcon.colcon_core.verb:set package 'rm_bringup' build argument 'cmake_target_skip_unavailable' from command line to 'False'
[0.286s] Level 5:colcon.colcon_core.verb:set package 'rm_bringup' build argument 'cmake_clean_cache' from command line to 'False'
[0.286s] Level 5:colcon.colcon_core.verb:set package 'rm_bringup' build argument 'cmake_clean_first' from command line to 'False'
[0.286s] Level 5:colcon.colcon_core.verb:set package 'rm_bringup' build argument 'cmake_force_configure' from command line to 'False'
[0.286s] Level 5:colcon.colcon_core.verb:set package 'rm_bringup' build argument 'ament_cmake_args' from command line to 'None'
[0.286s] Level 5:colcon.colcon_core.verb:set package 'rm_bringup' build argument 'catkin_cmake_args' from command line to 'None'
[0.286s] Level 5:colcon.colcon_core.verb:set package 'rm_bringup' build argument 'catkin_skip_building_tests' from command line to 'False'
[0.286s] DEBUG:colcon.colcon_core.verb:Building package 'rm_bringup' with the following arguments: {'ament_cmake_args': None, 'build_base': '/home/ckl/RM/Combat_vision2026/build/rm_bringup', 'catkin_cmake_args': None, 'catkin_skip_building_tests': False, 'cmake_args': None, 'cmake_clean_cache': False, 'cmake_clean_first': False, 'cmake_force_configure': False, 'cmake_target': None, 'cmake_target_skip_unavailable': False, 'install_base': '/home/ckl/RM/Combat_vision2026/install/rm_bringup', 'merge_install': False, 'path': '/home/ckl/RM/Combat_vision2026/src/rm_bringup', 'symlink_install': False, 'test_result_base': None}
[0.286s] INFO:colcon.colcon_core.executor:Executing jobs using 'parallel' executor
[0.287s] DEBUG:colcon.colcon_parallel_executor.executor.parallel:run_until_complete
[0.288s] INFO:colcon.colcon_ros.task.ament_cmake.build:Building ROS package in '/home/ckl/RM/Combat_vision2026/src/rm_interfaces' with build type 'ament_cmake'
[0.288s] INFO:colcon.colcon_cmake.task.cmake.build:Building CMake package in '/home/ckl/RM/Combat_vision2026/src/rm_interfaces'
[0.289s] INFO:colcon.colcon_core.plugin_system:Skipping extension 'colcon_core.shell.bat': Not used on non-Windows systems
[0.289s] INFO:colcon.colcon_core.shell:Skip shell extension 'powershell' for command environment: Not usable outside of PowerShell
[0.289s] DEBUG:colcon.colcon_core.shell:Skip shell extension 'dsv' for command environment
[0.293s] INFO:colcon.colcon_ros.task.ament_cmake.build:Building ROS package in '/home/ckl/RM/Combat_vision2026/src/rm_utils' with build type 'ament_cmake'
[0.293s] INFO:colcon.colcon_cmake.task.cmake.build:Building CMake package in '/home/ckl/RM/Combat_vision2026/src/rm_utils'
[0.293s] INFO:colcon.colcon_core.shell:Skip shell extension 'powershell' for command environment: Not usable outside of PowerShell
[0.293s] DEBUG:colcon.colcon_core.shell:Skip shell extension 'dsv' for command environment
[0.296s] INFO:colcon.colcon_ros.task.ament_cmake.build:Building ROS package in '/home/ckl/RM/Combat_vision2026/src/rm_hardware_driver/ros2_hik_camera' with build type 'ament_cmake'
[0.297s] INFO:colcon.colcon_cmake.task.cmake.build:Building CMake package in '/home/ckl/RM/Combat_vision2026/src/rm_hardware_driver/ros2_hik_camera'
[0.297s] INFO:colcon.colcon_core.shell:Skip shell extension 'powershell' for command environment: Not usable outside of PowerShell
[0.297s] DEBUG:colcon.colcon_core.shell:Skip shell extension 'dsv' for command environment
[0.303s] INFO:colcon.colcon_ros.task.ament_cmake.build:Building ROS package in '/home/ckl/RM/Combat_vision2026/src/rm_robot_description' with build type 'ament_cmake'
[0.303s] INFO:colcon.colcon_cmake.task.cmake.build:Building CMake package in '/home/ckl/RM/Combat_vision2026/src/rm_robot_description'
[0.304s] INFO:colcon.colcon_core.shell:Skip shell extension 'powershell' for command environment: Not usable outside of PowerShell
[0.304s] DEBUG:colcon.colcon_core.shell:Skip shell extension 'dsv' for command environment
[0.316s] DEBUG:colcon.colcon_core.event_handler.log_command:Invoking command in '/home/ckl/RM/Combat_vision2026/build/rm_interfaces': CMAKE_PREFIX_PATH=${CMAKE_PREFIX_PATH}:/opt/ros/humble /usr/bin/cmake --build /home/ckl/RM/Combat_vision2026/build/rm_interfaces -- -j16 -l16
[0.319s] DEBUG:colcon.colcon_core.event_handler.log_command:Invoking command in '/home/ckl/RM/Combat_vision2026/build/rm_utils': CMAKE_PREFIX_PATH=${CMAKE_PREFIX_PATH}:/opt/ros/humble /usr/bin/cmake --build /home/ckl/RM/Combat_vision2026/build/rm_utils -- -j16 -l16
[0.321s] DEBUG:colcon.colcon_core.event_handler.log_command:Invoking command in '/home/ckl/RM/Combat_vision2026/build/hik_camera': CMAKE_PREFIX_PATH=${CMAKE_PREFIX_PATH}:/opt/ros/humble /usr/bin/cmake --build /home/ckl/RM/Combat_vision2026/build/hik_camera -- -j16 -l16
[0.323s] DEBUG:colcon.colcon_core.event_handler.log_command:Invoking command in '/home/ckl/RM/Combat_vision2026/build/rm_robot_description': CMAKE_PREFIX_PATH=${CMAKE_PREFIX_PATH}:/opt/ros/humble /usr/bin/cmake --build /home/ckl/RM/Combat_vision2026/build/rm_robot_description -- -j16 -l16
[0.349s] DEBUG:colcon.colcon_core.event_handler.log_command:Invoked command in '/home/ckl/RM/Combat_vision2026/build/rm_robot_description' returned '0': CMAKE_PREFIX_PATH=${CMAKE_PREFIX_PATH}:/opt/ros/humble /usr/bin/cmake --build /home/ckl/RM/Combat_vision2026/build/rm_robot_description -- -j16 -l16
[0.354s] DEBUG:colcon.colcon_core.event_handler.log_command:Invoking command in '/home/ckl/RM/Combat_vision2026/build/rm_robot_description': CMAKE_PREFIX_PATH=${CMAKE_PREFIX_PATH}:/opt/ros/humble /usr/bin/cmake --install /home/ckl/RM/Combat_vision2026/build/rm_robot_description
[0.360s] Level 1:colcon.colcon_core.environment:create_environment_scripts_only(rm_robot_description)
[0.360s] DEBUG:colcon.colcon_core.event_handler.log_command:Invoked command in '/home/ckl/RM/Combat_vision2026/build/rm_robot_description' returned '0': CMAKE_PREFIX_PATH=${CMAKE_PREFIX_PATH}:/opt/ros/humble /usr/bin/cmake --install /home/ckl/RM/Combat_vision2026/build/rm_robot_description
[0.363s] Level 1:colcon.colcon_core.environment:checking '/home/ckl/RM/Combat_vision2026/install/rm_robot_description' for CMake module files
[0.364s] Level 1:colcon.colcon_core.environment:checking '/home/ckl/RM/Combat_vision2026/install/rm_robot_description' for CMake config files
[0.364s] Level 1:colcon.colcon_core.shell:create_environment_hook('rm_robot_description', 'cmake_prefix_path')
[0.365s] INFO:colcon.colcon_core.shell:Creating environment hook '/home/ckl/RM/Combat_vision2026/install/rm_robot_description/share/rm_robot_description/hook/cmake_prefix_path.ps1'
[0.366s] INFO:colcon.colcon_core.shell:Creating environment descriptor '/home/ckl/RM/Combat_vision2026/install/rm_robot_description/share/rm_robot_description/hook/cmake_prefix_path.dsv'
[0.366s] INFO:colcon.colcon_core.shell:Creating environment hook '/home/ckl/RM/Combat_vision2026/install/rm_robot_description/share/rm_robot_description/hook/cmake_prefix_path.sh'
[0.367s] Level 1:colcon.colcon_core.environment:checking '/home/ckl/RM/Combat_vision2026/install/rm_robot_description/bin'
[0.367s] Level 1:colcon.colcon_core.environment:checking '/home/ckl/RM/Combat_vision2026/install/rm_robot_description/lib/pkgconfig/rm_robot_description.pc'
[0.367s] Level 1:colcon.colcon_core.environment:checking '/home/ckl/RM/Combat_vision2026/install/rm_robot_description/lib/python3.10/site-packages'
[0.368s] Level 1:colcon.colcon_core.environment:checking '/home/ckl/RM/Combat_vision2026/install/rm_robot_description/bin'
[0.368s] INFO:colcon.colcon_core.shell:Creating package script '/home/ckl/RM/Combat_vision2026/install/rm_robot_description/share/rm_robot_description/package.ps1'
[0.369s] INFO:colcon.colcon_core.shell:Creating package descriptor '/home/ckl/RM/Combat_vision2026/install/rm_robot_description/share/rm_robot_description/package.dsv'
[0.369s] INFO:colcon.colcon_core.shell:Creating package script '/home/ckl/RM/Combat_vision2026/install/rm_robot_description/share/rm_robot_description/package.sh'
[0.370s] INFO:colcon.colcon_core.shell:Creating package script '/home/ckl/RM/Combat_vision2026/install/rm_robot_description/share/rm_robot_description/package.bash'
[0.370s] INFO:colcon.colcon_core.shell:Creating package script '/home/ckl/RM/Combat_vision2026/install/rm_robot_description/share/rm_robot_description/package.zsh'
[0.371s] Level 1:colcon.colcon_core.environment:create_file_with_runtime_dependencies(/home/ckl/RM/Combat_vision2026/install/rm_robot_description/share/colcon-core/packages/rm_robot_description)
[0.371s] Level 1:colcon.colcon_core.environment:create_environment_scripts_only(rm_robot_description)
[0.372s] Level 1:colcon.colcon_core.environment:checking '/home/ckl/RM/Combat_vision2026/install/rm_robot_description' for CMake module files
[0.372s] Level 1:colcon.colcon_core.environment:checking '/home/ckl/RM/Combat_vision2026/install/rm_robot_description' for CMake config files
[0.373s] Level 1:colcon.colcon_core.shell:create_environment_hook('rm_robot_description', 'cmake_prefix_path')
[0.373s] INFO:colcon.colcon_core.shell:Creating environment hook '/home/ckl/RM/Combat_vision2026/install/rm_robot_description/share/rm_robot_description/hook/cmake_prefix_path.ps1'
[0.373s] INFO:colcon.colcon_core.shell:Creating environment descriptor '/home/ckl/RM/Combat_vision2026/install/rm_robot_description/share/rm_robot_description/hook/cmake_prefix_path.dsv'
[0.374s] INFO:colcon.colcon_core.shell:Creating environment hook '/home/ckl/RM/Combat_vision2026/install/rm_robot_description/share/rm_robot_description/hook/cmake_prefix_path.sh'
[0.376s] Level 1:colcon.colcon_core.environment:checking '/home/ckl/RM/Combat_vision2026/install/rm_robot_description/bin'
[0.376s] Level 1:colcon.colcon_core.environment:checking '/home/ckl/RM/Combat_vision2026/install/rm_robot_description/lib/pkgconfig/rm_robot_description.pc'
[0.376s] Level 1:colcon.colcon_core.environment:checking '/home/ckl/RM/Combat_vision2026/install/rm_robot_description/lib/python3.10/site-packages'
[0.376s] Level 1:colcon.colcon_core.environment:checking '/home/ckl/RM/Combat_vision2026/install/rm_robot_description/bin'
[0.377s] INFO:colcon.colcon_core.shell:Creating package script '/home/ckl/RM/Combat_vision2026/install/rm_robot_description/share/rm_robot_description/package.ps1'
[0.377s] INFO:colcon.colcon_core.shell:Creating package descriptor '/home/ckl/RM/Combat_vision2026/install/rm_robot_description/share/rm_robot_description/package.dsv'
[0.378s] INFO:colcon.colcon_core.shell:Creating package script '/home/ckl/RM/Combat_vision2026/install/rm_robot_description/share/rm_robot_description/package.sh'
[0.379s] INFO:colcon.colcon_core.shell:Creating package script '/home/ckl/RM/Combat_vision2026/install/rm_robot_description/share/rm_robot_description/package.bash'
[0.379s] INFO:colcon.colcon_core.shell:Creating package script '/home/ckl/RM/Combat_vision2026/install/rm_robot_description/share/rm_robot_description/package.zsh'
[0.380s] Level 1:colcon.colcon_core.environment:create_file_with_runtime_dependencies(/home/ckl/RM/Combat_vision2026/install/rm_robot_description/share/colcon-core/packages/rm_robot_description)
[0.381s] DEBUG:colcon.colcon_core.event_handler.log_command:Invoked command in '/home/ckl/RM/Combat_vision2026/build/hik_camera' returned '0': CMAKE_PREFIX_PATH=${CMAKE_PREFIX_PATH}:/opt/ros/humble /usr/bin/cmake --build /home/ckl/RM/Combat_vision2026/build/hik_camera -- -j16 -l16
[0.383s] DEBUG:colcon.colcon_core.event_handler.log_command:Invoking command in '/home/ckl/RM/Combat_vision2026/build/hik_camera': CMAKE_PREFIX_PATH=${CMAKE_PREFIX_PATH}:/opt/ros/humble /usr/bin/cmake --install /home/ckl/RM/Combat_vision2026/build/hik_camera
[0.383s] DEBUG:colcon.colcon_core.event_handler.log_command:Invoked command in '/home/ckl/RM/Combat_vision2026/build/rm_utils' returned '0': CMAKE_PREFIX_PATH=${CMAKE_PREFIX_PATH}:/opt/ros/humble /usr/bin/cmake --build /home/ckl/RM/Combat_vision2026/build/rm_utils -- -j16 -l16
[0.384s] DEBUG:colcon.colcon_core.event_handler.log_command:Invoking command in '/home/ckl/RM/Combat_vision2026/build/rm_utils': CMAKE_PREFIX_PATH=${CMAKE_PREFIX_PATH}:/opt/ros/humble /usr/bin/cmake --install /home/ckl/RM/Combat_vision2026/build/rm_utils
[0.389s] Level 1:colcon.colcon_core.environment:create_environment_scripts_only(hik_camera)
[0.389s] Level 1:colcon.colcon_core.environment:checking '/home/ckl/RM/Combat_vision2026/install/hik_camera' for CMake module files
[0.393s] Level 1:colcon.colcon_core.environment:checking '/home/ckl/RM/Combat_vision2026/install/hik_camera' for CMake config files
[0.393s] Level 1:colcon.colcon_core.shell:create_environment_hook('hik_camera', 'cmake_prefix_path')
[0.393s] INFO:colcon.colcon_core.shell:Creating environment hook '/home/ckl/RM/Combat_vision2026/install/hik_camera/share/hik_camera/hook/cmake_prefix_path.ps1'
[0.394s] INFO:colcon.colcon_core.shell:Creating environment descriptor '/home/ckl/RM/Combat_vision2026/install/hik_camera/share/hik_camera/hook/cmake_prefix_path.dsv'
[0.394s] INFO:colcon.colcon_core.shell:Creating environment hook '/home/ckl/RM/Combat_vision2026/install/hik_camera/share/hik_camera/hook/cmake_prefix_path.sh'
[0.395s] Level 1:colcon.colcon_core.environment:checking '/home/ckl/RM/Combat_vision2026/install/hik_camera/lib'
[0.395s] Level 1:colcon.colcon_core.shell:create_environment_hook('hik_camera', 'ld_library_path_lib')
[0.395s] INFO:colcon.colcon_core.shell:Creating environment hook '/home/ckl/RM/Combat_vision2026/install/hik_camera/share/hik_camera/hook/ld_library_path_lib.ps1'
[0.396s] DEBUG:colcon.colcon_core.event_handler.log_command:Invoked command in '/home/ckl/RM/Combat_vision2026/build/hik_camera' returned '0': CMAKE_PREFIX_PATH=${CMAKE_PREFIX_PATH}:/opt/ros/humble /usr/bin/cmake --install /home/ckl/RM/Combat_vision2026/build/hik_camera
[0.397s] INFO:colcon.colcon_core.shell:Creating environment descriptor '/home/ckl/RM/Combat_vision2026/install/hik_camera/share/hik_camera/hook/ld_library_path_lib.dsv'
[0.397s] INFO:colcon.colcon_core.shell:Creating environment hook '/home/ckl/RM/Combat_vision2026/install/hik_camera/share/hik_camera/hook/ld_library_path_lib.sh'
[0.397s] Level 1:colcon.colcon_core.environment:checking '/home/ckl/RM/Combat_vision2026/install/hik_camera/bin'
[0.398s] Level 1:colcon.colcon_core.environment:checking '/home/ckl/RM/Combat_vision2026/install/hik_camera/lib/pkgconfig/hik_camera.pc'
[0.398s] Level 1:colcon.colcon_core.environment:checking '/home/ckl/RM/Combat_vision2026/install/hik_camera/lib/python3.10/site-packages'
[0.398s] Level 1:colcon.colcon_core.environment:checking '/home/ckl/RM/Combat_vision2026/install/hik_camera/bin'
[0.398s] INFO:colcon.colcon_core.shell:Creating package script '/home/ckl/RM/Combat_vision2026/install/hik_camera/share/hik_camera/package.ps1'
[0.399s] INFO:colcon.colcon_core.shell:Creating package descriptor '/home/ckl/RM/Combat_vision2026/install/hik_camera/share/hik_camera/package.dsv'
[0.399s] INFO:colcon.colcon_core.shell:Creating package script '/home/ckl/RM/Combat_vision2026/install/hik_camera/share/hik_camera/package.sh'
[0.399s] INFO:colcon.colcon_core.shell:Creating package script '/home/ckl/RM/Combat_vision2026/install/hik_camera/share/hik_camera/package.bash'
[0.400s] INFO:colcon.colcon_core.shell:Creating package script '/home/ckl/RM/Combat_vision2026/install/hik_camera/share/hik_camera/package.zsh'
[0.400s] Level 1:colcon.colcon_core.environment:create_file_with_runtime_dependencies(/home/ckl/RM/Combat_vision2026/install/hik_camera/share/colcon-core/packages/hik_camera)
[0.401s] Level 1:colcon.colcon_core.environment:create_environment_scripts_only(hik_camera)
[0.401s] Level 1:colcon.colcon_core.environment:checking '/home/ckl/RM/Combat_vision2026/install/hik_camera' for CMake module files
[0.402s] Level 1:colcon.colcon_core.environment:checking '/home/ckl/RM/Combat_vision2026/install/hik_camera' for CMake config files
[0.402s] Level 1:colcon.colcon_core.shell:create_environment_hook('hik_camera', 'cmake_prefix_path')
[0.402s] INFO:colcon.colcon_core.shell:Creating environment hook '/home/ckl/RM/Combat_vision2026/install/hik_camera/share/hik_camera/hook/cmake_prefix_path.ps1'
[0.403s] INFO:colcon.colcon_core.shell:Creating environment descriptor '/home/ckl/RM/Combat_vision2026/install/hik_camera/share/hik_camera/hook/cmake_prefix_path.dsv'
[0.403s] INFO:colcon.colcon_core.shell:Creating environment hook '/home/ckl/RM/Combat_vision2026/install/hik_camera/share/hik_camera/hook/cmake_prefix_path.sh'
[0.404s] Level 1:colcon.colcon_core.environment:checking '/home/ckl/RM/Combat_vision2026/install/hik_camera/lib'
[0.404s] Level 1:colcon.colcon_core.shell:create_environment_hook('hik_camera', 'ld_library_path_lib')
[0.404s] INFO:colcon.colcon_core.shell:Creating environment hook '/home/ckl/RM/Combat_vision2026/install/hik_camera/share/hik_camera/hook/ld_library_path_lib.ps1'
[0.404s] INFO:colcon.colcon_core.shell:Creating environment descriptor '/home/ckl/RM/Combat_vision2026/install/hik_camera/share/hik_camera/hook/ld_library_path_lib.dsv'
[0.404s] INFO:colcon.colcon_core.shell:Creating environment hook '/home/ckl/RM/Combat_vision2026/install/hik_camera/share/hik_camera/hook/ld_library_path_lib.sh'
[0.405s] Level 1:colcon.colcon_core.environment:checking '/home/ckl/RM/Combat_vision2026/install/hik_camera/bin'
[0.405s] Level 1:colcon.colcon_core.environment:checking '/home/ckl/RM/Combat_vision2026/install/hik_camera/lib/pkgconfig/hik_camera.pc'
[0.405s] Level 1:colcon.colcon_core.environment:checking '/home/ckl/RM/Combat_vision2026/install/hik_camera/lib/python3.10/site-packages'
[0.406s] Level 1:colcon.colcon_core.environment:checking '/home/ckl/RM/Combat_vision2026/install/hik_camera/bin'
[0.406s] INFO:colcon.colcon_core.shell:Creating package script '/home/ckl/RM/Combat_vision2026/install/hik_camera/share/hik_camera/package.ps1'
[0.407s] INFO:colcon.colcon_core.shell:Creating package descriptor '/home/ckl/RM/Combat_vision2026/install/hik_camera/share/hik_camera/package.dsv'
[0.407s] INFO:colcon.colcon_core.shell:Creating package script '/home/ckl/RM/Combat_vision2026/install/hik_camera/share/hik_camera/package.sh'
[0.408s] INFO:colcon.colcon_core.shell:Creating package script '/home/ckl/RM/Combat_vision2026/install/hik_camera/share/hik_camera/package.bash'
[0.408s] INFO:colcon.colcon_core.shell:Creating package script '/home/ckl/RM/Combat_vision2026/install/hik_camera/share/hik_camera/package.zsh'
[0.409s] Level 1:colcon.colcon_core.environment:create_file_with_runtime_dependencies(/home/ckl/RM/Combat_vision2026/install/hik_camera/share/colcon-core/packages/hik_camera)
[0.410s] Level 1:colcon.colcon_core.environment:create_environment_scripts_only(rm_utils)
[0.410s] Level 1:colcon.colcon_core.environment:checking '/home/ckl/RM/Combat_vision2026/install/rm_utils' for CMake module files
[0.411s] DEBUG:colcon.colcon_core.event_handler.log_command:Invoked command in '/home/ckl/RM/Combat_vision2026/build/rm_utils' returned '0': CMAKE_PREFIX_PATH=${CMAKE_PREFIX_PATH}:/opt/ros/humble /usr/bin/cmake --install /home/ckl/RM/Combat_vision2026/build/rm_utils
[0.412s] Level 1:colcon.colcon_core.environment:checking '/home/ckl/RM/Combat_vision2026/install/rm_utils' for CMake config files
[0.412s] Level 1:colcon.colcon_core.shell:create_environment_hook('rm_utils', 'cmake_prefix_path')
[0.412s] INFO:colcon.colcon_core.shell:Creating environment hook '/home/ckl/RM/Combat_vision2026/install/rm_utils/share/rm_utils/hook/cmake_prefix_path.ps1'
[0.413s] INFO:colcon.colcon_core.shell:Creating environment descriptor '/home/ckl/RM/Combat_vision2026/install/rm_utils/share/rm_utils/hook/cmake_prefix_path.dsv'
[0.413s] INFO:colcon.colcon_core.shell:Creating environment hook '/home/ckl/RM/Combat_vision2026/install/rm_utils/share/rm_utils/hook/cmake_prefix_path.sh'
[0.413s] Level 1:colcon.colcon_core.environment:checking '/home/ckl/RM/Combat_vision2026/install/rm_utils/lib'
[0.413s] Level 1:colcon.colcon_core.shell:create_environment_hook('rm_utils', 'ld_library_path_lib')
[0.414s] INFO:colcon.colcon_core.shell:Creating environment hook '/home/ckl/RM/Combat_vision2026/install/rm_utils/share/rm_utils/hook/ld_library_path_lib.ps1'
[0.414s] INFO:colcon.colcon_core.shell:Creating environment descriptor '/home/ckl/RM/Combat_vision2026/install/rm_utils/share/rm_utils/hook/ld_library_path_lib.dsv'
[0.414s] INFO:colcon.colcon_core.shell:Creating environment hook '/home/ckl/RM/Combat_vision2026/install/rm_utils/share/rm_utils/hook/ld_library_path_lib.sh'
[0.414s] Level 1:colcon.colcon_core.environment:checking '/home/ckl/RM/Combat_vision2026/install/rm_utils/bin'
[0.415s] Level 1:colcon.colcon_core.environment:checking '/home/ckl/RM/Combat_vision2026/install/rm_utils/lib/pkgconfig/rm_utils.pc'
[0.415s] Level 1:colcon.colcon_core.environment:checking '/home/ckl/RM/Combat_vision2026/install/rm_utils/lib/python3.10/site-packages'
[0.415s] Level 1:colcon.colcon_core.environment:checking '/home/ckl/RM/Combat_vision2026/install/rm_utils/bin'
[0.415s] INFO:colcon.colcon_core.shell:Creating package script '/home/ckl/RM/Combat_vision2026/install/rm_utils/share/rm_utils/package.ps1'
[0.415s] INFO:colcon.colcon_core.shell:Creating package descriptor '/home/ckl/RM/Combat_vision2026/install/rm_utils/share/rm_utils/package.dsv'
[0.416s] INFO:colcon.colcon_core.shell:Creating package script '/home/ckl/RM/Combat_vision2026/install/rm_utils/share/rm_utils/package.sh'
[0.416s] INFO:colcon.colcon_core.shell:Creating package script '/home/ckl/RM/Combat_vision2026/install/rm_utils/share/rm_utils/package.bash'
[0.416s] INFO:colcon.colcon_core.shell:Creating package script '/home/ckl/RM/Combat_vision2026/install/rm_utils/share/rm_utils/package.zsh'
[0.417s] Level 1:colcon.colcon_core.environment:create_file_with_runtime_dependencies(/home/ckl/RM/Combat_vision2026/install/rm_utils/share/colcon-core/packages/rm_utils)
[0.417s] Level 1:colcon.colcon_core.environment:create_environment_scripts_only(rm_utils)
[0.417s] Level 1:colcon.colcon_core.environment:checking '/home/ckl/RM/Combat_vision2026/install/rm_utils' for CMake module files
[0.418s] Level 1:colcon.colcon_core.environment:checking '/home/ckl/RM/Combat_vision2026/install/rm_utils' for CMake config files
[0.418s] Level 1:colcon.colcon_core.shell:create_environment_hook('rm_utils', 'cmake_prefix_path')
[0.419s] INFO:colcon.colcon_core.shell:Creating environment hook '/home/ckl/RM/Combat_vision2026/install/rm_utils/share/rm_utils/hook/cmake_prefix_path.ps1'
[0.419s] INFO:colcon.colcon_core.shell:Creating environment descriptor '/home/ckl/RM/Combat_vision2026/install/rm_utils/share/rm_utils/hook/cmake_prefix_path.dsv'
[0.419s] INFO:colcon.colcon_core.shell:Creating environment hook '/home/ckl/RM/Combat_vision2026/install/rm_utils/share/rm_utils/hook/cmake_prefix_path.sh'
[0.420s] Level 1:colcon.colcon_core.environment:checking '/home/ckl/RM/Combat_vision2026/install/rm_utils/lib'
[0.420s] Level 1:colcon.colcon_core.shell:create_environment_hook('rm_utils', 'ld_library_path_lib')
[0.420s] INFO:colcon.colcon_core.shell:Creating environment hook '/home/ckl/RM/Combat_vision2026/install/rm_utils/share/rm_utils/hook/ld_library_path_lib.ps1'
[0.420s] INFO:colcon.colcon_core.shell:Creating environment descriptor '/home/ckl/RM/Combat_vision2026/install/rm_utils/share/rm_utils/hook/ld_library_path_lib.dsv'
[0.420s] INFO:colcon.colcon_core.shell:Creating environment hook '/home/ckl/RM/Combat_vision2026/install/rm_utils/share/rm_utils/hook/ld_library_path_lib.sh'
[0.421s] Level 1:colcon.colcon_core.environment:checking '/home/ckl/RM/Combat_vision2026/install/rm_utils/bin'
[0.421s] Level 1:colcon.colcon_core.environment:checking '/home/ckl/RM/Combat_vision2026/install/rm_utils/lib/pkgconfig/rm_utils.pc'
[0.421s] Level 1:colcon.colcon_core.environment:checking '/home/ckl/RM/Combat_vision2026/install/rm_utils/lib/python3.10/site-packages'
[0.421s] Level 1:colcon.colcon_core.environment:checking '/home/ckl/RM/Combat_vision2026/install/rm_utils/bin'
[0.421s] INFO:colcon.colcon_core.shell:Creating package script '/home/ckl/RM/Combat_vision2026/install/rm_utils/share/rm_utils/package.ps1'
[0.422s] INFO:colcon.colcon_core.shell:Creating package descriptor '/home/ckl/RM/Combat_vision2026/install/rm_utils/share/rm_utils/package.dsv'
[0.422s] INFO:colcon.colcon_core.shell:Creating package script '/home/ckl/RM/Combat_vision2026/install/rm_utils/share/rm_utils/package.sh'
[0.422s] INFO:colcon.colcon_core.shell:Creating package script '/home/ckl/RM/Combat_vision2026/install/rm_utils/share/rm_utils/package.bash'
[0.423s] INFO:colcon.colcon_core.shell:Creating package script '/home/ckl/RM/Combat_vision2026/install/rm_utils/share/rm_utils/package.zsh'
[0.423s] Level 1:colcon.colcon_core.environment:create_file_with_runtime_dependencies(/home/ckl/RM/Combat_vision2026/install/rm_utils/share/colcon-core/packages/rm_utils)
[0.599s] DEBUG:colcon.colcon_core.event_handler.log_command:Invoked command in '/home/ckl/RM/Combat_vision2026/build/rm_interfaces' returned '0': CMAKE_PREFIX_PATH=${CMAKE_PREFIX_PATH}:/opt/ros/humble /usr/bin/cmake --build /home/ckl/RM/Combat_vision2026/build/rm_interfaces -- -j16 -l16
[0.601s] DEBUG:colcon.colcon_core.event_handler.log_command:Invoking command in '/home/ckl/RM/Combat_vision2026/build/rm_interfaces': CMAKE_PREFIX_PATH=${CMAKE_PREFIX_PATH}:/opt/ros/humble /usr/bin/cmake --install /home/ckl/RM/Combat_vision2026/build/rm_interfaces
[0.660s] Level 1:colcon.colcon_core.environment:create_environment_scripts_only(rm_interfaces)
[0.661s] Level 1:colcon.colcon_core.environment:checking '/home/ckl/RM/Combat_vision2026/install/rm_interfaces' for CMake module files
[0.661s] DEBUG:colcon.colcon_core.event_handler.log_command:Invoked command in '/home/ckl/RM/Combat_vision2026/build/rm_interfaces' returned '0': CMAKE_PREFIX_PATH=${CMAKE_PREFIX_PATH}:/opt/ros/humble /usr/bin/cmake --install /home/ckl/RM/Combat_vision2026/build/rm_interfaces
[0.661s] Level 1:colcon.colcon_core.environment:checking '/home/ckl/RM/Combat_vision2026/install/rm_interfaces' for CMake config files
[0.662s] Level 1:colcon.colcon_core.shell:create_environment_hook('rm_interfaces', 'cmake_prefix_path')
[0.663s] INFO:colcon.colcon_core.shell:Creating environment hook '/home/ckl/RM/Combat_vision2026/install/rm_interfaces/share/rm_interfaces/hook/cmake_prefix_path.ps1'
[0.663s] INFO:colcon.colcon_core.shell:Creating environment descriptor '/home/ckl/RM/Combat_vision2026/install/rm_interfaces/share/rm_interfaces/hook/cmake_prefix_path.dsv'
[0.663s] INFO:colcon.colcon_core.shell:Creating environment hook '/home/ckl/RM/Combat_vision2026/install/rm_interfaces/share/rm_interfaces/hook/cmake_prefix_path.sh'
[0.664s] Level 1:colcon.colcon_core.environment:checking '/home/ckl/RM/Combat_vision2026/install/rm_interfaces/lib'
[0.664s] Level 1:colcon.colcon_core.shell:create_environment_hook('rm_interfaces', 'ld_library_path_lib')
[0.664s] INFO:colcon.colcon_core.shell:Creating environment hook '/home/ckl/RM/Combat_vision2026/install/rm_interfaces/share/rm_interfaces/hook/ld_library_path_lib.ps1'
[0.664s] INFO:colcon.colcon_core.shell:Creating environment descriptor '/home/ckl/RM/Combat_vision2026/install/rm_interfaces/share/rm_interfaces/hook/ld_library_path_lib.dsv'
[0.664s] INFO:colcon.colcon_core.shell:Creating environment hook '/home/ckl/RM/Combat_vision2026/install/rm_interfaces/share/rm_interfaces/hook/ld_library_path_lib.sh'
[0.665s] Level 1:colcon.colcon_core.environment:checking '/home/ckl/RM/Combat_vision2026/install/rm_interfaces/bin'
[0.665s] Level 1:colcon.colcon_core.environment:checking '/home/ckl/RM/Combat_vision2026/install/rm_interfaces/lib/pkgconfig/rm_interfaces.pc'
[0.665s] Level 1:colcon.colcon_core.environment:checking '/home/ckl/RM/Combat_vision2026/install/rm_interfaces/lib/python3.10/site-packages'
[0.665s] Level 1:colcon.colcon_core.environment:checking '/home/ckl/RM/Combat_vision2026/install/rm_interfaces/bin'
[0.665s] INFO:colcon.colcon_core.shell:Creating package script '/home/ckl/RM/Combat_vision2026/install/rm_interfaces/share/rm_interfaces/package.ps1'
[0.665s] INFO:colcon.colcon_core.shell:Creating package descriptor '/home/ckl/RM/Combat_vision2026/install/rm_interfaces/share/rm_interfaces/package.dsv'
[0.666s] INFO:colcon.colcon_core.shell:Creating package script '/home/ckl/RM/Combat_vision2026/install/rm_interfaces/share/rm_interfaces/package.sh'
[0.666s] INFO:colcon.colcon_core.shell:Creating package script '/home/ckl/RM/Combat_vision2026/install/rm_interfaces/share/rm_interfaces/package.bash'
[0.666s] INFO:colcon.colcon_core.shell:Creating package script '/home/ckl/RM/Combat_vision2026/install/rm_interfaces/share/rm_interfaces/package.zsh'
[0.667s] Level 1:colcon.colcon_core.environment:create_file_with_runtime_dependencies(/home/ckl/RM/Combat_vision2026/install/rm_interfaces/share/colcon-core/packages/rm_interfaces)
[0.667s] Level 1:colcon.colcon_core.environment:create_environment_scripts_only(rm_interfaces)
[0.667s] Level 1:colcon.colcon_core.environment:checking '/home/ckl/RM/Combat_vision2026/install/rm_interfaces' for CMake module files
[0.668s] Level 1:colcon.colcon_core.environment:checking '/home/ckl/RM/Combat_vision2026/install/rm_interfaces' for CMake config files
[0.669s] Level 1:colcon.colcon_core.shell:create_environment_hook('rm_interfaces', 'cmake_prefix_path')
[0.669s] INFO:colcon.colcon_core.shell:Creating environment hook '/home/ckl/RM/Combat_vision2026/install/rm_interfaces/share/rm_interfaces/hook/cmake_prefix_path.ps1'
[0.669s] INFO:colcon.colcon_core.shell:Creating environment descriptor '/home/ckl/RM/Combat_vision2026/install/rm_interfaces/share/rm_interfaces/hook/cmake_prefix_path.dsv'
[0.669s] INFO:colcon.colcon_core.shell:Creating environment hook '/home/ckl/RM/Combat_vision2026/install/rm_interfaces/share/rm_interfaces/hook/cmake_prefix_path.sh'
[0.670s] Level 1:colcon.colcon_core.environment:checking '/home/ckl/RM/Combat_vision2026/install/rm_interfaces/lib'
[0.670s] Level 1:colcon.colcon_core.shell:create_environment_hook('rm_interfaces', 'ld_library_path_lib')
[0.670s] INFO:colcon.colcon_core.shell:Creating environment hook '/home/ckl/RM/Combat_vision2026/install/rm_interfaces/share/rm_interfaces/hook/ld_library_path_lib.ps1'
[0.670s] INFO:colcon.colcon_core.shell:Creating environment descriptor '/home/ckl/RM/Combat_vision2026/install/rm_interfaces/share/rm_interfaces/hook/ld_library_path_lib.dsv'
[0.670s] INFO:colcon.colcon_core.shell:Creating environment hook '/home/ckl/RM/Combat_vision2026/install/rm_interfaces/share/rm_interfaces/hook/ld_library_path_lib.sh'
[0.671s] Level 1:colcon.colcon_core.environment:checking '/home/ckl/RM/Combat_vision2026/install/rm_interfaces/bin'
[0.671s] Level 1:colcon.colcon_core.environment:checking '/home/ckl/RM/Combat_vision2026/install/rm_interfaces/lib/pkgconfig/rm_interfaces.pc'
[0.671s] Level 1:colcon.colcon_core.environment:checking '/home/ckl/RM/Combat_vision2026/install/rm_interfaces/lib/python3.10/site-packages'
[0.671s] Level 1:colcon.colcon_core.environment:checking '/home/ckl/RM/Combat_vision2026/install/rm_interfaces/bin'
[0.671s] INFO:colcon.colcon_core.shell:Creating package script '/home/ckl/RM/Combat_vision2026/install/rm_interfaces/share/rm_interfaces/package.ps1'
[0.672s] INFO:colcon.colcon_core.shell:Creating package descriptor '/home/ckl/RM/Combat_vision2026/install/rm_interfaces/share/rm_interfaces/package.dsv'
[0.672s] INFO:colcon.colcon_core.shell:Creating package script '/home/ckl/RM/Combat_vision2026/install/rm_interfaces/share/rm_interfaces/package.sh'
[0.672s] INFO:colcon.colcon_core.shell:Creating package script '/home/ckl/RM/Combat_vision2026/install/rm_interfaces/share/rm_interfaces/package.bash'
[0.672s] INFO:colcon.colcon_core.shell:Creating package script '/home/ckl/RM/Combat_vision2026/install/rm_interfaces/share/rm_interfaces/package.zsh'
[0.673s] Level 1:colcon.colcon_core.environment:create_file_with_runtime_dependencies(/home/ckl/RM/Combat_vision2026/install/rm_interfaces/share/colcon-core/packages/rm_interfaces)
[0.673s] INFO:colcon.colcon_ros.task.ament_cmake.build:Building ROS package in '/home/ckl/RM/Combat_vision2026/src/rm_auto_aim/armor_detector' with build type 'ament_cmake'
[0.673s] INFO:colcon.colcon_cmake.task.cmake.build:Building CMake package in '/home/ckl/RM/Combat_vision2026/src/rm_auto_aim/armor_detector'
[0.673s] INFO:colcon.colcon_core.shell:Skip shell extension 'powershell' for command environment: Not usable outside of PowerShell
[0.673s] DEBUG:colcon.colcon_core.shell:Skip shell extension 'dsv' for command environment
[0.677s] INFO:colcon.colcon_ros.task.ament_cmake.build:Building ROS package in '/home/ckl/RM/Combat_vision2026/src/rm_auto_aim/armor_solver' with build type 'ament_cmake'
[0.677s] INFO:colcon.colcon_cmake.task.cmake.build:Building CMake package in '/home/ckl/RM/Combat_vision2026/src/rm_auto_aim/armor_solver'
[0.677s] INFO:colcon.colcon_core.shell:Skip shell extension 'powershell' for command environment: Not usable outside of PowerShell
[0.677s] DEBUG:colcon.colcon_core.shell:Skip shell extension 'dsv' for command environment
[0.680s] INFO:colcon.colcon_ros.task.ament_cmake.build:Building ROS package in '/home/ckl/RM/Combat_vision2026/src/rm_hardware_driver/rm_serial_driver' with build type 'ament_cmake'
[0.680s] INFO:colcon.colcon_cmake.task.cmake.build:Building CMake package in '/home/ckl/RM/Combat_vision2026/src/rm_hardware_driver/rm_serial_driver'
[0.680s] INFO:colcon.colcon_core.shell:Skip shell extension 'powershell' for command environment: Not usable outside of PowerShell
[0.680s] DEBUG:colcon.colcon_core.shell:Skip shell extension 'dsv' for command environment
[0.693s] DEBUG:colcon.colcon_core.event_handler.log_command:Invoking command in '/home/ckl/RM/Combat_vision2026/build/armor_detector': CMAKE_PREFIX_PATH=/home/ckl/RM/Combat_vision2026/install/rm_utils:/home/ckl/RM/Combat_vision2026/install/rm_interfaces:/home/ckl/RM/Combat_vision2026/install/rm_bringup:/home/ckl/RM/Combat_vision2026/install/rm_serial_driver:/home/ckl/RM/Combat_vision2026/install/rm_auto_aim:/home/ckl/RM/Combat_vision2026/install/armor_solver:/home/ckl/RM/Combat_vision2026/install/armor_detector:/home/ckl/RM/Combat_vision2026/install/rm_robot_description:/home/ckl/RM/Combat_vision2026/install/hik_camera:/opt/ros/humble LD_LIBRARY_PATH=/home/ckl/RM/Combat_vision2026/install/rm_utils/lib:/home/ckl/RM/Combat_vision2026/install/rm_interfaces/lib:/home/ckl/RM/Combat_vision2026/install/rm_serial_driver/lib:/home/ckl/RM/Combat_vision2026/install/armor_solver/lib:/home/ckl/RM/Combat_vision2026/install/armor_detector/lib:/home/ckl/RM/Combat_vision2026/install/hik_camera/lib:/opt/ros/humble/opt/rviz_ogre_vendor/lib:/opt/ros/humble/lib/x86_64-linux-gnu:/opt/ros/humble/lib /usr/bin/cmake --build /home/ckl/RM/Combat_vision2026/build/armor_detector -- -j16 -l16
[0.694s] DEBUG:colcon.colcon_core.event_handler.log_command:Invoking command in '/home/ckl/RM/Combat_vision2026/build/armor_solver': CMAKE_PREFIX_PATH=/home/ckl/RM/Combat_vision2026/install/rm_utils:/home/ckl/RM/Combat_vision2026/install/rm_interfaces:/home/ckl/RM/Combat_vision2026/install/rm_bringup:/home/ckl/RM/Combat_vision2026/install/rm_serial_driver:/home/ckl/RM/Combat_vision2026/install/rm_auto_aim:/home/ckl/RM/Combat_vision2026/install/armor_solver:/home/ckl/RM/Combat_vision2026/install/armor_detector:/home/ckl/RM/Combat_vision2026/install/rm_robot_description:/home/ckl/RM/Combat_vision2026/install/hik_camera:/opt/ros/humble LD_LIBRARY_PATH=/home/ckl/RM/Combat_vision2026/install/rm_utils/lib:/home/ckl/RM/Combat_vision2026/install/rm_interfaces/lib:/home/ckl/RM/Combat_vision2026/install/rm_serial_driver/lib:/home/ckl/RM/Combat_vision2026/install/armor_solver/lib:/home/ckl/RM/Combat_vision2026/install/armor_detector/lib:/home/ckl/RM/Combat_vision2026/install/hik_camera/lib:/opt/ros/humble/opt/rviz_ogre_vendor/lib:/opt/ros/humble/lib/x86_64-linux-gnu:/opt/ros/humble/lib /usr/bin/cmake --build /home/ckl/RM/Combat_vision2026/build/armor_solver -- -j16 -l16
[0.699s] DEBUG:colcon.colcon_core.event_handler.log_command:Invoking command in '/home/ckl/RM/Combat_vision2026/build/rm_serial_driver': CMAKE_PREFIX_PATH=/home/ckl/RM/Combat_vision2026/install/rm_utils:/home/ckl/RM/Combat_vision2026/install/rm_interfaces:/home/ckl/RM/Combat_vision2026/install/rm_bringup:/home/ckl/RM/Combat_vision2026/install/rm_serial_driver:/home/ckl/RM/Combat_vision2026/install/rm_auto_aim:/home/ckl/RM/Combat_vision2026/install/armor_solver:/home/ckl/RM/Combat_vision2026/install/armor_detector:/home/ckl/RM/Combat_vision2026/install/rm_robot_description:/home/ckl/RM/Combat_vision2026/install/hik_camera:/opt/ros/humble LD_LIBRARY_PATH=/home/ckl/RM/Combat_vision2026/install/rm_utils/lib:/home/ckl/RM/Combat_vision2026/install/rm_interfaces/lib:/home/ckl/RM/Combat_vision2026/install/rm_serial_driver/lib:/home/ckl/RM/Combat_vision2026/install/armor_solver/lib:/home/ckl/RM/Combat_vision2026/install/armor_detector/lib:/home/ckl/RM/Combat_vision2026/install/hik_camera/lib:/opt/ros/humble/opt/rviz_ogre_vendor/lib:/opt/ros/humble/lib/x86_64-linux-gnu:/opt/ros/humble/lib /usr/bin/cmake --build /home/ckl/RM/Combat_vision2026/build/rm_serial_driver -- -j16 -l16
[0.756s] DEBUG:colcon.colcon_core.event_handler.log_command:Invoked command in '/home/ckl/RM/Combat_vision2026/build/armor_solver' returned '0': CMAKE_PREFIX_PATH=/home/ckl/RM/Combat_vision2026/install/rm_utils:/home/ckl/RM/Combat_vision2026/install/rm_interfaces:/home/ckl/RM/Combat_vision2026/install/rm_bringup:/home/ckl/RM/Combat_vision2026/install/rm_serial_driver:/home/ckl/RM/Combat_vision2026/install/rm_auto_aim:/home/ckl/RM/Combat_vision2026/install/armor_solver:/home/ckl/RM/Combat_vision2026/install/armor_detector:/home/ckl/RM/Combat_vision2026/install/rm_robot_description:/home/ckl/RM/Combat_vision2026/install/hik_camera:/opt/ros/humble LD_LIBRARY_PATH=/home/ckl/RM/Combat_vision2026/install/rm_utils/lib:/home/ckl/RM/Combat_vision2026/install/rm_interfaces/lib:/home/ckl/RM/Combat_vision2026/install/rm_serial_driver/lib:/home/ckl/RM/Combat_vision2026/install/armor_solver/lib:/home/ckl/RM/Combat_vision2026/install/armor_detector/lib:/home/ckl/RM/Combat_vision2026/install/hik_camera/lib:/opt/ros/humble/opt/rviz_ogre_vendor/lib:/opt/ros/humble/lib/x86_64-linux-gnu:/opt/ros/humble/lib /usr/bin/cmake --build /home/ckl/RM/Combat_vision2026/build/armor_solver -- -j16 -l16
[0.757s] DEBUG:colcon.colcon_core.event_handler.log_command:Invoking command in '/home/ckl/RM/Combat_vision2026/build/armor_solver': CMAKE_PREFIX_PATH=/home/ckl/RM/Combat_vision2026/install/rm_utils:/home/ckl/RM/Combat_vision2026/install/rm_interfaces:/home/ckl/RM/Combat_vision2026/install/rm_bringup:/home/ckl/RM/Combat_vision2026/install/rm_serial_driver:/home/ckl/RM/Combat_vision2026/install/rm_auto_aim:/home/ckl/RM/Combat_vision2026/install/armor_solver:/home/ckl/RM/Combat_vision2026/install/armor_detector:/home/ckl/RM/Combat_vision2026/install/rm_robot_description:/home/ckl/RM/Combat_vision2026/install/hik_camera:/opt/ros/humble LD_LIBRARY_PATH=/home/ckl/RM/Combat_vision2026/install/rm_utils/lib:/home/ckl/RM/Combat_vision2026/install/rm_interfaces/lib:/home/ckl/RM/Combat_vision2026/install/rm_serial_driver/lib:/home/ckl/RM/Combat_vision2026/install/armor_solver/lib:/home/ckl/RM/Combat_vision2026/install/armor_detector/lib:/home/ckl/RM/Combat_vision2026/install/hik_camera/lib:/opt/ros/humble/opt/rviz_ogre_vendor/lib:/opt/ros/humble/lib/x86_64-linux-gnu:/opt/ros/humble/lib /usr/bin/cmake --install /home/ckl/RM/Combat_vision2026/build/armor_solver
[0.763s] Level 1:colcon.colcon_core.environment:create_environment_scripts_only(armor_solver)
[0.763s] Level 1:colcon.colcon_core.environment:checking '/home/ckl/RM/Combat_vision2026/install/armor_solver' for CMake module files
[0.764s] DEBUG:colcon.colcon_core.event_handler.log_command:Invoked command in '/home/ckl/RM/Combat_vision2026/build/armor_solver' returned '0': CMAKE_PREFIX_PATH=/home/ckl/RM/Combat_vision2026/install/rm_utils:/home/ckl/RM/Combat_vision2026/install/rm_interfaces:/home/ckl/RM/Combat_vision2026/install/rm_bringup:/home/ckl/RM/Combat_vision2026/install/rm_serial_driver:/home/ckl/RM/Combat_vision2026/install/rm_auto_aim:/home/ckl/RM/Combat_vision2026/install/armor_solver:/home/ckl/RM/Combat_vision2026/install/armor_detector:/home/ckl/RM/Combat_vision2026/install/rm_robot_description:/home/ckl/RM/Combat_vision2026/install/hik_camera:/opt/ros/humble LD_LIBRARY_PATH=/home/ckl/RM/Combat_vision2026/install/rm_utils/lib:/home/ckl/RM/Combat_vision2026/install/rm_interfaces/lib:/home/ckl/RM/Combat_vision2026/install/rm_serial_driver/lib:/home/ckl/RM/Combat_vision2026/install/armor_solver/lib:/home/ckl/RM/Combat_vision2026/install/armor_detector/lib:/home/ckl/RM/Combat_vision2026/install/hik_camera/lib:/opt/ros/humble/opt/rviz_ogre_vendor/lib:/opt/ros/humble/lib/x86_64-linux-gnu:/opt/ros/humble/lib /usr/bin/cmake --install /home/ckl/RM/Combat_vision2026/build/armor_solver
[0.764s] Level 1:colcon.colcon_core.environment:checking '/home/ckl/RM/Combat_vision2026/install/armor_solver' for CMake config files
[0.764s] Level 1:colcon.colcon_core.shell:create_environment_hook('armor_solver', 'cmake_prefix_path')
[0.764s] INFO:colcon.colcon_core.shell:Creating environment hook '/home/ckl/RM/Combat_vision2026/install/armor_solver/share/armor_solver/hook/cmake_prefix_path.ps1'
[0.765s] INFO:colcon.colcon_core.shell:Creating environment descriptor '/home/ckl/RM/Combat_vision2026/install/armor_solver/share/armor_solver/hook/cmake_prefix_path.dsv'
[0.765s] INFO:colcon.colcon_core.shell:Creating environment hook '/home/ckl/RM/Combat_vision2026/install/armor_solver/share/armor_solver/hook/cmake_prefix_path.sh'
[0.765s] Level 1:colcon.colcon_core.environment:checking '/home/ckl/RM/Combat_vision2026/install/armor_solver/lib'
[0.765s] Level 1:colcon.colcon_core.shell:create_environment_hook('armor_solver', 'ld_library_path_lib')
[0.766s] INFO:colcon.colcon_core.shell:Creating environment hook '/home/ckl/RM/Combat_vision2026/install/armor_solver/share/armor_solver/hook/ld_library_path_lib.ps1'
[0.766s] INFO:colcon.colcon_core.shell:Creating environment descriptor '/home/ckl/RM/Combat_vision2026/install/armor_solver/share/armor_solver/hook/ld_library_path_lib.dsv'
[0.766s] INFO:colcon.colcon_core.shell:Creating environment hook '/home/ckl/RM/Combat_vision2026/install/armor_solver/share/armor_solver/hook/ld_library_path_lib.sh'
[0.766s] Level 1:colcon.colcon_core.environment:checking '/home/ckl/RM/Combat_vision2026/install/armor_solver/bin'
[0.766s] Level 1:colcon.colcon_core.environment:checking '/home/ckl/RM/Combat_vision2026/install/armor_solver/lib/pkgconfig/armor_solver.pc'
[0.766s] Level 1:colcon.colcon_core.environment:checking '/home/ckl/RM/Combat_vision2026/install/armor_solver/lib/python3.10/site-packages'
[0.767s] Level 1:colcon.colcon_core.environment:checking '/home/ckl/RM/Combat_vision2026/install/armor_solver/bin'
[0.767s] INFO:colcon.colcon_core.shell:Creating package script '/home/ckl/RM/Combat_vision2026/install/armor_solver/share/armor_solver/package.ps1'
[0.767s] INFO:colcon.colcon_core.shell:Creating package descriptor '/home/ckl/RM/Combat_vision2026/install/armor_solver/share/armor_solver/package.dsv'
[0.768s] INFO:colcon.colcon_core.shell:Creating package script '/home/ckl/RM/Combat_vision2026/install/armor_solver/share/armor_solver/package.sh'
[0.768s] INFO:colcon.colcon_core.shell:Creating package script '/home/ckl/RM/Combat_vision2026/install/armor_solver/share/armor_solver/package.bash'
[0.768s] INFO:colcon.colcon_core.shell:Creating package script '/home/ckl/RM/Combat_vision2026/install/armor_solver/share/armor_solver/package.zsh'
[0.768s] Level 1:colcon.colcon_core.environment:create_file_with_runtime_dependencies(/home/ckl/RM/Combat_vision2026/install/armor_solver/share/colcon-core/packages/armor_solver)
[0.769s] Level 1:colcon.colcon_core.environment:create_environment_scripts_only(armor_solver)
[0.769s] Level 1:colcon.colcon_core.environment:checking '/home/ckl/RM/Combat_vision2026/install/armor_solver' for CMake module files
[0.769s] Level 1:colcon.colcon_core.environment:checking '/home/ckl/RM/Combat_vision2026/install/armor_solver' for CMake config files
[0.770s] Level 1:colcon.colcon_core.shell:create_environment_hook('armor_solver', 'cmake_prefix_path')
[0.770s] INFO:colcon.colcon_core.shell:Creating environment hook '/home/ckl/RM/Combat_vision2026/install/armor_solver/share/armor_solver/hook/cmake_prefix_path.ps1'
[0.770s] INFO:colcon.colcon_core.shell:Creating environment descriptor '/home/ckl/RM/Combat_vision2026/install/armor_solver/share/armor_solver/hook/cmake_prefix_path.dsv'
[0.770s] INFO:colcon.colcon_core.shell:Creating environment hook '/home/ckl/RM/Combat_vision2026/install/armor_solver/share/armor_solver/hook/cmake_prefix_path.sh'
[0.771s] Level 1:colcon.colcon_core.environment:checking '/home/ckl/RM/Combat_vision2026/install/armor_solver/lib'
[0.771s] Level 1:colcon.colcon_core.shell:create_environment_hook('armor_solver', 'ld_library_path_lib')
[0.771s] INFO:colcon.colcon_core.shell:Creating environment hook '/home/ckl/RM/Combat_vision2026/install/armor_solver/share/armor_solver/hook/ld_library_path_lib.ps1'
[0.771s] INFO:colcon.colcon_core.shell:Creating environment descriptor '/home/ckl/RM/Combat_vision2026/install/armor_solver/share/armor_solver/hook/ld_library_path_lib.dsv'
[0.771s] INFO:colcon.colcon_core.shell:Creating environment hook '/home/ckl/RM/Combat_vision2026/install/armor_solver/share/armor_solver/hook/ld_library_path_lib.sh'
[0.772s] Level 1:colcon.colcon_core.environment:checking '/home/ckl/RM/Combat_vision2026/install/armor_solver/bin'
[0.772s] Level 1:colcon.colcon_core.environment:checking '/home/ckl/RM/Combat_vision2026/install/armor_solver/lib/pkgconfig/armor_solver.pc'
[0.772s] Level 1:colcon.colcon_core.environment:checking '/home/ckl/RM/Combat_vision2026/install/armor_solver/lib/python3.10/site-packages'
[0.772s] Level 1:colcon.colcon_core.environment:checking '/home/ckl/RM/Combat_vision2026/install/armor_solver/bin'
[0.772s] INFO:colcon.colcon_core.shell:Creating package script '/home/ckl/RM/Combat_vision2026/install/armor_solver/share/armor_solver/package.ps1'
[0.772s] INFO:colcon.colcon_core.shell:Creating package descriptor '/home/ckl/RM/Combat_vision2026/install/armor_solver/share/armor_solver/package.dsv'
[0.773s] INFO:colcon.colcon_core.shell:Creating package script '/home/ckl/RM/Combat_vision2026/install/armor_solver/share/armor_solver/package.sh'
[0.773s] INFO:colcon.colcon_core.shell:Creating package script '/home/ckl/RM/Combat_vision2026/install/armor_solver/share/armor_solver/package.bash'
[0.773s] INFO:colcon.colcon_core.shell:Creating package script '/home/ckl/RM/Combat_vision2026/install/armor_solver/share/armor_solver/package.zsh'
[0.774s] Level 1:colcon.colcon_core.environment:create_file_with_runtime_dependencies(/home/ckl/RM/Combat_vision2026/install/armor_solver/share/colcon-core/packages/armor_solver)
[0.781s] DEBUG:colcon.colcon_core.event_handler.log_command:Invoked command in '/home/ckl/RM/Combat_vision2026/build/rm_serial_driver' returned '0': CMAKE_PREFIX_PATH=/home/ckl/RM/Combat_vision2026/install/rm_utils:/home/ckl/RM/Combat_vision2026/install/rm_interfaces:/home/ckl/RM/Combat_vision2026/install/rm_bringup:/home/ckl/RM/Combat_vision2026/install/rm_serial_driver:/home/ckl/RM/Combat_vision2026/install/rm_auto_aim:/home/ckl/RM/Combat_vision2026/install/armor_solver:/home/ckl/RM/Combat_vision2026/install/armor_detector:/home/ckl/RM/Combat_vision2026/install/rm_robot_description:/home/ckl/RM/Combat_vision2026/install/hik_camera:/opt/ros/humble LD_LIBRARY_PATH=/home/ckl/RM/Combat_vision2026/install/rm_utils/lib:/home/ckl/RM/Combat_vision2026/install/rm_interfaces/lib:/home/ckl/RM/Combat_vision2026/install/rm_serial_driver/lib:/home/ckl/RM/Combat_vision2026/install/armor_solver/lib:/home/ckl/RM/Combat_vision2026/install/armor_detector/lib:/home/ckl/RM/Combat_vision2026/install/hik_camera/lib:/opt/ros/humble/opt/rviz_ogre_vendor/lib:/opt/ros/humble/lib/x86_64-linux-gnu:/opt/ros/humble/lib /usr/bin/cmake --build /home/ckl/RM/Combat_vision2026/build/rm_serial_driver -- -j16 -l16
[0.782s] DEBUG:colcon.colcon_core.event_handler.log_command:Invoking command in '/home/ckl/RM/Combat_vision2026/build/rm_serial_driver': CMAKE_PREFIX_PATH=/home/ckl/RM/Combat_vision2026/install/rm_utils:/home/ckl/RM/Combat_vision2026/install/rm_interfaces:/home/ckl/RM/Combat_vision2026/install/rm_bringup:/home/ckl/RM/Combat_vision2026/install/rm_serial_driver:/home/ckl/RM/Combat_vision2026/install/rm_auto_aim:/home/ckl/RM/Combat_vision2026/install/armor_solver:/home/ckl/RM/Combat_vision2026/install/armor_detector:/home/ckl/RM/Combat_vision2026/install/rm_robot_description:/home/ckl/RM/Combat_vision2026/install/hik_camera:/opt/ros/humble LD_LIBRARY_PATH=/home/ckl/RM/Combat_vision2026/install/rm_utils/lib:/home/ckl/RM/Combat_vision2026/install/rm_interfaces/lib:/home/ckl/RM/Combat_vision2026/install/rm_serial_driver/lib:/home/ckl/RM/Combat_vision2026/install/armor_solver/lib:/home/ckl/RM/Combat_vision2026/install/armor_detector/lib:/home/ckl/RM/Combat_vision2026/install/hik_camera/lib:/opt/ros/humble/opt/rviz_ogre_vendor/lib:/opt/ros/humble/lib/x86_64-linux-gnu:/opt/ros/humble/lib /usr/bin/cmake --install /home/ckl/RM/Combat_vision2026/build/rm_serial_driver
[0.791s] Level 1:colcon.colcon_core.environment:create_environment_scripts_only(rm_serial_driver)
[0.792s] Level 1:colcon.colcon_core.environment:checking '/home/ckl/RM/Combat_vision2026/install/rm_serial_driver' for CMake module files
[0.793s] DEBUG:colcon.colcon_core.event_handler.log_command:Invoked command in '/home/ckl/RM/Combat_vision2026/build/rm_serial_driver' returned '0': CMAKE_PREFIX_PATH=/home/ckl/RM/Combat_vision2026/install/rm_utils:/home/ckl/RM/Combat_vision2026/install/rm_interfaces:/home/ckl/RM/Combat_vision2026/install/rm_bringup:/home/ckl/RM/Combat_vision2026/install/rm_serial_driver:/home/ckl/RM/Combat_vision2026/install/rm_auto_aim:/home/ckl/RM/Combat_vision2026/install/armor_solver:/home/ckl/RM/Combat_vision2026/install/armor_detector:/home/ckl/RM/Combat_vision2026/install/rm_robot_description:/home/ckl/RM/Combat_vision2026/install/hik_camera:/opt/ros/humble LD_LIBRARY_PATH=/home/ckl/RM/Combat_vision2026/install/rm_utils/lib:/home/ckl/RM/Combat_vision2026/install/rm_interfaces/lib:/home/ckl/RM/Combat_vision2026/install/rm_serial_driver/lib:/home/ckl/RM/Combat_vision2026/install/armor_solver/lib:/home/ckl/RM/Combat_vision2026/install/armor_detector/lib:/home/ckl/RM/Combat_vision2026/install/hik_camera/lib:/opt/ros/humble/opt/rviz_ogre_vendor/lib:/opt/ros/humble/lib/x86_64-linux-gnu:/opt/ros/humble/lib /usr/bin/cmake --install /home/ckl/RM/Combat_vision2026/build/rm_serial_driver
[0.794s] Level 1:colcon.colcon_core.environment:checking '/home/ckl/RM/Combat_vision2026/install/rm_serial_driver' for CMake config files
[0.795s] Level 1:colcon.colcon_core.shell:create_environment_hook('rm_serial_driver', 'cmake_prefix_path')
[0.795s] INFO:colcon.colcon_core.shell:Creating environment hook '/home/ckl/RM/Combat_vision2026/install/rm_serial_driver/share/rm_serial_driver/hook/cmake_prefix_path.ps1'
[0.796s] INFO:colcon.colcon_core.shell:Creating environment descriptor '/home/ckl/RM/Combat_vision2026/install/rm_serial_driver/share/rm_serial_driver/hook/cmake_prefix_path.dsv'
[0.796s] INFO:colcon.colcon_core.shell:Creating environment hook '/home/ckl/RM/Combat_vision2026/install/rm_serial_driver/share/rm_serial_driver/hook/cmake_prefix_path.sh'
[0.797s] Level 1:colcon.colcon_core.environment:checking '/home/ckl/RM/Combat_vision2026/install/rm_serial_driver/lib'
[0.797s] Level 1:colcon.colcon_core.shell:create_environment_hook('rm_serial_driver', 'ld_library_path_lib')
[0.797s] INFO:colcon.colcon_core.shell:Creating environment hook '/home/ckl/RM/Combat_vision2026/install/rm_serial_driver/share/rm_serial_driver/hook/ld_library_path_lib.ps1'
[0.798s] INFO:colcon.colcon_core.shell:Creating environment descriptor '/home/ckl/RM/Combat_vision2026/install/rm_serial_driver/share/rm_serial_driver/hook/ld_library_path_lib.dsv'
[0.798s] INFO:colcon.colcon_core.shell:Creating environment hook '/home/ckl/RM/Combat_vision2026/install/rm_serial_driver/share/rm_serial_driver/hook/ld_library_path_lib.sh'
[0.798s] Level 1:colcon.colcon_core.environment:checking '/home/ckl/RM/Combat_vision2026/install/rm_serial_driver/bin'
[0.798s] Level 1:colcon.colcon_core.environment:checking '/home/ckl/RM/Combat_vision2026/install/rm_serial_driver/lib/pkgconfig/rm_serial_driver.pc'
[0.799s] Level 1:colcon.colcon_core.environment:checking '/home/ckl/RM/Combat_vision2026/install/rm_serial_driver/lib/python3.10/site-packages'
[0.799s] Level 1:colcon.colcon_core.environment:checking '/home/ckl/RM/Combat_vision2026/install/rm_serial_driver/bin'
[0.799s] INFO:colcon.colcon_core.shell:Creating package script '/home/ckl/RM/Combat_vision2026/install/rm_serial_driver/share/rm_serial_driver/package.ps1'
[0.800s] INFO:colcon.colcon_core.shell:Creating package descriptor '/home/ckl/RM/Combat_vision2026/install/rm_serial_driver/share/rm_serial_driver/package.dsv'
[0.800s] INFO:colcon.colcon_core.shell:Creating package script '/home/ckl/RM/Combat_vision2026/install/rm_serial_driver/share/rm_serial_driver/package.sh'
[0.801s] INFO:colcon.colcon_core.shell:Creating package script '/home/ckl/RM/Combat_vision2026/install/rm_serial_driver/share/rm_serial_driver/package.bash'
[0.801s] INFO:colcon.colcon_core.shell:Creating package script '/home/ckl/RM/Combat_vision2026/install/rm_serial_driver/share/rm_serial_driver/package.zsh'
[0.801s] Level 1:colcon.colcon_core.environment:create_file_with_runtime_dependencies(/home/ckl/RM/Combat_vision2026/install/rm_serial_driver/share/colcon-core/packages/rm_serial_driver)
[0.802s] Level 1:colcon.colcon_core.environment:create_environment_scripts_only(rm_serial_driver)
[0.802s] Level 1:colcon.colcon_core.environment:checking '/home/ckl/RM/Combat_vision2026/install/rm_serial_driver' for CMake module files
[0.803s] Level 1:colcon.colcon_core.environment:checking '/home/ckl/RM/Combat_vision2026/install/rm_serial_driver' for CMake config files
[0.803s] Level 1:colcon.colcon_core.shell:create_environment_hook('rm_serial_driver', 'cmake_prefix_path')
[0.803s] INFO:colcon.colcon_core.shell:Creating environment hook '/home/ckl/RM/Combat_vision2026/install/rm_serial_driver/share/rm_serial_driver/hook/cmake_prefix_path.ps1'
[0.804s] INFO:colcon.colcon_core.shell:Creating environment descriptor '/home/ckl/RM/Combat_vision2026/install/rm_serial_driver/share/rm_serial_driver/hook/cmake_prefix_path.dsv'
[0.804s] INFO:colcon.colcon_core.shell:Creating environment hook '/home/ckl/RM/Combat_vision2026/install/rm_serial_driver/share/rm_serial_driver/hook/cmake_prefix_path.sh'
[0.805s] Level 1:colcon.colcon_core.environment:checking '/home/ckl/RM/Combat_vision2026/install/rm_serial_driver/lib'
[0.805s] Level 1:colcon.colcon_core.shell:create_environment_hook('rm_serial_driver', 'ld_library_path_lib')
[0.805s] INFO:colcon.colcon_core.shell:Creating environment hook '/home/ckl/RM/Combat_vision2026/install/rm_serial_driver/share/rm_serial_driver/hook/ld_library_path_lib.ps1'
[0.806s] INFO:colcon.colcon_core.shell:Creating environment descriptor '/home/ckl/RM/Combat_vision2026/install/rm_serial_driver/share/rm_serial_driver/hook/ld_library_path_lib.dsv'
[0.806s] INFO:colcon.colcon_core.shell:Creating environment hook '/home/ckl/RM/Combat_vision2026/install/rm_serial_driver/share/rm_serial_driver/hook/ld_library_path_lib.sh'
[0.806s] Level 1:colcon.colcon_core.environment:checking '/home/ckl/RM/Combat_vision2026/install/rm_serial_driver/bin'
[0.806s] Level 1:colcon.colcon_core.environment:checking '/home/ckl/RM/Combat_vision2026/install/rm_serial_driver/lib/pkgconfig/rm_serial_driver.pc'
[0.806s] Level 1:colcon.colcon_core.environment:checking '/home/ckl/RM/Combat_vision2026/install/rm_serial_driver/lib/python3.10/site-packages'
[0.807s] Level 1:colcon.colcon_core.environment:checking '/home/ckl/RM/Combat_vision2026/install/rm_serial_driver/bin'
[0.807s] INFO:colcon.colcon_core.shell:Creating package script '/home/ckl/RM/Combat_vision2026/install/rm_serial_driver/share/rm_serial_driver/package.ps1'
[0.807s] INFO:colcon.colcon_core.shell:Creating package descriptor '/home/ckl/RM/Combat_vision2026/install/rm_serial_driver/share/rm_serial_driver/package.dsv'
[0.808s] INFO:colcon.colcon_core.shell:Creating package script '/home/ckl/RM/Combat_vision2026/install/rm_serial_driver/share/rm_serial_driver/package.sh'
[0.808s] INFO:colcon.colcon_core.shell:Creating package script '/home/ckl/RM/Combat_vision2026/install/rm_serial_driver/share/rm_serial_driver/package.bash'
[0.808s] INFO:colcon.colcon_core.shell:Creating package script '/home/ckl/RM/Combat_vision2026/install/rm_serial_driver/share/rm_serial_driver/package.zsh'
[0.809s] Level 1:colcon.colcon_core.environment:create_file_with_runtime_dependencies(/home/ckl/RM/Combat_vision2026/install/rm_serial_driver/share/colcon-core/packages/rm_serial_driver)
[16.067s] DEBUG:colcon.colcon_core.event_handler.log_command:Invoked command in '/home/ckl/RM/Combat_vision2026/build/armor_detector' returned '0': CMAKE_PREFIX_PATH=/home/ckl/RM/Combat_vision2026/install/rm_utils:/home/ckl/RM/Combat_vision2026/install/rm_interfaces:/home/ckl/RM/Combat_vision2026/install/rm_bringup:/home/ckl/RM/Combat_vision2026/install/rm_serial_driver:/home/ckl/RM/Combat_vision2026/install/rm_auto_aim:/home/ckl/RM/Combat_vision2026/install/armor_solver:/home/ckl/RM/Combat_vision2026/install/armor_detector:/home/ckl/RM/Combat_vision2026/install/rm_robot_description:/home/ckl/RM/Combat_vision2026/install/hik_camera:/opt/ros/humble LD_LIBRARY_PATH=/home/ckl/RM/Combat_vision2026/install/rm_utils/lib:/home/ckl/RM/Combat_vision2026/install/rm_interfaces/lib:/home/ckl/RM/Combat_vision2026/install/rm_serial_driver/lib:/home/ckl/RM/Combat_vision2026/install/armor_solver/lib:/home/ckl/RM/Combat_vision2026/install/armor_detector/lib:/home/ckl/RM/Combat_vision2026/install/hik_camera/lib:/opt/ros/humble/opt/rviz_ogre_vendor/lib:/opt/ros/humble/lib/x86_64-linux-gnu:/opt/ros/humble/lib /usr/bin/cmake --build /home/ckl/RM/Combat_vision2026/build/armor_detector -- -j16 -l16
[16.068s] DEBUG:colcon.colcon_core.event_handler.log_command:Invoking command in '/home/ckl/RM/Combat_vision2026/build/armor_detector': CMAKE_PREFIX_PATH=/home/ckl/RM/Combat_vision2026/install/rm_utils:/home/ckl/RM/Combat_vision2026/install/rm_interfaces:/home/ckl/RM/Combat_vision2026/install/rm_bringup:/home/ckl/RM/Combat_vision2026/install/rm_serial_driver:/home/ckl/RM/Combat_vision2026/install/rm_auto_aim:/home/ckl/RM/Combat_vision2026/install/armor_solver:/home/ckl/RM/Combat_vision2026/install/armor_detector:/home/ckl/RM/Combat_vision2026/install/rm_robot_description:/home/ckl/RM/Combat_vision2026/install/hik_camera:/opt/ros/humble LD_LIBRARY_PATH=/home/ckl/RM/Combat_vision2026/install/rm_utils/lib:/home/ckl/RM/Combat_vision2026/install/rm_interfaces/lib:/home/ckl/RM/Combat_vision2026/install/rm_serial_driver/lib:/home/ckl/RM/Combat_vision2026/install/armor_solver/lib:/home/ckl/RM/Combat_vision2026/install/armor_detector/lib:/home/ckl/RM/Combat_vision2026/install/hik_camera/lib:/opt/ros/humble/opt/rviz_ogre_vendor/lib:/opt/ros/humble/lib/x86_64-linux-gnu:/opt/ros/humble/lib /usr/bin/cmake --install /home/ckl/RM/Combat_vision2026/build/armor_detector
[16.113s] Level 1:colcon.colcon_core.environment:create_environment_scripts_only(armor_detector)
[16.113s] Level 1:colcon.colcon_core.environment:checking '/home/ckl/RM/Combat_vision2026/install/armor_detector' for CMake module files
[16.113s] DEBUG:colcon.colcon_core.event_handler.log_command:Invoked command in '/home/ckl/RM/Combat_vision2026/build/armor_detector' returned '0': CMAKE_PREFIX_PATH=/home/ckl/RM/Combat_vision2026/install/rm_utils:/home/ckl/RM/Combat_vision2026/install/rm_interfaces:/home/ckl/RM/Combat_vision2026/install/rm_bringup:/home/ckl/RM/Combat_vision2026/install/rm_serial_driver:/home/ckl/RM/Combat_vision2026/install/rm_auto_aim:/home/ckl/RM/Combat_vision2026/install/armor_solver:/home/ckl/RM/Combat_vision2026/install/armor_detector:/home/ckl/RM/Combat_vision2026/install/rm_robot_description:/home/ckl/RM/Combat_vision2026/install/hik_camera:/opt/ros/humble LD_LIBRARY_PATH=/home/ckl/RM/Combat_vision2026/install/rm_utils/lib:/home/ckl/RM/Combat_vision2026/install/rm_interfaces/lib:/home/ckl/RM/Combat_vision2026/install/rm_serial_driver/lib:/home/ckl/RM/Combat_vision2026/install/armor_solver/lib:/home/ckl/RM/Combat_vision2026/install/armor_detector/lib:/home/ckl/RM/Combat_vision2026/install/hik_camera/lib:/opt/ros/humble/opt/rviz_ogre_vendor/lib:/opt/ros/humble/lib/x86_64-linux-gnu:/opt/ros/humble/lib /usr/bin/cmake --install /home/ckl/RM/Combat_vision2026/build/armor_detector
[16.114s] Level 1:colcon.colcon_core.environment:checking '/home/ckl/RM/Combat_vision2026/install/armor_detector' for CMake config files
[16.114s] Level 1:colcon.colcon_core.shell:create_environment_hook('armor_detector', 'cmake_prefix_path')
[16.114s] INFO:colcon.colcon_core.shell:Creating environment hook '/home/ckl/RM/Combat_vision2026/install/armor_detector/share/armor_detector/hook/cmake_prefix_path.ps1'
[16.114s] INFO:colcon.colcon_core.shell:Creating environment descriptor '/home/ckl/RM/Combat_vision2026/install/armor_detector/share/armor_detector/hook/cmake_prefix_path.dsv'
[16.115s] INFO:colcon.colcon_core.shell:Creating environment hook '/home/ckl/RM/Combat_vision2026/install/armor_detector/share/armor_detector/hook/cmake_prefix_path.sh'
[16.115s] Level 1:colcon.colcon_core.environment:checking '/home/ckl/RM/Combat_vision2026/install/armor_detector/lib'
[16.115s] Level 1:colcon.colcon_core.shell:create_environment_hook('armor_detector', 'ld_library_path_lib')
[16.115s] INFO:colcon.colcon_core.shell:Creating environment hook '/home/ckl/RM/Combat_vision2026/install/armor_detector/share/armor_detector/hook/ld_library_path_lib.ps1'
[16.115s] INFO:colcon.colcon_core.shell:Creating environment descriptor '/home/ckl/RM/Combat_vision2026/install/armor_detector/share/armor_detector/hook/ld_library_path_lib.dsv'
[16.116s] INFO:colcon.colcon_core.shell:Creating environment hook '/home/ckl/RM/Combat_vision2026/install/armor_detector/share/armor_detector/hook/ld_library_path_lib.sh'
[16.116s] Level 1:colcon.colcon_core.environment:checking '/home/ckl/RM/Combat_vision2026/install/armor_detector/bin'
[16.116s] Level 1:colcon.colcon_core.environment:checking '/home/ckl/RM/Combat_vision2026/install/armor_detector/lib/pkgconfig/armor_detector.pc'
[16.116s] Level 1:colcon.colcon_core.environment:checking '/home/ckl/RM/Combat_vision2026/install/armor_detector/lib/python3.10/site-packages'
[16.116s] Level 1:colcon.colcon_core.environment:checking '/home/ckl/RM/Combat_vision2026/install/armor_detector/bin'
[16.116s] INFO:colcon.colcon_core.shell:Creating package script '/home/ckl/RM/Combat_vision2026/install/armor_detector/share/armor_detector/package.ps1'
[16.117s] INFO:colcon.colcon_core.shell:Creating package descriptor '/home/ckl/RM/Combat_vision2026/install/armor_detector/share/armor_detector/package.dsv'
[16.117s] INFO:colcon.colcon_core.shell:Creating package script '/home/ckl/RM/Combat_vision2026/install/armor_detector/share/armor_detector/package.sh'
[16.117s] INFO:colcon.colcon_core.shell:Creating package script '/home/ckl/RM/Combat_vision2026/install/armor_detector/share/armor_detector/package.bash'
[16.118s] INFO:colcon.colcon_core.shell:Creating package script '/home/ckl/RM/Combat_vision2026/install/armor_detector/share/armor_detector/package.zsh'
[16.118s] Level 1:colcon.colcon_core.environment:create_file_with_runtime_dependencies(/home/ckl/RM/Combat_vision2026/install/armor_detector/share/colcon-core/packages/armor_detector)
[16.118s] Level 1:colcon.colcon_core.environment:create_environment_scripts_only(armor_detector)
[16.118s] Level 1:colcon.colcon_core.environment:checking '/home/ckl/RM/Combat_vision2026/install/armor_detector' for CMake module files
[16.119s] Level 1:colcon.colcon_core.environment:checking '/home/ckl/RM/Combat_vision2026/install/armor_detector' for CMake config files
[16.119s] Level 1:colcon.colcon_core.shell:create_environment_hook('armor_detector', 'cmake_prefix_path')
[16.119s] INFO:colcon.colcon_core.shell:Creating environment hook '/home/ckl/RM/Combat_vision2026/install/armor_detector/share/armor_detector/hook/cmake_prefix_path.ps1'
[16.119s] INFO:colcon.colcon_core.shell:Creating environment descriptor '/home/ckl/RM/Combat_vision2026/install/armor_detector/share/armor_detector/hook/cmake_prefix_path.dsv'
[16.120s] INFO:colcon.colcon_core.shell:Creating environment hook '/home/ckl/RM/Combat_vision2026/install/armor_detector/share/armor_detector/hook/cmake_prefix_path.sh'
[16.120s] Level 1:colcon.colcon_core.environment:checking '/home/ckl/RM/Combat_vision2026/install/armor_detector/lib'
[16.120s] Level 1:colcon.colcon_core.shell:create_environment_hook('armor_detector', 'ld_library_path_lib')
[16.120s] INFO:colcon.colcon_core.shell:Creating environment hook '/home/ckl/RM/Combat_vision2026/install/armor_detector/share/armor_detector/hook/ld_library_path_lib.ps1'
[16.120s] INFO:colcon.colcon_core.shell:Creating environment descriptor '/home/ckl/RM/Combat_vision2026/install/armor_detector/share/armor_detector/hook/ld_library_path_lib.dsv'
[16.121s] INFO:colcon.colcon_core.shell:Creating environment hook '/home/ckl/RM/Combat_vision2026/install/armor_detector/share/armor_detector/hook/ld_library_path_lib.sh'
[16.121s] Level 1:colcon.colcon_core.environment:checking '/home/ckl/RM/Combat_vision2026/install/armor_detector/bin'
[16.121s] Level 1:colcon.colcon_core.environment:checking '/home/ckl/RM/Combat_vision2026/install/armor_detector/lib/pkgconfig/armor_detector.pc'
[16.121s] Level 1:colcon.colcon_core.environment:checking '/home/ckl/RM/Combat_vision2026/install/armor_detector/lib/python3.10/site-packages'
[16.121s] Level 1:colcon.colcon_core.environment:checking '/home/ckl/RM/Combat_vision2026/install/armor_detector/bin'
[16.122s] INFO:colcon.colcon_core.shell:Creating package script '/home/ckl/RM/Combat_vision2026/install/armor_detector/share/armor_detector/package.ps1'
[16.122s] INFO:colcon.colcon_core.shell:Creating package descriptor '/home/ckl/RM/Combat_vision2026/install/armor_detector/share/armor_detector/package.dsv'
[16.122s] INFO:colcon.colcon_core.shell:Creating package script '/home/ckl/RM/Combat_vision2026/install/armor_detector/share/armor_detector/package.sh'
[16.122s] INFO:colcon.colcon_core.shell:Creating package script '/home/ckl/RM/Combat_vision2026/install/armor_detector/share/armor_detector/package.bash'
[16.123s] INFO:colcon.colcon_core.shell:Creating package script '/home/ckl/RM/Combat_vision2026/install/armor_detector/share/armor_detector/package.zsh'
[16.123s] Level 1:colcon.colcon_core.environment:create_file_with_runtime_dependencies(/home/ckl/RM/Combat_vision2026/install/armor_detector/share/colcon-core/packages/armor_detector)
[16.124s] INFO:colcon.colcon_ros.task.ament_cmake.build:Building ROS package in '/home/ckl/RM/Combat_vision2026/src/rm_auto_aim/rm_auto_aim' with build type 'ament_cmake'
[16.124s] INFO:colcon.colcon_cmake.task.cmake.build:Building CMake package in '/home/ckl/RM/Combat_vision2026/src/rm_auto_aim/rm_auto_aim'
[16.124s] INFO:colcon.colcon_core.shell:Skip shell extension 'powershell' for command environment: Not usable outside of PowerShell
[16.124s] DEBUG:colcon.colcon_core.shell:Skip shell extension 'dsv' for command environment
[16.145s] DEBUG:colcon.colcon_core.event_handler.log_command:Invoking command in '/home/ckl/RM/Combat_vision2026/build/rm_auto_aim': CMAKE_PREFIX_PATH=/home/ckl/RM/Combat_vision2026/install/armor_solver:/home/ckl/RM/Combat_vision2026/install/armor_detector:/home/ckl/RM/Combat_vision2026/install/rm_utils:/home/ckl/RM/Combat_vision2026/install/rm_interfaces:/home/ckl/RM/Combat_vision2026/install/rm_bringup:/home/ckl/RM/Combat_vision2026/install/rm_serial_driver:/home/ckl/RM/Combat_vision2026/install/rm_auto_aim:/home/ckl/RM/Combat_vision2026/install/rm_robot_description:/home/ckl/RM/Combat_vision2026/install/hik_camera:/opt/ros/humble LD_LIBRARY_PATH=/home/ckl/RM/Combat_vision2026/install/armor_solver/lib:/home/ckl/RM/Combat_vision2026/install/armor_detector/lib:/home/ckl/RM/Combat_vision2026/install/rm_utils/lib:/home/ckl/RM/Combat_vision2026/install/rm_interfaces/lib:/home/ckl/RM/Combat_vision2026/install/rm_serial_driver/lib:/home/ckl/RM/Combat_vision2026/install/hik_camera/lib:/opt/ros/humble/opt/rviz_ogre_vendor/lib:/opt/ros/humble/lib/x86_64-linux-gnu:/opt/ros/humble/lib /usr/bin/cmake /home/ckl/RM/Combat_vision2026/src/rm_auto_aim/rm_auto_aim -DCMAKE_INSTALL_PREFIX=/home/ckl/RM/Combat_vision2026/install/rm_auto_aim
[17.224s] DEBUG:colcon.colcon_core.event_handler.log_command:Invoked command in '/home/ckl/RM/Combat_vision2026/build/rm_auto_aim' returned '0': CMAKE_PREFIX_PATH=/home/ckl/RM/Combat_vision2026/install/armor_solver:/home/ckl/RM/Combat_vision2026/install/armor_detector:/home/ckl/RM/Combat_vision2026/install/rm_utils:/home/ckl/RM/Combat_vision2026/install/rm_interfaces:/home/ckl/RM/Combat_vision2026/install/rm_bringup:/home/ckl/RM/Combat_vision2026/install/rm_serial_driver:/home/ckl/RM/Combat_vision2026/install/rm_auto_aim:/home/ckl/RM/Combat_vision2026/install/rm_robot_description:/home/ckl/RM/Combat_vision2026/install/hik_camera:/opt/ros/humble LD_LIBRARY_PATH=/home/ckl/RM/Combat_vision2026/install/armor_solver/lib:/home/ckl/RM/Combat_vision2026/install/armor_detector/lib:/home/ckl/RM/Combat_vision2026/install/rm_utils/lib:/home/ckl/RM/Combat_vision2026/install/rm_interfaces/lib:/home/ckl/RM/Combat_vision2026/install/rm_serial_driver/lib:/home/ckl/RM/Combat_vision2026/install/hik_camera/lib:/opt/ros/humble/opt/rviz_ogre_vendor/lib:/opt/ros/humble/lib/x86_64-linux-gnu:/opt/ros/humble/lib /usr/bin/cmake /home/ckl/RM/Combat_vision2026/src/rm_auto_aim/rm_auto_aim -DCMAKE_INSTALL_PREFIX=/home/ckl/RM/Combat_vision2026/install/rm_auto_aim
[17.225s] DEBUG:colcon.colcon_core.event_handler.log_command:Invoking command in '/home/ckl/RM/Combat_vision2026/build/rm_auto_aim': CMAKE_PREFIX_PATH=/home/ckl/RM/Combat_vision2026/install/armor_solver:/home/ckl/RM/Combat_vision2026/install/armor_detector:/home/ckl/RM/Combat_vision2026/install/rm_utils:/home/ckl/RM/Combat_vision2026/install/rm_interfaces:/home/ckl/RM/Combat_vision2026/install/rm_bringup:/home/ckl/RM/Combat_vision2026/install/rm_serial_driver:/home/ckl/RM/Combat_vision2026/install/rm_auto_aim:/home/ckl/RM/Combat_vision2026/install/rm_robot_description:/home/ckl/RM/Combat_vision2026/install/hik_camera:/opt/ros/humble LD_LIBRARY_PATH=/home/ckl/RM/Combat_vision2026/install/armor_solver/lib:/home/ckl/RM/Combat_vision2026/install/armor_detector/lib:/home/ckl/RM/Combat_vision2026/install/rm_utils/lib:/home/ckl/RM/Combat_vision2026/install/rm_interfaces/lib:/home/ckl/RM/Combat_vision2026/install/rm_serial_driver/lib:/home/ckl/RM/Combat_vision2026/install/hik_camera/lib:/opt/ros/humble/opt/rviz_ogre_vendor/lib:/opt/ros/humble/lib/x86_64-linux-gnu:/opt/ros/humble/lib /usr/bin/cmake --build /home/ckl/RM/Combat_vision2026/build/rm_auto_aim -- -j16 -l16
[17.247s] DEBUG:colcon.colcon_core.event_handler.log_command:Invoked command in '/home/ckl/RM/Combat_vision2026/build/rm_auto_aim' returned '0': CMAKE_PREFIX_PATH=/home/ckl/RM/Combat_vision2026/install/armor_solver:/home/ckl/RM/Combat_vision2026/install/armor_detector:/home/ckl/RM/Combat_vision2026/install/rm_utils:/home/ckl/RM/Combat_vision2026/install/rm_interfaces:/home/ckl/RM/Combat_vision2026/install/rm_bringup:/home/ckl/RM/Combat_vision2026/install/rm_serial_driver:/home/ckl/RM/Combat_vision2026/install/rm_auto_aim:/home/ckl/RM/Combat_vision2026/install/rm_robot_description:/home/ckl/RM/Combat_vision2026/install/hik_camera:/opt/ros/humble LD_LIBRARY_PATH=/home/ckl/RM/Combat_vision2026/install/armor_solver/lib:/home/ckl/RM/Combat_vision2026/install/armor_detector/lib:/home/ckl/RM/Combat_vision2026/install/rm_utils/lib:/home/ckl/RM/Combat_vision2026/install/rm_interfaces/lib:/home/ckl/RM/Combat_vision2026/install/rm_serial_driver/lib:/home/ckl/RM/Combat_vision2026/install/hik_camera/lib:/opt/ros/humble/opt/rviz_ogre_vendor/lib:/opt/ros/humble/lib/x86_64-linux-gnu:/opt/ros/humble/lib /usr/bin/cmake --build /home/ckl/RM/Combat_vision2026/build/rm_auto_aim -- -j16 -l16
[17.248s] DEBUG:colcon.colcon_core.event_handler.log_command:Invoking command in '/home/ckl/RM/Combat_vision2026/build/rm_auto_aim': CMAKE_PREFIX_PATH=/home/ckl/RM/Combat_vision2026/install/armor_solver:/home/ckl/RM/Combat_vision2026/install/armor_detector:/home/ckl/RM/Combat_vision2026/install/rm_utils:/home/ckl/RM/Combat_vision2026/install/rm_interfaces:/home/ckl/RM/Combat_vision2026/install/rm_bringup:/home/ckl/RM/Combat_vision2026/install/rm_serial_driver:/home/ckl/RM/Combat_vision2026/install/rm_auto_aim:/home/ckl/RM/Combat_vision2026/install/rm_robot_description:/home/ckl/RM/Combat_vision2026/install/hik_camera:/opt/ros/humble LD_LIBRARY_PATH=/home/ckl/RM/Combat_vision2026/install/armor_solver/lib:/home/ckl/RM/Combat_vision2026/install/armor_detector/lib:/home/ckl/RM/Combat_vision2026/install/rm_utils/lib:/home/ckl/RM/Combat_vision2026/install/rm_interfaces/lib:/home/ckl/RM/Combat_vision2026/install/rm_serial_driver/lib:/home/ckl/RM/Combat_vision2026/install/hik_camera/lib:/opt/ros/humble/opt/rviz_ogre_vendor/lib:/opt/ros/humble/lib/x86_64-linux-gnu:/opt/ros/humble/lib /usr/bin/cmake --install /home/ckl/RM/Combat_vision2026/build/rm_auto_aim
[17.254s] Level 1:colcon.colcon_core.environment:create_environment_scripts_only(rm_auto_aim)
[17.255s] Level 1:colcon.colcon_core.environment:checking '/home/ckl/RM/Combat_vision2026/install/rm_auto_aim' for CMake module files
[17.255s] DEBUG:colcon.colcon_core.event_handler.log_command:Invoked command in '/home/ckl/RM/Combat_vision2026/build/rm_auto_aim' returned '0': CMAKE_PREFIX_PATH=/home/ckl/RM/Combat_vision2026/install/armor_solver:/home/ckl/RM/Combat_vision2026/install/armor_detector:/home/ckl/RM/Combat_vision2026/install/rm_utils:/home/ckl/RM/Combat_vision2026/install/rm_interfaces:/home/ckl/RM/Combat_vision2026/install/rm_bringup:/home/ckl/RM/Combat_vision2026/install/rm_serial_driver:/home/ckl/RM/Combat_vision2026/install/rm_auto_aim:/home/ckl/RM/Combat_vision2026/install/rm_robot_description:/home/ckl/RM/Combat_vision2026/install/hik_camera:/opt/ros/humble LD_LIBRARY_PATH=/home/ckl/RM/Combat_vision2026/install/armor_solver/lib:/home/ckl/RM/Combat_vision2026/install/armor_detector/lib:/home/ckl/RM/Combat_vision2026/install/rm_utils/lib:/home/ckl/RM/Combat_vision2026/install/rm_interfaces/lib:/home/ckl/RM/Combat_vision2026/install/rm_serial_driver/lib:/home/ckl/RM/Combat_vision2026/install/hik_camera/lib:/opt/ros/humble/opt/rviz_ogre_vendor/lib:/opt/ros/humble/lib/x86_64-linux-gnu:/opt/ros/humble/lib /usr/bin/cmake --install /home/ckl/RM/Combat_vision2026/build/rm_auto_aim
[17.256s] Level 1:colcon.colcon_core.environment:checking '/home/ckl/RM/Combat_vision2026/install/rm_auto_aim' for CMake config files
[17.256s] Level 1:colcon.colcon_core.shell:create_environment_hook('rm_auto_aim', 'cmake_prefix_path')
[17.256s] INFO:colcon.colcon_core.shell:Creating environment hook '/home/ckl/RM/Combat_vision2026/install/rm_auto_aim/share/rm_auto_aim/hook/cmake_prefix_path.ps1'
[17.257s] INFO:colcon.colcon_core.shell:Creating environment descriptor '/home/ckl/RM/Combat_vision2026/install/rm_auto_aim/share/rm_auto_aim/hook/cmake_prefix_path.dsv'
[17.257s] INFO:colcon.colcon_core.shell:Creating environment hook '/home/ckl/RM/Combat_vision2026/install/rm_auto_aim/share/rm_auto_aim/hook/cmake_prefix_path.sh'
[17.257s] Level 1:colcon.colcon_core.environment:checking '/home/ckl/RM/Combat_vision2026/install/rm_auto_aim/bin'
[17.257s] Level 1:colcon.colcon_core.environment:checking '/home/ckl/RM/Combat_vision2026/install/rm_auto_aim/lib/pkgconfig/rm_auto_aim.pc'
[17.257s] Level 1:colcon.colcon_core.environment:checking '/home/ckl/RM/Combat_vision2026/install/rm_auto_aim/lib/python3.10/site-packages'
[17.258s] Level 1:colcon.colcon_core.environment:checking '/home/ckl/RM/Combat_vision2026/install/rm_auto_aim/bin'
[17.258s] INFO:colcon.colcon_core.shell:Creating package script '/home/ckl/RM/Combat_vision2026/install/rm_auto_aim/share/rm_auto_aim/package.ps1'
[17.258s] INFO:colcon.colcon_core.shell:Creating package descriptor '/home/ckl/RM/Combat_vision2026/install/rm_auto_aim/share/rm_auto_aim/package.dsv'
[17.258s] INFO:colcon.colcon_core.shell:Creating package script '/home/ckl/RM/Combat_vision2026/install/rm_auto_aim/share/rm_auto_aim/package.sh'
[17.259s] INFO:colcon.colcon_core.shell:Creating package script '/home/ckl/RM/Combat_vision2026/install/rm_auto_aim/share/rm_auto_aim/package.bash'
[17.259s] INFO:colcon.colcon_core.shell:Creating package script '/home/ckl/RM/Combat_vision2026/install/rm_auto_aim/share/rm_auto_aim/package.zsh'
[17.259s] Level 1:colcon.colcon_core.environment:create_file_with_runtime_dependencies(/home/ckl/RM/Combat_vision2026/install/rm_auto_aim/share/colcon-core/packages/rm_auto_aim)
[17.260s] Level 1:colcon.colcon_core.environment:create_environment_scripts_only(rm_auto_aim)
[17.260s] Level 1:colcon.colcon_core.environment:checking '/home/ckl/RM/Combat_vision2026/install/rm_auto_aim' for CMake module files
[17.260s] Level 1:colcon.colcon_core.environment:checking '/home/ckl/RM/Combat_vision2026/install/rm_auto_aim' for CMake config files
[17.260s] Level 1:colcon.colcon_core.shell:create_environment_hook('rm_auto_aim', 'cmake_prefix_path')
[17.261s] INFO:colcon.colcon_core.shell:Creating environment hook '/home/ckl/RM/Combat_vision2026/install/rm_auto_aim/share/rm_auto_aim/hook/cmake_prefix_path.ps1'
[17.261s] INFO:colcon.colcon_core.shell:Creating environment descriptor '/home/ckl/RM/Combat_vision2026/install/rm_auto_aim/share/rm_auto_aim/hook/cmake_prefix_path.dsv'
[17.261s] INFO:colcon.colcon_core.shell:Creating environment hook '/home/ckl/RM/Combat_vision2026/install/rm_auto_aim/share/rm_auto_aim/hook/cmake_prefix_path.sh'
[17.262s] Level 1:colcon.colcon_core.environment:checking '/home/ckl/RM/Combat_vision2026/install/rm_auto_aim/bin'
[17.262s] Level 1:colcon.colcon_core.environment:checking '/home/ckl/RM/Combat_vision2026/install/rm_auto_aim/lib/pkgconfig/rm_auto_aim.pc'
[17.262s] Level 1:colcon.colcon_core.environment:checking '/home/ckl/RM/Combat_vision2026/install/rm_auto_aim/lib/python3.10/site-packages'
[17.262s] Level 1:colcon.colcon_core.environment:checking '/home/ckl/RM/Combat_vision2026/install/rm_auto_aim/bin'
[17.262s] INFO:colcon.colcon_core.shell:Creating package script '/home/ckl/RM/Combat_vision2026/install/rm_auto_aim/share/rm_auto_aim/package.ps1'
[17.263s] INFO:colcon.colcon_core.shell:Creating package descriptor '/home/ckl/RM/Combat_vision2026/install/rm_auto_aim/share/rm_auto_aim/package.dsv'
[17.263s] INFO:colcon.colcon_core.shell:Creating package script '/home/ckl/RM/Combat_vision2026/install/rm_auto_aim/share/rm_auto_aim/package.sh'
[17.264s] INFO:colcon.colcon_core.shell:Creating package script '/home/ckl/RM/Combat_vision2026/install/rm_auto_aim/share/rm_auto_aim/package.bash'
[17.264s] INFO:colcon.colcon_core.shell:Creating package script '/home/ckl/RM/Combat_vision2026/install/rm_auto_aim/share/rm_auto_aim/package.zsh'
[17.264s] Level 1:colcon.colcon_core.environment:create_file_with_runtime_dependencies(/home/ckl/RM/Combat_vision2026/install/rm_auto_aim/share/colcon-core/packages/rm_auto_aim)
[17.265s] INFO:colcon.colcon_ros.task.ament_cmake.build:Building ROS package in '/home/ckl/RM/Combat_vision2026/src/rm_bringup' with build type 'ament_cmake'
[17.265s] INFO:colcon.colcon_cmake.task.cmake.build:Building CMake package in '/home/ckl/RM/Combat_vision2026/src/rm_bringup'
[17.265s] INFO:colcon.colcon_core.shell:Skip shell extension 'powershell' for command environment: Not usable outside of PowerShell
[17.265s] DEBUG:colcon.colcon_core.shell:Skip shell extension 'dsv' for command environment
[17.291s] DEBUG:colcon.colcon_core.event_handler.log_command:Invoking command in '/home/ckl/RM/Combat_vision2026/build/rm_bringup': CMAKE_PREFIX_PATH=/home/ckl/RM/Combat_vision2026/install/rm_auto_aim:/home/ckl/RM/Combat_vision2026/install/rm_serial_driver:/home/ckl/RM/Combat_vision2026/install/armor_solver:/home/ckl/RM/Combat_vision2026/install/armor_detector:/home/ckl/RM/Combat_vision2026/install/rm_utils:/home/ckl/RM/Combat_vision2026/install/rm_interfaces:/home/ckl/RM/Combat_vision2026/install/rm_bringup:/home/ckl/RM/Combat_vision2026/install/rm_robot_description:/home/ckl/RM/Combat_vision2026/install/hik_camera:/opt/ros/humble /usr/bin/cmake /home/ckl/RM/Combat_vision2026/src/rm_bringup -DCMAKE_INSTALL_PREFIX=/home/ckl/RM/Combat_vision2026/install/rm_bringup
[17.858s] DEBUG:colcon.colcon_core.event_handler.log_command:Invoked command in '/home/ckl/RM/Combat_vision2026/build/rm_bringup' returned '0': CMAKE_PREFIX_PATH=/home/ckl/RM/Combat_vision2026/install/rm_auto_aim:/home/ckl/RM/Combat_vision2026/install/rm_serial_driver:/home/ckl/RM/Combat_vision2026/install/armor_solver:/home/ckl/RM/Combat_vision2026/install/armor_detector:/home/ckl/RM/Combat_vision2026/install/rm_utils:/home/ckl/RM/Combat_vision2026/install/rm_interfaces:/home/ckl/RM/Combat_vision2026/install/rm_bringup:/home/ckl/RM/Combat_vision2026/install/rm_robot_description:/home/ckl/RM/Combat_vision2026/install/hik_camera:/opt/ros/humble /usr/bin/cmake /home/ckl/RM/Combat_vision2026/src/rm_bringup -DCMAKE_INSTALL_PREFIX=/home/ckl/RM/Combat_vision2026/install/rm_bringup
[17.859s] DEBUG:colcon.colcon_core.event_handler.log_command:Invoking command in '/home/ckl/RM/Combat_vision2026/build/rm_bringup': CMAKE_PREFIX_PATH=/home/ckl/RM/Combat_vision2026/install/rm_auto_aim:/home/ckl/RM/Combat_vision2026/install/rm_serial_driver:/home/ckl/RM/Combat_vision2026/install/armor_solver:/home/ckl/RM/Combat_vision2026/install/armor_detector:/home/ckl/RM/Combat_vision2026/install/rm_utils:/home/ckl/RM/Combat_vision2026/install/rm_interfaces:/home/ckl/RM/Combat_vision2026/install/rm_bringup:/home/ckl/RM/Combat_vision2026/install/rm_robot_description:/home/ckl/RM/Combat_vision2026/install/hik_camera:/opt/ros/humble /usr/bin/cmake --build /home/ckl/RM/Combat_vision2026/build/rm_bringup -- -j16 -l16
[17.882s] DEBUG:colcon.colcon_core.event_handler.log_command:Invoked command in '/home/ckl/RM/Combat_vision2026/build/rm_bringup' returned '0': CMAKE_PREFIX_PATH=/home/ckl/RM/Combat_vision2026/install/rm_auto_aim:/home/ckl/RM/Combat_vision2026/install/rm_serial_driver:/home/ckl/RM/Combat_vision2026/install/armor_solver:/home/ckl/RM/Combat_vision2026/install/armor_detector:/home/ckl/RM/Combat_vision2026/install/rm_utils:/home/ckl/RM/Combat_vision2026/install/rm_interfaces:/home/ckl/RM/Combat_vision2026/install/rm_bringup:/home/ckl/RM/Combat_vision2026/install/rm_robot_description:/home/ckl/RM/Combat_vision2026/install/hik_camera:/opt/ros/humble /usr/bin/cmake --build /home/ckl/RM/Combat_vision2026/build/rm_bringup -- -j16 -l16
[17.884s] DEBUG:colcon.colcon_core.event_handler.log_command:Invoking command in '/home/ckl/RM/Combat_vision2026/build/rm_bringup': CMAKE_PREFIX_PATH=/home/ckl/RM/Combat_vision2026/install/rm_auto_aim:/home/ckl/RM/Combat_vision2026/install/rm_serial_driver:/home/ckl/RM/Combat_vision2026/install/armor_solver:/home/ckl/RM/Combat_vision2026/install/armor_detector:/home/ckl/RM/Combat_vision2026/install/rm_utils:/home/ckl/RM/Combat_vision2026/install/rm_interfaces:/home/ckl/RM/Combat_vision2026/install/rm_bringup:/home/ckl/RM/Combat_vision2026/install/rm_robot_description:/home/ckl/RM/Combat_vision2026/install/hik_camera:/opt/ros/humble /usr/bin/cmake --install /home/ckl/RM/Combat_vision2026/build/rm_bringup
[17.896s] Level 1:colcon.colcon_core.environment:create_environment_scripts_only(rm_bringup)
[17.896s] Level 1:colcon.colcon_core.environment:checking '/home/ckl/RM/Combat_vision2026/install/rm_bringup' for CMake module files
[17.897s] DEBUG:colcon.colcon_core.event_handler.log_command:Invoked command in '/home/ckl/RM/Combat_vision2026/build/rm_bringup' returned '0': CMAKE_PREFIX_PATH=/home/ckl/RM/Combat_vision2026/install/rm_auto_aim:/home/ckl/RM/Combat_vision2026/install/rm_serial_driver:/home/ckl/RM/Combat_vision2026/install/armor_solver:/home/ckl/RM/Combat_vision2026/install/armor_detector:/home/ckl/RM/Combat_vision2026/install/rm_utils:/home/ckl/RM/Combat_vision2026/install/rm_interfaces:/home/ckl/RM/Combat_vision2026/install/rm_bringup:/home/ckl/RM/Combat_vision2026/install/rm_robot_description:/home/ckl/RM/Combat_vision2026/install/hik_camera:/opt/ros/humble /usr/bin/cmake --install /home/ckl/RM/Combat_vision2026/build/rm_bringup
[17.897s] Level 1:colcon.colcon_core.environment:checking '/home/ckl/RM/Combat_vision2026/install/rm_bringup' for CMake config files
[17.898s] Level 1:colcon.colcon_core.shell:create_environment_hook('rm_bringup', 'cmake_prefix_path')
[17.898s] INFO:colcon.colcon_core.shell:Creating environment hook '/home/ckl/RM/Combat_vision2026/install/rm_bringup/share/rm_bringup/hook/cmake_prefix_path.ps1'
[17.898s] INFO:colcon.colcon_core.shell:Creating environment descriptor '/home/ckl/RM/Combat_vision2026/install/rm_bringup/share/rm_bringup/hook/cmake_prefix_path.dsv'
[17.898s] INFO:colcon.colcon_core.shell:Creating environment hook '/home/ckl/RM/Combat_vision2026/install/rm_bringup/share/rm_bringup/hook/cmake_prefix_path.sh'
[17.899s] Level 1:colcon.colcon_core.environment:checking '/home/ckl/RM/Combat_vision2026/install/rm_bringup/bin'
[17.899s] Level 1:colcon.colcon_core.environment:checking '/home/ckl/RM/Combat_vision2026/install/rm_bringup/lib/pkgconfig/rm_bringup.pc'
[17.899s] Level 1:colcon.colcon_core.environment:checking '/home/ckl/RM/Combat_vision2026/install/rm_bringup/lib/python3.10/site-packages'
[17.899s] Level 1:colcon.colcon_core.environment:checking '/home/ckl/RM/Combat_vision2026/install/rm_bringup/bin'
[17.899s] INFO:colcon.colcon_core.shell:Creating package script '/home/ckl/RM/Combat_vision2026/install/rm_bringup/share/rm_bringup/package.ps1'
[17.900s] INFO:colcon.colcon_core.shell:Creating package descriptor '/home/ckl/RM/Combat_vision2026/install/rm_bringup/share/rm_bringup/package.dsv'
[17.900s] INFO:colcon.colcon_core.shell:Creating package script '/home/ckl/RM/Combat_vision2026/install/rm_bringup/share/rm_bringup/package.sh'
[17.900s] INFO:colcon.colcon_core.shell:Creating package script '/home/ckl/RM/Combat_vision2026/install/rm_bringup/share/rm_bringup/package.bash'
[17.900s] INFO:colcon.colcon_core.shell:Creating package script '/home/ckl/RM/Combat_vision2026/install/rm_bringup/share/rm_bringup/package.zsh'
[17.900s] Level 1:colcon.colcon_core.environment:create_file_with_runtime_dependencies(/home/ckl/RM/Combat_vision2026/install/rm_bringup/share/colcon-core/packages/rm_bringup)
[17.901s] Level 1:colcon.colcon_core.environment:create_environment_scripts_only(rm_bringup)
[17.901s] Level 1:colcon.colcon_core.environment:checking '/home/ckl/RM/Combat_vision2026/install/rm_bringup' for CMake module files
[17.901s] Level 1:colcon.colcon_core.environment:checking '/home/ckl/RM/Combat_vision2026/install/rm_bringup' for CMake config files
[17.901s] Level 1:colcon.colcon_core.shell:create_environment_hook('rm_bringup', 'cmake_prefix_path')
[17.902s] INFO:colcon.colcon_core.shell:Creating environment hook '/home/ckl/RM/Combat_vision2026/install/rm_bringup/share/rm_bringup/hook/cmake_prefix_path.ps1'
[17.902s] INFO:colcon.colcon_core.shell:Creating environment descriptor '/home/ckl/RM/Combat_vision2026/install/rm_bringup/share/rm_bringup/hook/cmake_prefix_path.dsv'
[17.902s] INFO:colcon.colcon_core.shell:Creating environment hook '/home/ckl/RM/Combat_vision2026/install/rm_bringup/share/rm_bringup/hook/cmake_prefix_path.sh'
[17.902s] Level 1:colcon.colcon_core.environment:checking '/home/ckl/RM/Combat_vision2026/install/rm_bringup/bin'
[17.902s] Level 1:colcon.colcon_core.environment:checking '/home/ckl/RM/Combat_vision2026/install/rm_bringup/lib/pkgconfig/rm_bringup.pc'
[17.903s] Level 1:colcon.colcon_core.environment:checking '/home/ckl/RM/Combat_vision2026/install/rm_bringup/lib/python3.10/site-packages'
[17.903s] Level 1:colcon.colcon_core.environment:checking '/home/ckl/RM/Combat_vision2026/install/rm_bringup/bin'
[17.903s] INFO:colcon.colcon_core.shell:Creating package script '/home/ckl/RM/Combat_vision2026/install/rm_bringup/share/rm_bringup/package.ps1'
[17.903s] INFO:colcon.colcon_core.shell:Creating package descriptor '/home/ckl/RM/Combat_vision2026/install/rm_bringup/share/rm_bringup/package.dsv'
[17.904s] INFO:colcon.colcon_core.shell:Creating package script '/home/ckl/RM/Combat_vision2026/install/rm_bringup/share/rm_bringup/package.sh'
[17.904s] INFO:colcon.colcon_core.shell:Creating package script '/home/ckl/RM/Combat_vision2026/install/rm_bringup/share/rm_bringup/package.bash'
[17.904s] INFO:colcon.colcon_core.shell:Creating package script '/home/ckl/RM/Combat_vision2026/install/rm_bringup/share/rm_bringup/package.zsh'
[17.904s] Level 1:colcon.colcon_core.environment:create_file_with_runtime_dependencies(/home/ckl/RM/Combat_vision2026/install/rm_bringup/share/colcon-core/packages/rm_bringup)
[17.905s] DEBUG:colcon.colcon_parallel_executor.executor.parallel:closing loop
[17.905s] DEBUG:colcon.colcon_parallel_executor.executor.parallel:loop closed
[17.905s] DEBUG:colcon.colcon_parallel_executor.executor.parallel:run_until_complete finished with '0'
[17.905s] DEBUG:colcon.colcon_core.event_reactor:joining thread
[17.910s] INFO:colcon.colcon_core.plugin_system:Skipping extension 'colcon_notification.desktop_notification.terminal_notifier': Not used on non-Darwin systems
[17.910s] INFO:colcon.colcon_core.plugin_system:Skipping extension 'colcon_notification.desktop_notification.win32': Not used on non-Windows systems
[17.910s] INFO:colcon.colcon_notification.desktop_notification:Sending desktop notification using 'notify2'
[17.921s] DEBUG:colcon.colcon_core.event_reactor:joined thread
[17.921s] INFO:colcon.colcon_core.shell:Creating prefix script '/home/ckl/RM/Combat_vision2026/install/local_setup.ps1'
[17.922s] INFO:colcon.colcon_core.shell:Creating prefix util module '/home/ckl/RM/Combat_vision2026/install/_local_setup_util_ps1.py'
[17.924s] INFO:colcon.colcon_core.shell:Creating prefix chain script '/home/ckl/RM/Combat_vision2026/install/setup.ps1'
[17.925s] INFO:colcon.colcon_core.shell:Creating prefix script '/home/ckl/RM/Combat_vision2026/install/local_setup.sh'
[17.926s] INFO:colcon.colcon_core.shell:Creating prefix util module '/home/ckl/RM/Combat_vision2026/install/_local_setup_util_sh.py'
[17.926s] INFO:colcon.colcon_core.shell:Creating prefix chain script '/home/ckl/RM/Combat_vision2026/install/setup.sh'
[17.928s] INFO:colcon.colcon_core.shell:Creating prefix script '/home/ckl/RM/Combat_vision2026/install/local_setup.bash'
[17.928s] INFO:colcon.colcon_core.shell:Creating prefix chain script '/home/ckl/RM/Combat_vision2026/install/setup.bash'
[17.929s] INFO:colcon.colcon_core.shell:Creating prefix script '/home/ckl/RM/Combat_vision2026/install/local_setup.zsh'
[17.930s] INFO:colcon.colcon_core.shell:Creating prefix chain script '/home/ckl/RM/Combat_vision2026/install/setup.zsh'
