[0.071s] DEBUG:colcon:Command line arguments: ['/usr/bin/colcon', 'build']
[0.071s] DEBUG:colcon:Parsed command line arguments: Namespace(log_base=None, log_level=None, verb_name='build', build_base='build', install_base='install', merge_install=False, symlink_install=False, test_result_base=None, continue_on_error=False, executor='parallel', parallel_workers=16, event_handlers=None, ignore_user_meta=False, metas=['./colcon.meta'], base_paths=['.'], packages_ignore=None, packages_ignore_regex=None, paths=None, packages_up_to=None, packages_up_to_regex=None, packages_above=None, packages_above_and_dependencies=None, packages_above_depth=None, packages_select_by_dep=None, packages_skip_by_dep=None, packages_skip_up_to=None, packages_select_build_failed=False, packages_skip_build_finished=False, packages_select_test_failures=False, packages_skip_test_passed=False, packages_select=None, packages_skip=None, packages_select_regex=None, packages_skip_regex=None, packages_start=None, packages_end=None, allow_overriding=[], cmake_args=None, cmake_target=None, cmake_target_skip_unavailable=False, cmake_clean_cache=False, cmake_clean_first=False, cmake_force_configure=False, ament_cmake_args=None, catkin_cmake_args=None, catkin_skip_building_tests=False, verb_parser=<colcon_defaults.argument_parser.defaults.DefaultArgumentsDecorator object at 0x7f281a42bd60>, verb_extension=<colcon_core.verb.build.BuildVerb object at 0x7f281a575240>, main=<bound method BuildVerb.main of <colcon_core.verb.build.BuildVerb object at 0x7f281a575240>>)
[0.187s] Level 1:colcon.colcon_core.package_discovery:discover_packages(colcon_meta) check parameters
[0.187s] Level 1:colcon.colcon_core.package_discovery:discover_packages(recursive) check parameters
[0.187s] Level 1:colcon.colcon_core.package_discovery:discover_packages(ignore) check parameters
[0.187s] Level 1:colcon.colcon_core.package_discovery:discover_packages(path) check parameters
[0.187s] Level 1:colcon.colcon_core.package_discovery:discover_packages(colcon_meta) discover
[0.187s] Level 1:colcon.colcon_core.package_discovery:discover_packages(recursive) discover
[0.187s] INFO:colcon.colcon_core.package_discovery:Crawling recursively for packages in '/home/ckl/RM/Combat_vision2026'
[0.187s] Level 1:colcon.colcon_core.package_identification:_identify(.) by extensions ['ignore', 'ignore_ament_install']
[0.187s] Level 1:colcon.colcon_core.package_identification:_identify(.) by extension 'ignore'
[0.187s] Level 1:colcon.colcon_core.package_identification:_identify(.) by extension 'ignore_ament_install'
[0.187s] Level 1:colcon.colcon_core.package_identification:_identify(.) by extensions ['colcon_pkg']
[0.187s] Level 1:colcon.colcon_core.package_identification:_identify(.) by extension 'colcon_pkg'
[0.187s] Level 1:colcon.colcon_core.package_identification:_identify(.) by extensions ['colcon_meta']
[0.187s] Level 1:colcon.colcon_core.package_identification:_identify(.) by extension 'colcon_meta'
[0.188s] Level 1:colcon.colcon_core.package_identification:_identify(.) by extensions ['ros']
[0.188s] Level 1:colcon.colcon_core.package_identification:_identify(.) by extension 'ros'
[0.195s] Level 1:colcon.colcon_core.package_identification:_identify(.) by extensions ['cmake', 'python']
[0.195s] Level 1:colcon.colcon_core.package_identification:_identify(.) by extension 'cmake'
[0.195s] Level 1:colcon.colcon_core.package_identification:_identify(.) by extension 'python'
[0.195s] Level 1:colcon.colcon_core.package_identification:_identify(.) by extensions ['python_setup_py']
[0.195s] Level 1:colcon.colcon_core.package_identification:_identify(.) by extension 'python_setup_py'
[0.195s] Level 1:colcon.colcon_core.package_identification:_identify(build) by extensions ['ignore', 'ignore_ament_install']
[0.195s] Level 1:colcon.colcon_core.package_identification:_identify(build) by extension 'ignore'
[0.195s] Level 1:colcon.colcon_core.package_identification:_identify(build) ignored
[0.195s] Level 1:colcon.colcon_core.package_identification:_identify(install) by extensions ['ignore', 'ignore_ament_install']
[0.195s] Level 1:colcon.colcon_core.package_identification:_identify(install) by extension 'ignore'
[0.195s] Level 1:colcon.colcon_core.package_identification:_identify(install) ignored
[0.196s] Level 1:colcon.colcon_core.package_identification:_identify(log) by extensions ['ignore', 'ignore_ament_install']
[0.196s] Level 1:colcon.colcon_core.package_identification:_identify(log) by extension 'ignore'
[0.196s] Level 1:colcon.colcon_core.package_identification:_identify(log) ignored
[0.196s] Level 1:colcon.colcon_core.package_identification:_identify(src) by extensions ['ignore', 'ignore_ament_install']
[0.196s] Level 1:colcon.colcon_core.package_identification:_identify(src) by extension 'ignore'
[0.196s] Level 1:colcon.colcon_core.package_identification:_identify(src) by extension 'ignore_ament_install'
[0.196s] Level 1:colcon.colcon_core.package_identification:_identify(src) by extensions ['colcon_pkg']
[0.196s] Level 1:colcon.colcon_core.package_identification:_identify(src) by extension 'colcon_pkg'
[0.196s] Level 1:colcon.colcon_core.package_identification:_identify(src) by extensions ['colcon_meta']
[0.196s] Level 1:colcon.colcon_core.package_identification:_identify(src) by extension 'colcon_meta'
[0.196s] Level 1:colcon.colcon_core.package_identification:_identify(src) by extensions ['ros']
[0.196s] Level 1:colcon.colcon_core.package_identification:_identify(src) by extension 'ros'
[0.196s] Level 1:colcon.colcon_core.package_identification:_identify(src) by extensions ['cmake', 'python']
[0.196s] Level 1:colcon.colcon_core.package_identification:_identify(src) by extension 'cmake'
[0.196s] Level 1:colcon.colcon_core.package_identification:_identify(src) by extension 'python'
[0.196s] Level 1:colcon.colcon_core.package_identification:_identify(src) by extensions ['python_setup_py']
[0.196s] Level 1:colcon.colcon_core.package_identification:_identify(src) by extension 'python_setup_py'
[0.196s] Level 1:colcon.colcon_core.package_identification:_identify(src/rm_auto_aim) by extensions ['ignore', 'ignore_ament_install']
[0.196s] Level 1:colcon.colcon_core.package_identification:_identify(src/rm_auto_aim) by extension 'ignore'
[0.196s] Level 1:colcon.colcon_core.package_identification:_identify(src/rm_auto_aim) by extension 'ignore_ament_install'
[0.196s] Level 1:colcon.colcon_core.package_identification:_identify(src/rm_auto_aim) by extensions ['colcon_pkg']
[0.196s] Level 1:colcon.colcon_core.package_identification:_identify(src/rm_auto_aim) by extension 'colcon_pkg'
[0.196s] Level 1:colcon.colcon_core.package_identification:_identify(src/rm_auto_aim) by extensions ['colcon_meta']
[0.196s] Level 1:colcon.colcon_core.package_identification:_identify(src/rm_auto_aim) by extension 'colcon_meta'
[0.196s] Level 1:colcon.colcon_core.package_identification:_identify(src/rm_auto_aim) by extensions ['ros']
[0.196s] Level 1:colcon.colcon_core.package_identification:_identify(src/rm_auto_aim) by extension 'ros'
[0.197s] Level 1:colcon.colcon_core.package_identification:_identify(src/rm_auto_aim) by extensions ['cmake', 'python']
[0.197s] Level 1:colcon.colcon_core.package_identification:_identify(src/rm_auto_aim) by extension 'cmake'
[0.197s] Level 1:colcon.colcon_core.package_identification:_identify(src/rm_auto_aim) by extension 'python'
[0.197s] Level 1:colcon.colcon_core.package_identification:_identify(src/rm_auto_aim) by extensions ['python_setup_py']
[0.197s] Level 1:colcon.colcon_core.package_identification:_identify(src/rm_auto_aim) by extension 'python_setup_py'
[0.197s] Level 1:colcon.colcon_core.package_identification:_identify(src/rm_auto_aim/armor_detector) by extensions ['ignore', 'ignore_ament_install']
[0.197s] Level 1:colcon.colcon_core.package_identification:_identify(src/rm_auto_aim/armor_detector) by extension 'ignore'
[0.197s] Level 1:colcon.colcon_core.package_identification:_identify(src/rm_auto_aim/armor_detector) by extension 'ignore_ament_install'
[0.197s] Level 1:colcon.colcon_core.package_identification:_identify(src/rm_auto_aim/armor_detector) by extensions ['colcon_pkg']
[0.197s] Level 1:colcon.colcon_core.package_identification:_identify(src/rm_auto_aim/armor_detector) by extension 'colcon_pkg'
[0.197s] Level 1:colcon.colcon_core.package_identification:_identify(src/rm_auto_aim/armor_detector) by extensions ['colcon_meta']
[0.197s] Level 1:colcon.colcon_core.package_identification:_identify(src/rm_auto_aim/armor_detector) by extension 'colcon_meta'
[0.197s] Level 1:colcon.colcon_core.package_identification:_identify(src/rm_auto_aim/armor_detector) by extensions ['ros']
[0.197s] Level 1:colcon.colcon_core.package_identification:_identify(src/rm_auto_aim/armor_detector) by extension 'ros'
[0.199s] DEBUG:colcon.colcon_core.package_identification:Package 'src/rm_auto_aim/armor_detector' with type 'ros.ament_cmake' and name 'armor_detector'
[0.200s] Level 1:colcon.colcon_core.package_identification:_identify(src/rm_auto_aim/armor_solver) by extensions ['ignore', 'ignore_ament_install']
[0.200s] Level 1:colcon.colcon_core.package_identification:_identify(src/rm_auto_aim/armor_solver) by extension 'ignore'
[0.200s] Level 1:colcon.colcon_core.package_identification:_identify(src/rm_auto_aim/armor_solver) by extension 'ignore_ament_install'
[0.200s] Level 1:colcon.colcon_core.package_identification:_identify(src/rm_auto_aim/armor_solver) by extensions ['colcon_pkg']
[0.200s] Level 1:colcon.colcon_core.package_identification:_identify(src/rm_auto_aim/armor_solver) by extension 'colcon_pkg'
[0.200s] Level 1:colcon.colcon_core.package_identification:_identify(src/rm_auto_aim/armor_solver) by extensions ['colcon_meta']
[0.200s] Level 1:colcon.colcon_core.package_identification:_identify(src/rm_auto_aim/armor_solver) by extension 'colcon_meta'
[0.200s] Level 1:colcon.colcon_core.package_identification:_identify(src/rm_auto_aim/armor_solver) by extensions ['ros']
[0.200s] Level 1:colcon.colcon_core.package_identification:_identify(src/rm_auto_aim/armor_solver) by extension 'ros'
[0.201s] DEBUG:colcon.colcon_core.package_identification:Package 'src/rm_auto_aim/armor_solver' with type 'ros.ament_cmake' and name 'armor_solver'
[0.201s] Level 1:colcon.colcon_core.package_identification:_identify(src/rm_auto_aim/rm_auto_aim) by extensions ['ignore', 'ignore_ament_install']
[0.201s] Level 1:colcon.colcon_core.package_identification:_identify(src/rm_auto_aim/rm_auto_aim) by extension 'ignore'
[0.201s] Level 1:colcon.colcon_core.package_identification:_identify(src/rm_auto_aim/rm_auto_aim) by extension 'ignore_ament_install'
[0.201s] Level 1:colcon.colcon_core.package_identification:_identify(src/rm_auto_aim/rm_auto_aim) by extensions ['colcon_pkg']
[0.201s] Level 1:colcon.colcon_core.package_identification:_identify(src/rm_auto_aim/rm_auto_aim) by extension 'colcon_pkg'
[0.201s] Level 1:colcon.colcon_core.package_identification:_identify(src/rm_auto_aim/rm_auto_aim) by extensions ['colcon_meta']
[0.201s] Level 1:colcon.colcon_core.package_identification:_identify(src/rm_auto_aim/rm_auto_aim) by extension 'colcon_meta'
[0.201s] Level 1:colcon.colcon_core.package_identification:_identify(src/rm_auto_aim/rm_auto_aim) by extensions ['ros']
[0.201s] Level 1:colcon.colcon_core.package_identification:_identify(src/rm_auto_aim/rm_auto_aim) by extension 'ros'
[0.201s] DEBUG:colcon.colcon_core.package_identification:Package 'src/rm_auto_aim/rm_auto_aim' with type 'ros.ament_cmake' and name 'rm_auto_aim'
[0.202s] Level 1:colcon.colcon_core.package_identification:_identify(src/rm_bringup) by extensions ['ignore', 'ignore_ament_install']
[0.202s] Level 1:colcon.colcon_core.package_identification:_identify(src/rm_bringup) by extension 'ignore'
[0.202s] Level 1:colcon.colcon_core.package_identification:_identify(src/rm_bringup) by extension 'ignore_ament_install'
[0.202s] Level 1:colcon.colcon_core.package_identification:_identify(src/rm_bringup) by extensions ['colcon_pkg']
[0.202s] Level 1:colcon.colcon_core.package_identification:_identify(src/rm_bringup) by extension 'colcon_pkg'
[0.202s] Level 1:colcon.colcon_core.package_identification:_identify(src/rm_bringup) by extensions ['colcon_meta']
[0.202s] Level 1:colcon.colcon_core.package_identification:_identify(src/rm_bringup) by extension 'colcon_meta'
[0.202s] Level 1:colcon.colcon_core.package_identification:_identify(src/rm_bringup) by extensions ['ros']
[0.202s] Level 1:colcon.colcon_core.package_identification:_identify(src/rm_bringup) by extension 'ros'
[0.202s] DEBUG:colcon.colcon_core.package_identification:Package 'src/rm_bringup' with type 'ros.ament_cmake' and name 'rm_bringup'
[0.202s] Level 1:colcon.colcon_core.package_identification:_identify(src/rm_hardware_driver) by extensions ['ignore', 'ignore_ament_install']
[0.202s] Level 1:colcon.colcon_core.package_identification:_identify(src/rm_hardware_driver) by extension 'ignore'
[0.202s] Level 1:colcon.colcon_core.package_identification:_identify(src/rm_hardware_driver) by extension 'ignore_ament_install'
[0.202s] Level 1:colcon.colcon_core.package_identification:_identify(src/rm_hardware_driver) by extensions ['colcon_pkg']
[0.203s] Level 1:colcon.colcon_core.package_identification:_identify(src/rm_hardware_driver) by extension 'colcon_pkg'
[0.203s] Level 1:colcon.colcon_core.package_identification:_identify(src/rm_hardware_driver) by extensions ['colcon_meta']
[0.203s] Level 1:colcon.colcon_core.package_identification:_identify(src/rm_hardware_driver) by extension 'colcon_meta'
[0.203s] Level 1:colcon.colcon_core.package_identification:_identify(src/rm_hardware_driver) by extensions ['ros']
[0.203s] Level 1:colcon.colcon_core.package_identification:_identify(src/rm_hardware_driver) by extension 'ros'
[0.203s] Level 1:colcon.colcon_core.package_identification:_identify(src/rm_hardware_driver) by extensions ['cmake', 'python']
[0.203s] Level 1:colcon.colcon_core.package_identification:_identify(src/rm_hardware_driver) by extension 'cmake'
[0.203s] Level 1:colcon.colcon_core.package_identification:_identify(src/rm_hardware_driver) by extension 'python'
[0.203s] Level 1:colcon.colcon_core.package_identification:_identify(src/rm_hardware_driver) by extensions ['python_setup_py']
[0.203s] Level 1:colcon.colcon_core.package_identification:_identify(src/rm_hardware_driver) by extension 'python_setup_py'
[0.203s] Level 1:colcon.colcon_core.package_identification:_identify(src/rm_hardware_driver/rm_serial_driver) by extensions ['ignore', 'ignore_ament_install']
[0.203s] Level 1:colcon.colcon_core.package_identification:_identify(src/rm_hardware_driver/rm_serial_driver) by extension 'ignore'
[0.203s] Level 1:colcon.colcon_core.package_identification:_identify(src/rm_hardware_driver/rm_serial_driver) by extension 'ignore_ament_install'
[0.203s] Level 1:colcon.colcon_core.package_identification:_identify(src/rm_hardware_driver/rm_serial_driver) by extensions ['colcon_pkg']
[0.203s] Level 1:colcon.colcon_core.package_identification:_identify(src/rm_hardware_driver/rm_serial_driver) by extension 'colcon_pkg'
[0.203s] Level 1:colcon.colcon_core.package_identification:_identify(src/rm_hardware_driver/rm_serial_driver) by extensions ['colcon_meta']
[0.203s] Level 1:colcon.colcon_core.package_identification:_identify(src/rm_hardware_driver/rm_serial_driver) by extension 'colcon_meta'
[0.203s] Level 1:colcon.colcon_core.package_identification:_identify(src/rm_hardware_driver/rm_serial_driver) by extensions ['ros']
[0.203s] Level 1:colcon.colcon_core.package_identification:_identify(src/rm_hardware_driver/rm_serial_driver) by extension 'ros'
[0.204s] DEBUG:colcon.colcon_core.package_identification:Package 'src/rm_hardware_driver/rm_serial_driver' with type 'ros.ament_cmake' and name 'rm_serial_driver'
[0.204s] Level 1:colcon.colcon_core.package_identification:_identify(src/rm_hardware_driver/ros2_hik_camera) by extensions ['ignore', 'ignore_ament_install']
[0.204s] Level 1:colcon.colcon_core.package_identification:_identify(src/rm_hardware_driver/ros2_hik_camera) by extension 'ignore'
[0.204s] Level 1:colcon.colcon_core.package_identification:_identify(src/rm_hardware_driver/ros2_hik_camera) by extension 'ignore_ament_install'
[0.204s] Level 1:colcon.colcon_core.package_identification:_identify(src/rm_hardware_driver/ros2_hik_camera) by extensions ['colcon_pkg']
[0.204s] Level 1:colcon.colcon_core.package_identification:_identify(src/rm_hardware_driver/ros2_hik_camera) by extension 'colcon_pkg'
[0.204s] Level 1:colcon.colcon_core.package_identification:_identify(src/rm_hardware_driver/ros2_hik_camera) by extensions ['colcon_meta']
[0.204s] Level 1:colcon.colcon_core.package_identification:_identify(src/rm_hardware_driver/ros2_hik_camera) by extension 'colcon_meta'
[0.204s] Level 1:colcon.colcon_core.package_identification:_identify(src/rm_hardware_driver/ros2_hik_camera) by extensions ['ros']
[0.204s] Level 1:colcon.colcon_core.package_identification:_identify(src/rm_hardware_driver/ros2_hik_camera) by extension 'ros'
[0.205s] DEBUG:colcon.colcon_core.package_identification:Package 'src/rm_hardware_driver/ros2_hik_camera' with type 'ros.ament_cmake' and name 'hik_camera'
[0.205s] Level 1:colcon.colcon_core.package_identification:_identify(src/rm_interfaces) by extensions ['ignore', 'ignore_ament_install']
[0.205s] Level 1:colcon.colcon_core.package_identification:_identify(src/rm_interfaces) by extension 'ignore'
[0.205s] Level 1:colcon.colcon_core.package_identification:_identify(src/rm_interfaces) by extension 'ignore_ament_install'
[0.205s] Level 1:colcon.colcon_core.package_identification:_identify(src/rm_interfaces) by extensions ['colcon_pkg']
[0.205s] Level 1:colcon.colcon_core.package_identification:_identify(src/rm_interfaces) by extension 'colcon_pkg'
[0.205s] Level 1:colcon.colcon_core.package_identification:_identify(src/rm_interfaces) by extensions ['colcon_meta']
[0.205s] Level 1:colcon.colcon_core.package_identification:_identify(src/rm_interfaces) by extension 'colcon_meta'
[0.205s] Level 1:colcon.colcon_core.package_identification:_identify(src/rm_interfaces) by extensions ['ros']
[0.205s] Level 1:colcon.colcon_core.package_identification:_identify(src/rm_interfaces) by extension 'ros'
[0.206s] DEBUG:colcon.colcon_core.package_identification:Package 'src/rm_interfaces' with type 'ros.ament_cmake' and name 'rm_interfaces'
[0.206s] Level 1:colcon.colcon_core.package_identification:_identify(src/rm_robot_description) by extensions ['ignore', 'ignore_ament_install']
[0.206s] Level 1:colcon.colcon_core.package_identification:_identify(src/rm_robot_description) by extension 'ignore'
[0.206s] Level 1:colcon.colcon_core.package_identification:_identify(src/rm_robot_description) by extension 'ignore_ament_install'
[0.206s] Level 1:colcon.colcon_core.package_identification:_identify(src/rm_robot_description) by extensions ['colcon_pkg']
[0.206s] Level 1:colcon.colcon_core.package_identification:_identify(src/rm_robot_description) by extension 'colcon_pkg'
[0.206s] Level 1:colcon.colcon_core.package_identification:_identify(src/rm_robot_description) by extensions ['colcon_meta']
[0.206s] Level 1:colcon.colcon_core.package_identification:_identify(src/rm_robot_description) by extension 'colcon_meta'
[0.206s] Level 1:colcon.colcon_core.package_identification:_identify(src/rm_robot_description) by extensions ['ros']
[0.206s] Level 1:colcon.colcon_core.package_identification:_identify(src/rm_robot_description) by extension 'ros'
[0.206s] DEBUG:colcon.colcon_core.package_identification:Package 'src/rm_robot_description' with type 'ros.ament_cmake' and name 'rm_robot_description'
[0.206s] Level 1:colcon.colcon_core.package_identification:_identify(src/rm_upstart) by extensions ['ignore', 'ignore_ament_install']
[0.206s] Level 1:colcon.colcon_core.package_identification:_identify(src/rm_upstart) by extension 'ignore'
[0.206s] Level 1:colcon.colcon_core.package_identification:_identify(src/rm_upstart) by extension 'ignore_ament_install'
[0.207s] Level 1:colcon.colcon_core.package_identification:_identify(src/rm_upstart) by extensions ['colcon_pkg']
[0.207s] Level 1:colcon.colcon_core.package_identification:_identify(src/rm_upstart) by extension 'colcon_pkg'
[0.207s] Level 1:colcon.colcon_core.package_identification:_identify(src/rm_upstart) by extensions ['colcon_meta']
[0.207s] Level 1:colcon.colcon_core.package_identification:_identify(src/rm_upstart) by extension 'colcon_meta'
[0.207s] Level 1:colcon.colcon_core.package_identification:_identify(src/rm_upstart) by extensions ['ros']
[0.207s] Level 1:colcon.colcon_core.package_identification:_identify(src/rm_upstart) by extension 'ros'
[0.207s] Level 1:colcon.colcon_core.package_identification:_identify(src/rm_upstart) by extensions ['cmake', 'python']
[0.207s] Level 1:colcon.colcon_core.package_identification:_identify(src/rm_upstart) by extension 'cmake'
[0.207s] Level 1:colcon.colcon_core.package_identification:_identify(src/rm_upstart) by extension 'python'
[0.207s] Level 1:colcon.colcon_core.package_identification:_identify(src/rm_upstart) by extensions ['python_setup_py']
[0.207s] Level 1:colcon.colcon_core.package_identification:_identify(src/rm_upstart) by extension 'python_setup_py'
[0.207s] Level 1:colcon.colcon_core.package_identification:_identify(src/rm_utils) by extensions ['ignore', 'ignore_ament_install']
[0.207s] Level 1:colcon.colcon_core.package_identification:_identify(src/rm_utils) by extension 'ignore'
[0.207s] Level 1:colcon.colcon_core.package_identification:_identify(src/rm_utils) by extension 'ignore_ament_install'
[0.207s] Level 1:colcon.colcon_core.package_identification:_identify(src/rm_utils) by extensions ['colcon_pkg']
[0.207s] Level 1:colcon.colcon_core.package_identification:_identify(src/rm_utils) by extension 'colcon_pkg'
[0.207s] Level 1:colcon.colcon_core.package_identification:_identify(src/rm_utils) by extensions ['colcon_meta']
[0.207s] Level 1:colcon.colcon_core.package_identification:_identify(src/rm_utils) by extension 'colcon_meta'
[0.207s] Level 1:colcon.colcon_core.package_identification:_identify(src/rm_utils) by extensions ['ros']
[0.207s] Level 1:colcon.colcon_core.package_identification:_identify(src/rm_utils) by extension 'ros'
[0.208s] DEBUG:colcon.colcon_core.package_identification:Package 'src/rm_utils' with type 'ros.ament_cmake' and name 'rm_utils'
[0.208s] Level 1:colcon.colcon_core.package_discovery:discover_packages(recursive) using defaults
[0.208s] Level 1:colcon.colcon_core.package_discovery:discover_packages(ignore) discover
[0.208s] Level 1:colcon.colcon_core.package_discovery:discover_packages(ignore) using defaults
[0.208s] Level 1:colcon.colcon_core.package_discovery:discover_packages(path) discover
[0.208s] Level 1:colcon.colcon_core.package_discovery:discover_packages(path) using defaults
[0.229s] Level 1:colcon.colcon_core.package_discovery:discover_packages(prefix_path) check parameters
[0.229s] Level 1:colcon.colcon_core.package_discovery:discover_packages(prefix_path) discover
[0.240s] DEBUG:colcon.colcon_installed_package_information.package_discovery:Found 9 installed packages in /home/ckl/RM/Combat_vision2026/install
[0.241s] DEBUG:colcon.colcon_installed_package_information.package_discovery:Found 322 installed packages in /opt/ros/humble
[0.242s] Level 1:colcon.colcon_core.package_discovery:discover_packages(prefix_path) using defaults
[0.274s] Level 5:colcon.colcon_core.verb:set package 'hik_camera' build argument 'cmake_args' from command line to 'None'
[0.274s] Level 5:colcon.colcon_core.verb:set package 'hik_camera' build argument 'cmake_target' from command line to 'None'
[0.274s] Level 5:colcon.colcon_core.verb:set package 'hik_camera' build argument 'cmake_target_skip_unavailable' from command line to 'False'
[0.274s] Level 5:colcon.colcon_core.verb:set package 'hik_camera' build argument 'cmake_clean_cache' from command line to 'False'
[0.274s] Level 5:colcon.colcon_core.verb:set package 'hik_camera' build argument 'cmake_clean_first' from command line to 'False'
[0.274s] Level 5:colcon.colcon_core.verb:set package 'hik_camera' build argument 'cmake_force_configure' from command line to 'False'
[0.274s] Level 5:colcon.colcon_core.verb:set package 'hik_camera' build argument 'ament_cmake_args' from command line to 'None'
[0.274s] Level 5:colcon.colcon_core.verb:set package 'hik_camera' build argument 'catkin_cmake_args' from command line to 'None'
[0.274s] Level 5:colcon.colcon_core.verb:set package 'hik_camera' build argument 'catkin_skip_building_tests' from command line to 'False'
[0.274s] DEBUG:colcon.colcon_core.verb:Building package 'hik_camera' with the following arguments: {'ament_cmake_args': None, 'build_base': '/home/ckl/RM/Combat_vision2026/build/hik_camera', 'catkin_cmake_args': None, 'catkin_skip_building_tests': False, 'cmake_args': None, 'cmake_clean_cache': False, 'cmake_clean_first': False, 'cmake_force_configure': False, 'cmake_target': None, 'cmake_target_skip_unavailable': False, 'install_base': '/home/ckl/RM/Combat_vision2026/install/hik_camera', 'merge_install': False, 'path': '/home/ckl/RM/Combat_vision2026/src/rm_hardware_driver/ros2_hik_camera', 'symlink_install': False, 'test_result_base': None}
[0.274s] Level 5:colcon.colcon_core.verb:set package 'rm_interfaces' build argument 'cmake_args' from command line to 'None'
[0.274s] Level 5:colcon.colcon_core.verb:set package 'rm_interfaces' build argument 'cmake_target' from command line to 'None'
[0.274s] Level 5:colcon.colcon_core.verb:set package 'rm_interfaces' build argument 'cmake_target_skip_unavailable' from command line to 'False'
[0.274s] Level 5:colcon.colcon_core.verb:set package 'rm_interfaces' build argument 'cmake_clean_cache' from command line to 'False'
[0.274s] Level 5:colcon.colcon_core.verb:set package 'rm_interfaces' build argument 'cmake_clean_first' from command line to 'False'
[0.274s] Level 5:colcon.colcon_core.verb:set package 'rm_interfaces' build argument 'cmake_force_configure' from command line to 'False'
[0.274s] Level 5:colcon.colcon_core.verb:set package 'rm_interfaces' build argument 'ament_cmake_args' from command line to 'None'
[0.274s] Level 5:colcon.colcon_core.verb:set package 'rm_interfaces' build argument 'catkin_cmake_args' from command line to 'None'
[0.274s] Level 5:colcon.colcon_core.verb:set package 'rm_interfaces' build argument 'catkin_skip_building_tests' from command line to 'False'
[0.274s] DEBUG:colcon.colcon_core.verb:Building package 'rm_interfaces' with the following arguments: {'ament_cmake_args': None, 'build_base': '/home/ckl/RM/Combat_vision2026/build/rm_interfaces', 'catkin_cmake_args': None, 'catkin_skip_building_tests': False, 'cmake_args': None, 'cmake_clean_cache': False, 'cmake_clean_first': False, 'cmake_force_configure': False, 'cmake_target': None, 'cmake_target_skip_unavailable': False, 'install_base': '/home/ckl/RM/Combat_vision2026/install/rm_interfaces', 'merge_install': False, 'path': '/home/ckl/RM/Combat_vision2026/src/rm_interfaces', 'symlink_install': False, 'test_result_base': None}
[0.274s] Level 5:colcon.colcon_core.verb:set package 'rm_robot_description' build argument 'cmake_args' from command line to 'None'
[0.274s] Level 5:colcon.colcon_core.verb:set package 'rm_robot_description' build argument 'cmake_target' from command line to 'None'
[0.274s] Level 5:colcon.colcon_core.verb:set package 'rm_robot_description' build argument 'cmake_target_skip_unavailable' from command line to 'False'
[0.274s] Level 5:colcon.colcon_core.verb:set package 'rm_robot_description' build argument 'cmake_clean_cache' from command line to 'False'
[0.274s] Level 5:colcon.colcon_core.verb:set package 'rm_robot_description' build argument 'cmake_clean_first' from command line to 'False'
[0.274s] Level 5:colcon.colcon_core.verb:set package 'rm_robot_description' build argument 'cmake_force_configure' from command line to 'False'
[0.275s] Level 5:colcon.colcon_core.verb:set package 'rm_robot_description' build argument 'ament_cmake_args' from command line to 'None'
[0.275s] Level 5:colcon.colcon_core.verb:set package 'rm_robot_description' build argument 'catkin_cmake_args' from command line to 'None'
[0.275s] Level 5:colcon.colcon_core.verb:set package 'rm_robot_description' build argument 'catkin_skip_building_tests' from command line to 'False'
[0.275s] DEBUG:colcon.colcon_core.verb:Building package 'rm_robot_description' with the following arguments: {'ament_cmake_args': None, 'build_base': '/home/ckl/RM/Combat_vision2026/build/rm_robot_description', 'catkin_cmake_args': None, 'catkin_skip_building_tests': False, 'cmake_args': None, 'cmake_clean_cache': False, 'cmake_clean_first': False, 'cmake_force_configure': False, 'cmake_target': None, 'cmake_target_skip_unavailable': False, 'install_base': '/home/ckl/RM/Combat_vision2026/install/rm_robot_description', 'merge_install': False, 'path': '/home/ckl/RM/Combat_vision2026/src/rm_robot_description', 'symlink_install': False, 'test_result_base': None}
[0.275s] Level 5:colcon.colcon_core.verb:set package 'rm_utils' build argument 'cmake_args' from command line to 'None'
[0.275s] Level 5:colcon.colcon_core.verb:set package 'rm_utils' build argument 'cmake_target' from command line to 'None'
[0.275s] Level 5:colcon.colcon_core.verb:set package 'rm_utils' build argument 'cmake_target_skip_unavailable' from command line to 'False'
[0.275s] Level 5:colcon.colcon_core.verb:set package 'rm_utils' build argument 'cmake_clean_cache' from command line to 'False'
[0.275s] Level 5:colcon.colcon_core.verb:set package 'rm_utils' build argument 'cmake_clean_first' from command line to 'False'
[0.275s] Level 5:colcon.colcon_core.verb:set package 'rm_utils' build argument 'cmake_force_configure' from command line to 'False'
[0.275s] Level 5:colcon.colcon_core.verb:set package 'rm_utils' build argument 'ament_cmake_args' from command line to 'None'
[0.275s] Level 5:colcon.colcon_core.verb:set package 'rm_utils' build argument 'catkin_cmake_args' from command line to 'None'
[0.275s] Level 5:colcon.colcon_core.verb:set package 'rm_utils' build argument 'catkin_skip_building_tests' from command line to 'False'
[0.275s] DEBUG:colcon.colcon_core.verb:Building package 'rm_utils' with the following arguments: {'ament_cmake_args': None, 'build_base': '/home/ckl/RM/Combat_vision2026/build/rm_utils', 'catkin_cmake_args': None, 'catkin_skip_building_tests': False, 'cmake_args': None, 'cmake_clean_cache': False, 'cmake_clean_first': False, 'cmake_force_configure': False, 'cmake_target': None, 'cmake_target_skip_unavailable': False, 'install_base': '/home/ckl/RM/Combat_vision2026/install/rm_utils', 'merge_install': False, 'path': '/home/ckl/RM/Combat_vision2026/src/rm_utils', 'symlink_install': False, 'test_result_base': None}
[0.275s] Level 5:colcon.colcon_core.verb:set package 'armor_detector' build argument 'cmake_args' from command line to 'None'
[0.275s] Level 5:colcon.colcon_core.verb:set package 'armor_detector' build argument 'cmake_target' from command line to 'None'
[0.275s] Level 5:colcon.colcon_core.verb:set package 'armor_detector' build argument 'cmake_target_skip_unavailable' from command line to 'False'
[0.275s] Level 5:colcon.colcon_core.verb:set package 'armor_detector' build argument 'cmake_clean_cache' from command line to 'False'
[0.275s] Level 5:colcon.colcon_core.verb:set package 'armor_detector' build argument 'cmake_clean_first' from command line to 'False'
[0.275s] Level 5:colcon.colcon_core.verb:set package 'armor_detector' build argument 'cmake_force_configure' from command line to 'False'
[0.275s] Level 5:colcon.colcon_core.verb:set package 'armor_detector' build argument 'ament_cmake_args' from command line to 'None'
[0.275s] Level 5:colcon.colcon_core.verb:set package 'armor_detector' build argument 'catkin_cmake_args' from command line to 'None'
[0.275s] Level 5:colcon.colcon_core.verb:set package 'armor_detector' build argument 'catkin_skip_building_tests' from command line to 'False'
[0.275s] DEBUG:colcon.colcon_core.verb:Building package 'armor_detector' with the following arguments: {'ament_cmake_args': None, 'build_base': '/home/ckl/RM/Combat_vision2026/build/armor_detector', 'catkin_cmake_args': None, 'catkin_skip_building_tests': False, 'cmake_args': None, 'cmake_clean_cache': False, 'cmake_clean_first': False, 'cmake_force_configure': False, 'cmake_target': None, 'cmake_target_skip_unavailable': False, 'install_base': '/home/ckl/RM/Combat_vision2026/install/armor_detector', 'merge_install': False, 'path': '/home/ckl/RM/Combat_vision2026/src/rm_auto_aim/armor_detector', 'symlink_install': False, 'test_result_base': None}
[0.275s] Level 5:colcon.colcon_core.verb:set package 'armor_solver' build argument 'cmake_args' from command line to 'None'
[0.276s] Level 5:colcon.colcon_core.verb:set package 'armor_solver' build argument 'cmake_target' from command line to 'None'
[0.276s] Level 5:colcon.colcon_core.verb:set package 'armor_solver' build argument 'cmake_target_skip_unavailable' from command line to 'False'
[0.276s] Level 5:colcon.colcon_core.verb:set package 'armor_solver' build argument 'cmake_clean_cache' from command line to 'False'
[0.276s] Level 5:colcon.colcon_core.verb:set package 'armor_solver' build argument 'cmake_clean_first' from command line to 'False'
[0.276s] Level 5:colcon.colcon_core.verb:set package 'armor_solver' build argument 'cmake_force_configure' from command line to 'False'
[0.276s] Level 5:colcon.colcon_core.verb:set package 'armor_solver' build argument 'ament_cmake_args' from command line to 'None'
[0.276s] Level 5:colcon.colcon_core.verb:set package 'armor_solver' build argument 'catkin_cmake_args' from command line to 'None'
[0.276s] Level 5:colcon.colcon_core.verb:set package 'armor_solver' build argument 'catkin_skip_building_tests' from command line to 'False'
[0.276s] DEBUG:colcon.colcon_core.verb:Building package 'armor_solver' with the following arguments: {'ament_cmake_args': None, 'build_base': '/home/ckl/RM/Combat_vision2026/build/armor_solver', 'catkin_cmake_args': None, 'catkin_skip_building_tests': False, 'cmake_args': None, 'cmake_clean_cache': False, 'cmake_clean_first': False, 'cmake_force_configure': False, 'cmake_target': None, 'cmake_target_skip_unavailable': False, 'install_base': '/home/ckl/RM/Combat_vision2026/install/armor_solver', 'merge_install': False, 'path': '/home/ckl/RM/Combat_vision2026/src/rm_auto_aim/armor_solver', 'symlink_install': False, 'test_result_base': None}
[0.276s] Level 5:colcon.colcon_core.verb:set package 'rm_serial_driver' build argument 'cmake_args' from command line to 'None'
[0.276s] Level 5:colcon.colcon_core.verb:set package 'rm_serial_driver' build argument 'cmake_target' from command line to 'None'
[0.276s] Level 5:colcon.colcon_core.verb:set package 'rm_serial_driver' build argument 'cmake_target_skip_unavailable' from command line to 'False'
[0.276s] Level 5:colcon.colcon_core.verb:set package 'rm_serial_driver' build argument 'cmake_clean_cache' from command line to 'False'
[0.276s] Level 5:colcon.colcon_core.verb:set package 'rm_serial_driver' build argument 'cmake_clean_first' from command line to 'False'
[0.276s] Level 5:colcon.colcon_core.verb:set package 'rm_serial_driver' build argument 'cmake_force_configure' from command line to 'False'
[0.276s] Level 5:colcon.colcon_core.verb:set package 'rm_serial_driver' build argument 'ament_cmake_args' from command line to 'None'
[0.276s] Level 5:colcon.colcon_core.verb:set package 'rm_serial_driver' build argument 'catkin_cmake_args' from command line to 'None'
[0.276s] Level 5:colcon.colcon_core.verb:set package 'rm_serial_driver' build argument 'catkin_skip_building_tests' from command line to 'False'
[0.276s] DEBUG:colcon.colcon_core.verb:Building package 'rm_serial_driver' with the following arguments: {'ament_cmake_args': None, 'build_base': '/home/ckl/RM/Combat_vision2026/build/rm_serial_driver', 'catkin_cmake_args': None, 'catkin_skip_building_tests': False, 'cmake_args': None, 'cmake_clean_cache': False, 'cmake_clean_first': False, 'cmake_force_configure': False, 'cmake_target': None, 'cmake_target_skip_unavailable': False, 'install_base': '/home/ckl/RM/Combat_vision2026/install/rm_serial_driver', 'merge_install': False, 'path': '/home/ckl/RM/Combat_vision2026/src/rm_hardware_driver/rm_serial_driver', 'symlink_install': False, 'test_result_base': None}
[0.276s] Level 5:colcon.colcon_core.verb:set package 'rm_auto_aim' build argument 'cmake_args' from command line to 'None'
[0.276s] Level 5:colcon.colcon_core.verb:set package 'rm_auto_aim' build argument 'cmake_target' from command line to 'None'
[0.276s] Level 5:colcon.colcon_core.verb:set package 'rm_auto_aim' build argument 'cmake_target_skip_unavailable' from command line to 'False'
[0.276s] Level 5:colcon.colcon_core.verb:set package 'rm_auto_aim' build argument 'cmake_clean_cache' from command line to 'False'
[0.276s] Level 5:colcon.colcon_core.verb:set package 'rm_auto_aim' build argument 'cmake_clean_first' from command line to 'False'
[0.276s] Level 5:colcon.colcon_core.verb:set package 'rm_auto_aim' build argument 'cmake_force_configure' from command line to 'False'
[0.276s] Level 5:colcon.colcon_core.verb:set package 'rm_auto_aim' build argument 'ament_cmake_args' from command line to 'None'
[0.276s] Level 5:colcon.colcon_core.verb:set package 'rm_auto_aim' build argument 'catkin_cmake_args' from command line to 'None'
[0.276s] Level 5:colcon.colcon_core.verb:set package 'rm_auto_aim' build argument 'catkin_skip_building_tests' from command line to 'False'
[0.276s] DEBUG:colcon.colcon_core.verb:Building package 'rm_auto_aim' with the following arguments: {'ament_cmake_args': None, 'build_base': '/home/ckl/RM/Combat_vision2026/build/rm_auto_aim', 'catkin_cmake_args': None, 'catkin_skip_building_tests': False, 'cmake_args': None, 'cmake_clean_cache': False, 'cmake_clean_first': False, 'cmake_force_configure': False, 'cmake_target': None, 'cmake_target_skip_unavailable': False, 'install_base': '/home/ckl/RM/Combat_vision2026/install/rm_auto_aim', 'merge_install': False, 'path': '/home/ckl/RM/Combat_vision2026/src/rm_auto_aim/rm_auto_aim', 'symlink_install': False, 'test_result_base': None}
[0.277s] Level 5:colcon.colcon_core.verb:set package 'rm_bringup' build argument 'cmake_args' from command line to 'None'
[0.277s] Level 5:colcon.colcon_core.verb:set package 'rm_bringup' build argument 'cmake_target' from command line to 'None'
[0.277s] Level 5:colcon.colcon_core.verb:set package 'rm_bringup' build argument 'cmake_target_skip_unavailable' from command line to 'False'
[0.277s] Level 5:colcon.colcon_core.verb:set package 'rm_bringup' build argument 'cmake_clean_cache' from command line to 'False'
[0.277s] Level 5:colcon.colcon_core.verb:set package 'rm_bringup' build argument 'cmake_clean_first' from command line to 'False'
[0.277s] Level 5:colcon.colcon_core.verb:set package 'rm_bringup' build argument 'cmake_force_configure' from command line to 'False'
[0.277s] Level 5:colcon.colcon_core.verb:set package 'rm_bringup' build argument 'ament_cmake_args' from command line to 'None'
[0.277s] Level 5:colcon.colcon_core.verb:set package 'rm_bringup' build argument 'catkin_cmake_args' from command line to 'None'
[0.277s] Level 5:colcon.colcon_core.verb:set package 'rm_bringup' build argument 'catkin_skip_building_tests' from command line to 'False'
[0.277s] DEBUG:colcon.colcon_core.verb:Building package 'rm_bringup' with the following arguments: {'ament_cmake_args': None, 'build_base': '/home/ckl/RM/Combat_vision2026/build/rm_bringup', 'catkin_cmake_args': None, 'catkin_skip_building_tests': False, 'cmake_args': None, 'cmake_clean_cache': False, 'cmake_clean_first': False, 'cmake_force_configure': False, 'cmake_target': None, 'cmake_target_skip_unavailable': False, 'install_base': '/home/ckl/RM/Combat_vision2026/install/rm_bringup', 'merge_install': False, 'path': '/home/ckl/RM/Combat_vision2026/src/rm_bringup', 'symlink_install': False, 'test_result_base': None}
[0.277s] INFO:colcon.colcon_core.executor:Executing jobs using 'parallel' executor
[0.278s] DEBUG:colcon.colcon_parallel_executor.executor.parallel:run_until_complete
[0.278s] INFO:colcon.colcon_ros.task.ament_cmake.build:Building ROS package in '/home/ckl/RM/Combat_vision2026/src/rm_interfaces' with build type 'ament_cmake'
[0.278s] INFO:colcon.colcon_cmake.task.cmake.build:Building CMake package in '/home/ckl/RM/Combat_vision2026/src/rm_interfaces'
[0.280s] INFO:colcon.colcon_core.plugin_system:Skipping extension 'colcon_core.shell.bat': Not used on non-Windows systems
[0.280s] INFO:colcon.colcon_core.shell:Skip shell extension 'powershell' for command environment: Not usable outside of PowerShell
[0.280s] DEBUG:colcon.colcon_core.shell:Skip shell extension 'dsv' for command environment
[0.283s] INFO:colcon.colcon_ros.task.ament_cmake.build:Building ROS package in '/home/ckl/RM/Combat_vision2026/src/rm_utils' with build type 'ament_cmake'
[0.283s] INFO:colcon.colcon_cmake.task.cmake.build:Building CMake package in '/home/ckl/RM/Combat_vision2026/src/rm_utils'
[0.283s] INFO:colcon.colcon_core.shell:Skip shell extension 'powershell' for command environment: Not usable outside of PowerShell
[0.283s] DEBUG:colcon.colcon_core.shell:Skip shell extension 'dsv' for command environment
[0.287s] INFO:colcon.colcon_ros.task.ament_cmake.build:Building ROS package in '/home/ckl/RM/Combat_vision2026/src/rm_hardware_driver/ros2_hik_camera' with build type 'ament_cmake'
[0.287s] INFO:colcon.colcon_cmake.task.cmake.build:Building CMake package in '/home/ckl/RM/Combat_vision2026/src/rm_hardware_driver/ros2_hik_camera'
[0.287s] INFO:colcon.colcon_core.shell:Skip shell extension 'powershell' for command environment: Not usable outside of PowerShell
[0.287s] DEBUG:colcon.colcon_core.shell:Skip shell extension 'dsv' for command environment
[0.290s] INFO:colcon.colcon_ros.task.ament_cmake.build:Building ROS package in '/home/ckl/RM/Combat_vision2026/src/rm_robot_description' with build type 'ament_cmake'
[0.291s] INFO:colcon.colcon_cmake.task.cmake.build:Building CMake package in '/home/ckl/RM/Combat_vision2026/src/rm_robot_description'
[0.291s] INFO:colcon.colcon_core.shell:Skip shell extension 'powershell' for command environment: Not usable outside of PowerShell
[0.291s] DEBUG:colcon.colcon_core.shell:Skip shell extension 'dsv' for command environment
[0.299s] DEBUG:colcon.colcon_core.event_handler.log_command:Invoking command in '/home/ckl/RM/Combat_vision2026/build/rm_interfaces': CMAKE_PREFIX_PATH=${CMAKE_PREFIX_PATH}:/opt/ros/humble /usr/bin/cmake --build /home/ckl/RM/Combat_vision2026/build/rm_interfaces -- -j16 -l16
[0.301s] DEBUG:colcon.colcon_core.event_handler.log_command:Invoking command in '/home/ckl/RM/Combat_vision2026/build/rm_utils': CMAKE_PREFIX_PATH=${CMAKE_PREFIX_PATH}:/opt/ros/humble /usr/bin/cmake --build /home/ckl/RM/Combat_vision2026/build/rm_utils -- -j16 -l16
[0.305s] DEBUG:colcon.colcon_core.event_handler.log_command:Invoking command in '/home/ckl/RM/Combat_vision2026/build/hik_camera': CMAKE_PREFIX_PATH=${CMAKE_PREFIX_PATH}:/opt/ros/humble /usr/bin/cmake --build /home/ckl/RM/Combat_vision2026/build/hik_camera -- -j16 -l16
[0.308s] DEBUG:colcon.colcon_core.event_handler.log_command:Invoking command in '/home/ckl/RM/Combat_vision2026/build/rm_robot_description': CMAKE_PREFIX_PATH=${CMAKE_PREFIX_PATH}:/opt/ros/humble /usr/bin/cmake --build /home/ckl/RM/Combat_vision2026/build/rm_robot_description -- -j16 -l16
[0.328s] DEBUG:colcon.colcon_core.event_handler.log_command:Invoked command in '/home/ckl/RM/Combat_vision2026/build/rm_robot_description' returned '0': CMAKE_PREFIX_PATH=${CMAKE_PREFIX_PATH}:/opt/ros/humble /usr/bin/cmake --build /home/ckl/RM/Combat_vision2026/build/rm_robot_description -- -j16 -l16
[0.333s] DEBUG:colcon.colcon_core.event_handler.log_command:Invoking command in '/home/ckl/RM/Combat_vision2026/build/rm_robot_description': CMAKE_PREFIX_PATH=${CMAKE_PREFIX_PATH}:/opt/ros/humble /usr/bin/cmake --install /home/ckl/RM/Combat_vision2026/build/rm_robot_description
[0.338s] Level 1:colcon.colcon_core.environment:create_environment_scripts_only(rm_robot_description)
[0.338s] DEBUG:colcon.colcon_core.event_handler.log_command:Invoked command in '/home/ckl/RM/Combat_vision2026/build/rm_robot_description' returned '0': CMAKE_PREFIX_PATH=${CMAKE_PREFIX_PATH}:/opt/ros/humble /usr/bin/cmake --install /home/ckl/RM/Combat_vision2026/build/rm_robot_description
[0.341s] Level 1:colcon.colcon_core.environment:checking '/home/ckl/RM/Combat_vision2026/install/rm_robot_description' for CMake module files
[0.342s] Level 1:colcon.colcon_core.environment:checking '/home/ckl/RM/Combat_vision2026/install/rm_robot_description' for CMake config files
[0.342s] Level 1:colcon.colcon_core.shell:create_environment_hook('rm_robot_description', 'cmake_prefix_path')
[0.342s] INFO:colcon.colcon_core.shell:Creating environment hook '/home/ckl/RM/Combat_vision2026/install/rm_robot_description/share/rm_robot_description/hook/cmake_prefix_path.ps1'
[0.343s] INFO:colcon.colcon_core.shell:Creating environment descriptor '/home/ckl/RM/Combat_vision2026/install/rm_robot_description/share/rm_robot_description/hook/cmake_prefix_path.dsv'
[0.344s] INFO:colcon.colcon_core.shell:Creating environment hook '/home/ckl/RM/Combat_vision2026/install/rm_robot_description/share/rm_robot_description/hook/cmake_prefix_path.sh'
[0.345s] Level 1:colcon.colcon_core.environment:checking '/home/ckl/RM/Combat_vision2026/install/rm_robot_description/bin'
[0.345s] Level 1:colcon.colcon_core.environment:checking '/home/ckl/RM/Combat_vision2026/install/rm_robot_description/lib/pkgconfig/rm_robot_description.pc'
[0.345s] Level 1:colcon.colcon_core.environment:checking '/home/ckl/RM/Combat_vision2026/install/rm_robot_description/lib/python3.10/site-packages'
[0.345s] Level 1:colcon.colcon_core.environment:checking '/home/ckl/RM/Combat_vision2026/install/rm_robot_description/bin'
[0.346s] INFO:colcon.colcon_core.shell:Creating package script '/home/ckl/RM/Combat_vision2026/install/rm_robot_description/share/rm_robot_description/package.ps1'
[0.347s] INFO:colcon.colcon_core.shell:Creating package descriptor '/home/ckl/RM/Combat_vision2026/install/rm_robot_description/share/rm_robot_description/package.dsv'
[0.347s] INFO:colcon.colcon_core.shell:Creating package script '/home/ckl/RM/Combat_vision2026/install/rm_robot_description/share/rm_robot_description/package.sh'
[0.348s] INFO:colcon.colcon_core.shell:Creating package script '/home/ckl/RM/Combat_vision2026/install/rm_robot_description/share/rm_robot_description/package.bash'
[0.349s] INFO:colcon.colcon_core.shell:Creating package script '/home/ckl/RM/Combat_vision2026/install/rm_robot_description/share/rm_robot_description/package.zsh'
[0.349s] Level 1:colcon.colcon_core.environment:create_file_with_runtime_dependencies(/home/ckl/RM/Combat_vision2026/install/rm_robot_description/share/colcon-core/packages/rm_robot_description)
[0.350s] Level 1:colcon.colcon_core.environment:create_environment_scripts_only(rm_robot_description)
[0.350s] Level 1:colcon.colcon_core.environment:checking '/home/ckl/RM/Combat_vision2026/install/rm_robot_description' for CMake module files
[0.351s] Level 1:colcon.colcon_core.environment:checking '/home/ckl/RM/Combat_vision2026/install/rm_robot_description' for CMake config files
[0.351s] Level 1:colcon.colcon_core.shell:create_environment_hook('rm_robot_description', 'cmake_prefix_path')
[0.351s] INFO:colcon.colcon_core.shell:Creating environment hook '/home/ckl/RM/Combat_vision2026/install/rm_robot_description/share/rm_robot_description/hook/cmake_prefix_path.ps1'
[0.352s] INFO:colcon.colcon_core.shell:Creating environment descriptor '/home/ckl/RM/Combat_vision2026/install/rm_robot_description/share/rm_robot_description/hook/cmake_prefix_path.dsv'
[0.352s] INFO:colcon.colcon_core.shell:Creating environment hook '/home/ckl/RM/Combat_vision2026/install/rm_robot_description/share/rm_robot_description/hook/cmake_prefix_path.sh'
[0.352s] Level 1:colcon.colcon_core.environment:checking '/home/ckl/RM/Combat_vision2026/install/rm_robot_description/bin'
[0.353s] Level 1:colcon.colcon_core.environment:checking '/home/ckl/RM/Combat_vision2026/install/rm_robot_description/lib/pkgconfig/rm_robot_description.pc'
[0.353s] Level 1:colcon.colcon_core.environment:checking '/home/ckl/RM/Combat_vision2026/install/rm_robot_description/lib/python3.10/site-packages'
[0.353s] Level 1:colcon.colcon_core.environment:checking '/home/ckl/RM/Combat_vision2026/install/rm_robot_description/bin'
[0.353s] INFO:colcon.colcon_core.shell:Creating package script '/home/ckl/RM/Combat_vision2026/install/rm_robot_description/share/rm_robot_description/package.ps1'
[0.354s] INFO:colcon.colcon_core.shell:Creating package descriptor '/home/ckl/RM/Combat_vision2026/install/rm_robot_description/share/rm_robot_description/package.dsv'
[0.354s] INFO:colcon.colcon_core.shell:Creating package script '/home/ckl/RM/Combat_vision2026/install/rm_robot_description/share/rm_robot_description/package.sh'
[0.355s] INFO:colcon.colcon_core.shell:Creating package script '/home/ckl/RM/Combat_vision2026/install/rm_robot_description/share/rm_robot_description/package.bash'
[0.355s] INFO:colcon.colcon_core.shell:Creating package script '/home/ckl/RM/Combat_vision2026/install/rm_robot_description/share/rm_robot_description/package.zsh'
[0.356s] Level 1:colcon.colcon_core.environment:create_file_with_runtime_dependencies(/home/ckl/RM/Combat_vision2026/install/rm_robot_description/share/colcon-core/packages/rm_robot_description)
[0.357s] DEBUG:colcon.colcon_core.event_handler.log_command:Invoked command in '/home/ckl/RM/Combat_vision2026/build/rm_utils' returned '0': CMAKE_PREFIX_PATH=${CMAKE_PREFIX_PATH}:/opt/ros/humble /usr/bin/cmake --build /home/ckl/RM/Combat_vision2026/build/rm_utils -- -j16 -l16
[0.359s] DEBUG:colcon.colcon_core.event_handler.log_command:Invoking command in '/home/ckl/RM/Combat_vision2026/build/rm_utils': CMAKE_PREFIX_PATH=${CMAKE_PREFIX_PATH}:/opt/ros/humble /usr/bin/cmake --install /home/ckl/RM/Combat_vision2026/build/rm_utils
[0.359s] DEBUG:colcon.colcon_core.event_handler.log_command:Invoked command in '/home/ckl/RM/Combat_vision2026/build/hik_camera' returned '0': CMAKE_PREFIX_PATH=${CMAKE_PREFIX_PATH}:/opt/ros/humble /usr/bin/cmake --build /home/ckl/RM/Combat_vision2026/build/hik_camera -- -j16 -l16
[0.361s] DEBUG:colcon.colcon_core.event_handler.log_command:Invoking command in '/home/ckl/RM/Combat_vision2026/build/hik_camera': CMAKE_PREFIX_PATH=${CMAKE_PREFIX_PATH}:/opt/ros/humble /usr/bin/cmake --install /home/ckl/RM/Combat_vision2026/build/hik_camera
[0.366s] Level 1:colcon.colcon_core.environment:create_environment_scripts_only(rm_utils)
[0.367s] Level 1:colcon.colcon_core.environment:checking '/home/ckl/RM/Combat_vision2026/install/rm_utils' for CMake module files
[0.368s] DEBUG:colcon.colcon_core.event_handler.log_command:Invoked command in '/home/ckl/RM/Combat_vision2026/build/rm_utils' returned '0': CMAKE_PREFIX_PATH=${CMAKE_PREFIX_PATH}:/opt/ros/humble /usr/bin/cmake --install /home/ckl/RM/Combat_vision2026/build/rm_utils
[0.368s] Level 1:colcon.colcon_core.environment:checking '/home/ckl/RM/Combat_vision2026/install/rm_utils' for CMake config files
[0.369s] Level 1:colcon.colcon_core.shell:create_environment_hook('rm_utils', 'cmake_prefix_path')
[0.369s] INFO:colcon.colcon_core.shell:Creating environment hook '/home/ckl/RM/Combat_vision2026/install/rm_utils/share/rm_utils/hook/cmake_prefix_path.ps1'
[0.369s] INFO:colcon.colcon_core.shell:Creating environment descriptor '/home/ckl/RM/Combat_vision2026/install/rm_utils/share/rm_utils/hook/cmake_prefix_path.dsv'
[0.369s] INFO:colcon.colcon_core.shell:Creating environment hook '/home/ckl/RM/Combat_vision2026/install/rm_utils/share/rm_utils/hook/cmake_prefix_path.sh'
[0.370s] Level 1:colcon.colcon_core.environment:checking '/home/ckl/RM/Combat_vision2026/install/rm_utils/lib'
[0.370s] Level 1:colcon.colcon_core.shell:create_environment_hook('rm_utils', 'ld_library_path_lib')
[0.370s] INFO:colcon.colcon_core.shell:Creating environment hook '/home/ckl/RM/Combat_vision2026/install/rm_utils/share/rm_utils/hook/ld_library_path_lib.ps1'
[0.371s] INFO:colcon.colcon_core.shell:Creating environment descriptor '/home/ckl/RM/Combat_vision2026/install/rm_utils/share/rm_utils/hook/ld_library_path_lib.dsv'
[0.371s] INFO:colcon.colcon_core.shell:Creating environment hook '/home/ckl/RM/Combat_vision2026/install/rm_utils/share/rm_utils/hook/ld_library_path_lib.sh'
[0.371s] Level 1:colcon.colcon_core.environment:checking '/home/ckl/RM/Combat_vision2026/install/rm_utils/bin'
[0.371s] Level 1:colcon.colcon_core.environment:checking '/home/ckl/RM/Combat_vision2026/install/rm_utils/lib/pkgconfig/rm_utils.pc'
[0.372s] Level 1:colcon.colcon_core.environment:checking '/home/ckl/RM/Combat_vision2026/install/rm_utils/lib/python3.10/site-packages'
[0.372s] Level 1:colcon.colcon_core.environment:checking '/home/ckl/RM/Combat_vision2026/install/rm_utils/bin'
[0.372s] INFO:colcon.colcon_core.shell:Creating package script '/home/ckl/RM/Combat_vision2026/install/rm_utils/share/rm_utils/package.ps1'
[0.373s] INFO:colcon.colcon_core.shell:Creating package descriptor '/home/ckl/RM/Combat_vision2026/install/rm_utils/share/rm_utils/package.dsv'
[0.373s] INFO:colcon.colcon_core.shell:Creating package script '/home/ckl/RM/Combat_vision2026/install/rm_utils/share/rm_utils/package.sh'
[0.373s] INFO:colcon.colcon_core.shell:Creating package script '/home/ckl/RM/Combat_vision2026/install/rm_utils/share/rm_utils/package.bash'
[0.374s] INFO:colcon.colcon_core.shell:Creating package script '/home/ckl/RM/Combat_vision2026/install/rm_utils/share/rm_utils/package.zsh'
[0.374s] Level 1:colcon.colcon_core.environment:create_file_with_runtime_dependencies(/home/ckl/RM/Combat_vision2026/install/rm_utils/share/colcon-core/packages/rm_utils)
[0.375s] Level 1:colcon.colcon_core.environment:create_environment_scripts_only(rm_utils)
[0.375s] Level 1:colcon.colcon_core.environment:checking '/home/ckl/RM/Combat_vision2026/install/rm_utils' for CMake module files
[0.375s] Level 1:colcon.colcon_core.environment:checking '/home/ckl/RM/Combat_vision2026/install/rm_utils' for CMake config files
[0.376s] Level 1:colcon.colcon_core.shell:create_environment_hook('rm_utils', 'cmake_prefix_path')
[0.376s] INFO:colcon.colcon_core.shell:Creating environment hook '/home/ckl/RM/Combat_vision2026/install/rm_utils/share/rm_utils/hook/cmake_prefix_path.ps1'
[0.376s] INFO:colcon.colcon_core.shell:Creating environment descriptor '/home/ckl/RM/Combat_vision2026/install/rm_utils/share/rm_utils/hook/cmake_prefix_path.dsv'
[0.377s] INFO:colcon.colcon_core.shell:Creating environment hook '/home/ckl/RM/Combat_vision2026/install/rm_utils/share/rm_utils/hook/cmake_prefix_path.sh'
[0.377s] Level 1:colcon.colcon_core.environment:checking '/home/ckl/RM/Combat_vision2026/install/rm_utils/lib'
[0.377s] Level 1:colcon.colcon_core.shell:create_environment_hook('rm_utils', 'ld_library_path_lib')
[0.377s] INFO:colcon.colcon_core.shell:Creating environment hook '/home/ckl/RM/Combat_vision2026/install/rm_utils/share/rm_utils/hook/ld_library_path_lib.ps1'
[0.378s] INFO:colcon.colcon_core.shell:Creating environment descriptor '/home/ckl/RM/Combat_vision2026/install/rm_utils/share/rm_utils/hook/ld_library_path_lib.dsv'
[0.378s] INFO:colcon.colcon_core.shell:Creating environment hook '/home/ckl/RM/Combat_vision2026/install/rm_utils/share/rm_utils/hook/ld_library_path_lib.sh'
[0.379s] Level 1:colcon.colcon_core.environment:checking '/home/ckl/RM/Combat_vision2026/install/rm_utils/bin'
[0.379s] Level 1:colcon.colcon_core.environment:checking '/home/ckl/RM/Combat_vision2026/install/rm_utils/lib/pkgconfig/rm_utils.pc'
[0.379s] Level 1:colcon.colcon_core.environment:checking '/home/ckl/RM/Combat_vision2026/install/rm_utils/lib/python3.10/site-packages'
[0.379s] Level 1:colcon.colcon_core.environment:checking '/home/ckl/RM/Combat_vision2026/install/rm_utils/bin'
[0.379s] INFO:colcon.colcon_core.shell:Creating package script '/home/ckl/RM/Combat_vision2026/install/rm_utils/share/rm_utils/package.ps1'
[0.380s] INFO:colcon.colcon_core.shell:Creating package descriptor '/home/ckl/RM/Combat_vision2026/install/rm_utils/share/rm_utils/package.dsv'
[0.380s] INFO:colcon.colcon_core.shell:Creating package script '/home/ckl/RM/Combat_vision2026/install/rm_utils/share/rm_utils/package.sh'
[0.381s] INFO:colcon.colcon_core.shell:Creating package script '/home/ckl/RM/Combat_vision2026/install/rm_utils/share/rm_utils/package.bash'
[0.381s] INFO:colcon.colcon_core.shell:Creating package script '/home/ckl/RM/Combat_vision2026/install/rm_utils/share/rm_utils/package.zsh'
[0.381s] Level 1:colcon.colcon_core.environment:create_file_with_runtime_dependencies(/home/ckl/RM/Combat_vision2026/install/rm_utils/share/colcon-core/packages/rm_utils)
[0.382s] Level 1:colcon.colcon_core.environment:create_environment_scripts_only(hik_camera)
[0.382s] Level 1:colcon.colcon_core.environment:checking '/home/ckl/RM/Combat_vision2026/install/hik_camera' for CMake module files
[0.383s] DEBUG:colcon.colcon_core.event_handler.log_command:Invoked command in '/home/ckl/RM/Combat_vision2026/build/hik_camera' returned '0': CMAKE_PREFIX_PATH=${CMAKE_PREFIX_PATH}:/opt/ros/humble /usr/bin/cmake --install /home/ckl/RM/Combat_vision2026/build/hik_camera
[0.383s] Level 1:colcon.colcon_core.environment:checking '/home/ckl/RM/Combat_vision2026/install/hik_camera' for CMake config files
[0.384s] Level 1:colcon.colcon_core.shell:create_environment_hook('hik_camera', 'cmake_prefix_path')
[0.384s] INFO:colcon.colcon_core.shell:Creating environment hook '/home/ckl/RM/Combat_vision2026/install/hik_camera/share/hik_camera/hook/cmake_prefix_path.ps1'
[0.384s] INFO:colcon.colcon_core.shell:Creating environment descriptor '/home/ckl/RM/Combat_vision2026/install/hik_camera/share/hik_camera/hook/cmake_prefix_path.dsv'
[0.385s] INFO:colcon.colcon_core.shell:Creating environment hook '/home/ckl/RM/Combat_vision2026/install/hik_camera/share/hik_camera/hook/cmake_prefix_path.sh'
[0.385s] Level 1:colcon.colcon_core.environment:checking '/home/ckl/RM/Combat_vision2026/install/hik_camera/lib'
[0.385s] Level 1:colcon.colcon_core.shell:create_environment_hook('hik_camera', 'ld_library_path_lib')
[0.385s] INFO:colcon.colcon_core.shell:Creating environment hook '/home/ckl/RM/Combat_vision2026/install/hik_camera/share/hik_camera/hook/ld_library_path_lib.ps1'
[0.386s] INFO:colcon.colcon_core.shell:Creating environment descriptor '/home/ckl/RM/Combat_vision2026/install/hik_camera/share/hik_camera/hook/ld_library_path_lib.dsv'
[0.386s] INFO:colcon.colcon_core.shell:Creating environment hook '/home/ckl/RM/Combat_vision2026/install/hik_camera/share/hik_camera/hook/ld_library_path_lib.sh'
[0.386s] Level 1:colcon.colcon_core.environment:checking '/home/ckl/RM/Combat_vision2026/install/hik_camera/bin'
[0.387s] Level 1:colcon.colcon_core.environment:checking '/home/ckl/RM/Combat_vision2026/install/hik_camera/lib/pkgconfig/hik_camera.pc'
[0.387s] Level 1:colcon.colcon_core.environment:checking '/home/ckl/RM/Combat_vision2026/install/hik_camera/lib/python3.10/site-packages'
[0.387s] Level 1:colcon.colcon_core.environment:checking '/home/ckl/RM/Combat_vision2026/install/hik_camera/bin'
[0.387s] INFO:colcon.colcon_core.shell:Creating package script '/home/ckl/RM/Combat_vision2026/install/hik_camera/share/hik_camera/package.ps1'
[0.388s] INFO:colcon.colcon_core.shell:Creating package descriptor '/home/ckl/RM/Combat_vision2026/install/hik_camera/share/hik_camera/package.dsv'
[0.388s] INFO:colcon.colcon_core.shell:Creating package script '/home/ckl/RM/Combat_vision2026/install/hik_camera/share/hik_camera/package.sh'
[0.388s] INFO:colcon.colcon_core.shell:Creating package script '/home/ckl/RM/Combat_vision2026/install/hik_camera/share/hik_camera/package.bash'
[0.389s] INFO:colcon.colcon_core.shell:Creating package script '/home/ckl/RM/Combat_vision2026/install/hik_camera/share/hik_camera/package.zsh'
[0.389s] Level 1:colcon.colcon_core.environment:create_file_with_runtime_dependencies(/home/ckl/RM/Combat_vision2026/install/hik_camera/share/colcon-core/packages/hik_camera)
[0.389s] Level 1:colcon.colcon_core.environment:create_environment_scripts_only(hik_camera)
[0.389s] Level 1:colcon.colcon_core.environment:checking '/home/ckl/RM/Combat_vision2026/install/hik_camera' for CMake module files
[0.390s] Level 1:colcon.colcon_core.environment:checking '/home/ckl/RM/Combat_vision2026/install/hik_camera' for CMake config files
[0.390s] Level 1:colcon.colcon_core.shell:create_environment_hook('hik_camera', 'cmake_prefix_path')
[0.390s] INFO:colcon.colcon_core.shell:Creating environment hook '/home/ckl/RM/Combat_vision2026/install/hik_camera/share/hik_camera/hook/cmake_prefix_path.ps1'
[0.391s] INFO:colcon.colcon_core.shell:Creating environment descriptor '/home/ckl/RM/Combat_vision2026/install/hik_camera/share/hik_camera/hook/cmake_prefix_path.dsv'
[0.391s] INFO:colcon.colcon_core.shell:Creating environment hook '/home/ckl/RM/Combat_vision2026/install/hik_camera/share/hik_camera/hook/cmake_prefix_path.sh'
[0.392s] Level 1:colcon.colcon_core.environment:checking '/home/ckl/RM/Combat_vision2026/install/hik_camera/lib'
[0.392s] Level 1:colcon.colcon_core.shell:create_environment_hook('hik_camera', 'ld_library_path_lib')
[0.392s] INFO:colcon.colcon_core.shell:Creating environment hook '/home/ckl/RM/Combat_vision2026/install/hik_camera/share/hik_camera/hook/ld_library_path_lib.ps1'
[0.392s] INFO:colcon.colcon_core.shell:Creating environment descriptor '/home/ckl/RM/Combat_vision2026/install/hik_camera/share/hik_camera/hook/ld_library_path_lib.dsv'
[0.393s] INFO:colcon.colcon_core.shell:Creating environment hook '/home/ckl/RM/Combat_vision2026/install/hik_camera/share/hik_camera/hook/ld_library_path_lib.sh'
[0.393s] Level 1:colcon.colcon_core.environment:checking '/home/ckl/RM/Combat_vision2026/install/hik_camera/bin'
[0.393s] Level 1:colcon.colcon_core.environment:checking '/home/ckl/RM/Combat_vision2026/install/hik_camera/lib/pkgconfig/hik_camera.pc'
[0.393s] Level 1:colcon.colcon_core.environment:checking '/home/ckl/RM/Combat_vision2026/install/hik_camera/lib/python3.10/site-packages'
[0.393s] Level 1:colcon.colcon_core.environment:checking '/home/ckl/RM/Combat_vision2026/install/hik_camera/bin'
[0.394s] INFO:colcon.colcon_core.shell:Creating package script '/home/ckl/RM/Combat_vision2026/install/hik_camera/share/hik_camera/package.ps1'
[0.394s] INFO:colcon.colcon_core.shell:Creating package descriptor '/home/ckl/RM/Combat_vision2026/install/hik_camera/share/hik_camera/package.dsv'
[0.394s] INFO:colcon.colcon_core.shell:Creating package script '/home/ckl/RM/Combat_vision2026/install/hik_camera/share/hik_camera/package.sh'
[0.395s] INFO:colcon.colcon_core.shell:Creating package script '/home/ckl/RM/Combat_vision2026/install/hik_camera/share/hik_camera/package.bash'
[0.395s] INFO:colcon.colcon_core.shell:Creating package script '/home/ckl/RM/Combat_vision2026/install/hik_camera/share/hik_camera/package.zsh'
[0.395s] Level 1:colcon.colcon_core.environment:create_file_with_runtime_dependencies(/home/ckl/RM/Combat_vision2026/install/hik_camera/share/colcon-core/packages/hik_camera)
[0.569s] DEBUG:colcon.colcon_core.event_handler.log_command:Invoked command in '/home/ckl/RM/Combat_vision2026/build/rm_interfaces' returned '0': CMAKE_PREFIX_PATH=${CMAKE_PREFIX_PATH}:/opt/ros/humble /usr/bin/cmake --build /home/ckl/RM/Combat_vision2026/build/rm_interfaces -- -j16 -l16
[0.571s] DEBUG:colcon.colcon_core.event_handler.log_command:Invoking command in '/home/ckl/RM/Combat_vision2026/build/rm_interfaces': CMAKE_PREFIX_PATH=${CMAKE_PREFIX_PATH}:/opt/ros/humble /usr/bin/cmake --install /home/ckl/RM/Combat_vision2026/build/rm_interfaces
[0.632s] Level 1:colcon.colcon_core.environment:create_environment_scripts_only(rm_interfaces)
[0.633s] Level 1:colcon.colcon_core.environment:checking '/home/ckl/RM/Combat_vision2026/install/rm_interfaces' for CMake module files
[0.633s] DEBUG:colcon.colcon_core.event_handler.log_command:Invoked command in '/home/ckl/RM/Combat_vision2026/build/rm_interfaces' returned '0': CMAKE_PREFIX_PATH=${CMAKE_PREFIX_PATH}:/opt/ros/humble /usr/bin/cmake --install /home/ckl/RM/Combat_vision2026/build/rm_interfaces
[0.634s] Level 1:colcon.colcon_core.environment:checking '/home/ckl/RM/Combat_vision2026/install/rm_interfaces' for CMake config files
[0.635s] Level 1:colcon.colcon_core.shell:create_environment_hook('rm_interfaces', 'cmake_prefix_path')
[0.635s] INFO:colcon.colcon_core.shell:Creating environment hook '/home/ckl/RM/Combat_vision2026/install/rm_interfaces/share/rm_interfaces/hook/cmake_prefix_path.ps1'
[0.635s] INFO:colcon.colcon_core.shell:Creating environment descriptor '/home/ckl/RM/Combat_vision2026/install/rm_interfaces/share/rm_interfaces/hook/cmake_prefix_path.dsv'
[0.635s] INFO:colcon.colcon_core.shell:Creating environment hook '/home/ckl/RM/Combat_vision2026/install/rm_interfaces/share/rm_interfaces/hook/cmake_prefix_path.sh'
[0.636s] Level 1:colcon.colcon_core.environment:checking '/home/ckl/RM/Combat_vision2026/install/rm_interfaces/lib'
[0.636s] Level 1:colcon.colcon_core.shell:create_environment_hook('rm_interfaces', 'ld_library_path_lib')
[0.636s] INFO:colcon.colcon_core.shell:Creating environment hook '/home/ckl/RM/Combat_vision2026/install/rm_interfaces/share/rm_interfaces/hook/ld_library_path_lib.ps1'
[0.636s] INFO:colcon.colcon_core.shell:Creating environment descriptor '/home/ckl/RM/Combat_vision2026/install/rm_interfaces/share/rm_interfaces/hook/ld_library_path_lib.dsv'
[0.636s] INFO:colcon.colcon_core.shell:Creating environment hook '/home/ckl/RM/Combat_vision2026/install/rm_interfaces/share/rm_interfaces/hook/ld_library_path_lib.sh'
[0.637s] Level 1:colcon.colcon_core.environment:checking '/home/ckl/RM/Combat_vision2026/install/rm_interfaces/bin'
[0.637s] Level 1:colcon.colcon_core.environment:checking '/home/ckl/RM/Combat_vision2026/install/rm_interfaces/lib/pkgconfig/rm_interfaces.pc'
[0.637s] Level 1:colcon.colcon_core.environment:checking '/home/ckl/RM/Combat_vision2026/install/rm_interfaces/lib/python3.10/site-packages'
[0.637s] Level 1:colcon.colcon_core.environment:checking '/home/ckl/RM/Combat_vision2026/install/rm_interfaces/bin'
[0.637s] INFO:colcon.colcon_core.shell:Creating package script '/home/ckl/RM/Combat_vision2026/install/rm_interfaces/share/rm_interfaces/package.ps1'
[0.638s] INFO:colcon.colcon_core.shell:Creating package descriptor '/home/ckl/RM/Combat_vision2026/install/rm_interfaces/share/rm_interfaces/package.dsv'
[0.638s] INFO:colcon.colcon_core.shell:Creating package script '/home/ckl/RM/Combat_vision2026/install/rm_interfaces/share/rm_interfaces/package.sh'
[0.638s] INFO:colcon.colcon_core.shell:Creating package script '/home/ckl/RM/Combat_vision2026/install/rm_interfaces/share/rm_interfaces/package.bash'
[0.638s] INFO:colcon.colcon_core.shell:Creating package script '/home/ckl/RM/Combat_vision2026/install/rm_interfaces/share/rm_interfaces/package.zsh'
[0.639s] Level 1:colcon.colcon_core.environment:create_file_with_runtime_dependencies(/home/ckl/RM/Combat_vision2026/install/rm_interfaces/share/colcon-core/packages/rm_interfaces)
[0.639s] Level 1:colcon.colcon_core.environment:create_environment_scripts_only(rm_interfaces)
[0.640s] Level 1:colcon.colcon_core.environment:checking '/home/ckl/RM/Combat_vision2026/install/rm_interfaces' for CMake module files
[0.641s] Level 1:colcon.colcon_core.environment:checking '/home/ckl/RM/Combat_vision2026/install/rm_interfaces' for CMake config files
[0.642s] Level 1:colcon.colcon_core.shell:create_environment_hook('rm_interfaces', 'cmake_prefix_path')
[0.642s] INFO:colcon.colcon_core.shell:Creating environment hook '/home/ckl/RM/Combat_vision2026/install/rm_interfaces/share/rm_interfaces/hook/cmake_prefix_path.ps1'
[0.642s] INFO:colcon.colcon_core.shell:Creating environment descriptor '/home/ckl/RM/Combat_vision2026/install/rm_interfaces/share/rm_interfaces/hook/cmake_prefix_path.dsv'
[0.642s] INFO:colcon.colcon_core.shell:Creating environment hook '/home/ckl/RM/Combat_vision2026/install/rm_interfaces/share/rm_interfaces/hook/cmake_prefix_path.sh'
[0.643s] Level 1:colcon.colcon_core.environment:checking '/home/ckl/RM/Combat_vision2026/install/rm_interfaces/lib'
[0.643s] Level 1:colcon.colcon_core.shell:create_environment_hook('rm_interfaces', 'ld_library_path_lib')
[0.643s] INFO:colcon.colcon_core.shell:Creating environment hook '/home/ckl/RM/Combat_vision2026/install/rm_interfaces/share/rm_interfaces/hook/ld_library_path_lib.ps1'
[0.643s] INFO:colcon.colcon_core.shell:Creating environment descriptor '/home/ckl/RM/Combat_vision2026/install/rm_interfaces/share/rm_interfaces/hook/ld_library_path_lib.dsv'
[0.643s] INFO:colcon.colcon_core.shell:Creating environment hook '/home/ckl/RM/Combat_vision2026/install/rm_interfaces/share/rm_interfaces/hook/ld_library_path_lib.sh'
[0.644s] Level 1:colcon.colcon_core.environment:checking '/home/ckl/RM/Combat_vision2026/install/rm_interfaces/bin'
[0.644s] Level 1:colcon.colcon_core.environment:checking '/home/ckl/RM/Combat_vision2026/install/rm_interfaces/lib/pkgconfig/rm_interfaces.pc'
[0.644s] Level 1:colcon.colcon_core.environment:checking '/home/ckl/RM/Combat_vision2026/install/rm_interfaces/lib/python3.10/site-packages'
[0.644s] Level 1:colcon.colcon_core.environment:checking '/home/ckl/RM/Combat_vision2026/install/rm_interfaces/bin'
[0.644s] INFO:colcon.colcon_core.shell:Creating package script '/home/ckl/RM/Combat_vision2026/install/rm_interfaces/share/rm_interfaces/package.ps1'
[0.645s] INFO:colcon.colcon_core.shell:Creating package descriptor '/home/ckl/RM/Combat_vision2026/install/rm_interfaces/share/rm_interfaces/package.dsv'
[0.645s] INFO:colcon.colcon_core.shell:Creating package script '/home/ckl/RM/Combat_vision2026/install/rm_interfaces/share/rm_interfaces/package.sh'
[0.645s] INFO:colcon.colcon_core.shell:Creating package script '/home/ckl/RM/Combat_vision2026/install/rm_interfaces/share/rm_interfaces/package.bash'
[0.645s] INFO:colcon.colcon_core.shell:Creating package script '/home/ckl/RM/Combat_vision2026/install/rm_interfaces/share/rm_interfaces/package.zsh'
[0.646s] Level 1:colcon.colcon_core.environment:create_file_with_runtime_dependencies(/home/ckl/RM/Combat_vision2026/install/rm_interfaces/share/colcon-core/packages/rm_interfaces)
[0.646s] INFO:colcon.colcon_ros.task.ament_cmake.build:Building ROS package in '/home/ckl/RM/Combat_vision2026/src/rm_auto_aim/armor_detector' with build type 'ament_cmake'
[0.646s] INFO:colcon.colcon_cmake.task.cmake.build:Building CMake package in '/home/ckl/RM/Combat_vision2026/src/rm_auto_aim/armor_detector'
[0.646s] INFO:colcon.colcon_core.shell:Skip shell extension 'powershell' for command environment: Not usable outside of PowerShell
[0.646s] DEBUG:colcon.colcon_core.shell:Skip shell extension 'dsv' for command environment
[0.650s] INFO:colcon.colcon_ros.task.ament_cmake.build:Building ROS package in '/home/ckl/RM/Combat_vision2026/src/rm_auto_aim/armor_solver' with build type 'ament_cmake'
[0.650s] INFO:colcon.colcon_cmake.task.cmake.build:Building CMake package in '/home/ckl/RM/Combat_vision2026/src/rm_auto_aim/armor_solver'
[0.650s] INFO:colcon.colcon_core.shell:Skip shell extension 'powershell' for command environment: Not usable outside of PowerShell
[0.650s] DEBUG:colcon.colcon_core.shell:Skip shell extension 'dsv' for command environment
[0.654s] INFO:colcon.colcon_ros.task.ament_cmake.build:Building ROS package in '/home/ckl/RM/Combat_vision2026/src/rm_hardware_driver/rm_serial_driver' with build type 'ament_cmake'
[0.654s] INFO:colcon.colcon_cmake.task.cmake.build:Building CMake package in '/home/ckl/RM/Combat_vision2026/src/rm_hardware_driver/rm_serial_driver'
[0.655s] INFO:colcon.colcon_core.shell:Skip shell extension 'powershell' for command environment: Not usable outside of PowerShell
[0.655s] DEBUG:colcon.colcon_core.shell:Skip shell extension 'dsv' for command environment
[0.662s] DEBUG:colcon.colcon_core.event_handler.log_command:Invoking command in '/home/ckl/RM/Combat_vision2026/build/armor_detector': CMAKE_PREFIX_PATH=/home/ckl/RM/Combat_vision2026/install/rm_utils:/home/ckl/RM/Combat_vision2026/install/rm_interfaces:/home/ckl/RM/Combat_vision2026/install/rm_bringup:/home/ckl/RM/Combat_vision2026/install/rm_serial_driver:/home/ckl/RM/Combat_vision2026/install/rm_auto_aim:/home/ckl/RM/Combat_vision2026/install/armor_solver:/home/ckl/RM/Combat_vision2026/install/armor_detector:/home/ckl/RM/Combat_vision2026/install/rm_robot_description:/home/ckl/RM/Combat_vision2026/install/hik_camera:/opt/ros/humble LD_LIBRARY_PATH=/home/ckl/RM/Combat_vision2026/install/rm_utils/lib:/home/ckl/RM/Combat_vision2026/install/rm_interfaces/lib:/home/ckl/RM/Combat_vision2026/install/rm_serial_driver/lib:/home/ckl/RM/Combat_vision2026/install/armor_solver/lib:/home/ckl/RM/Combat_vision2026/install/armor_detector/lib:/home/ckl/RM/Combat_vision2026/install/hik_camera/lib:/opt/MVS/lib/64:/opt/MVS/lib/32:/opt/MVS/lib/64:/opt/MVS/lib/32:/opt/MVS/lib/64:/opt/MVS/lib/32:/opt/ros/humble/opt/rviz_ogre_vendor/lib:/opt/ros/humble/lib/x86_64-linux-gnu:/opt/ros/humble/lib:/opt/MVS/lib/64:/opt/MVS/lib/32:/opt/MVS/lib/64:/opt/MVS/lib/32:/opt/MVS/lib/64:/opt/MVS/lib/32 /usr/bin/cmake --build /home/ckl/RM/Combat_vision2026/build/armor_detector -- -j16 -l16
[0.664s] DEBUG:colcon.colcon_core.event_handler.log_command:Invoking command in '/home/ckl/RM/Combat_vision2026/build/armor_solver': CMAKE_PREFIX_PATH=/home/ckl/RM/Combat_vision2026/install/rm_utils:/home/ckl/RM/Combat_vision2026/install/rm_interfaces:/home/ckl/RM/Combat_vision2026/install/rm_bringup:/home/ckl/RM/Combat_vision2026/install/rm_serial_driver:/home/ckl/RM/Combat_vision2026/install/rm_auto_aim:/home/ckl/RM/Combat_vision2026/install/armor_solver:/home/ckl/RM/Combat_vision2026/install/armor_detector:/home/ckl/RM/Combat_vision2026/install/rm_robot_description:/home/ckl/RM/Combat_vision2026/install/hik_camera:/opt/ros/humble LD_LIBRARY_PATH=/home/ckl/RM/Combat_vision2026/install/rm_utils/lib:/home/ckl/RM/Combat_vision2026/install/rm_interfaces/lib:/home/ckl/RM/Combat_vision2026/install/rm_serial_driver/lib:/home/ckl/RM/Combat_vision2026/install/armor_solver/lib:/home/ckl/RM/Combat_vision2026/install/armor_detector/lib:/home/ckl/RM/Combat_vision2026/install/hik_camera/lib:/opt/MVS/lib/64:/opt/MVS/lib/32:/opt/MVS/lib/64:/opt/MVS/lib/32:/opt/MVS/lib/64:/opt/MVS/lib/32:/opt/ros/humble/opt/rviz_ogre_vendor/lib:/opt/ros/humble/lib/x86_64-linux-gnu:/opt/ros/humble/lib:/opt/MVS/lib/64:/opt/MVS/lib/32:/opt/MVS/lib/64:/opt/MVS/lib/32:/opt/MVS/lib/64:/opt/MVS/lib/32 /usr/bin/cmake --build /home/ckl/RM/Combat_vision2026/build/armor_solver -- -j16 -l16
[0.668s] DEBUG:colcon.colcon_core.event_handler.log_command:Invoking command in '/home/ckl/RM/Combat_vision2026/build/rm_serial_driver': CMAKE_PREFIX_PATH=/home/ckl/RM/Combat_vision2026/install/rm_utils:/home/ckl/RM/Combat_vision2026/install/rm_interfaces:/home/ckl/RM/Combat_vision2026/install/rm_bringup:/home/ckl/RM/Combat_vision2026/install/rm_serial_driver:/home/ckl/RM/Combat_vision2026/install/rm_auto_aim:/home/ckl/RM/Combat_vision2026/install/armor_solver:/home/ckl/RM/Combat_vision2026/install/armor_detector:/home/ckl/RM/Combat_vision2026/install/rm_robot_description:/home/ckl/RM/Combat_vision2026/install/hik_camera:/opt/ros/humble LD_LIBRARY_PATH=/home/ckl/RM/Combat_vision2026/install/rm_utils/lib:/home/ckl/RM/Combat_vision2026/install/rm_interfaces/lib:/home/ckl/RM/Combat_vision2026/install/rm_serial_driver/lib:/home/ckl/RM/Combat_vision2026/install/armor_solver/lib:/home/ckl/RM/Combat_vision2026/install/armor_detector/lib:/home/ckl/RM/Combat_vision2026/install/hik_camera/lib:/opt/MVS/lib/64:/opt/MVS/lib/32:/opt/MVS/lib/64:/opt/MVS/lib/32:/opt/MVS/lib/64:/opt/MVS/lib/32:/opt/ros/humble/opt/rviz_ogre_vendor/lib:/opt/ros/humble/lib/x86_64-linux-gnu:/opt/ros/humble/lib:/opt/MVS/lib/64:/opt/MVS/lib/32:/opt/MVS/lib/64:/opt/MVS/lib/32:/opt/MVS/lib/64:/opt/MVS/lib/32 /usr/bin/cmake --build /home/ckl/RM/Combat_vision2026/build/rm_serial_driver -- -j16 -l16
[0.725s] DEBUG:colcon.colcon_core.event_handler.log_command:Invoked command in '/home/ckl/RM/Combat_vision2026/build/armor_solver' returned '0': CMAKE_PREFIX_PATH=/home/ckl/RM/Combat_vision2026/install/rm_utils:/home/ckl/RM/Combat_vision2026/install/rm_interfaces:/home/ckl/RM/Combat_vision2026/install/rm_bringup:/home/ckl/RM/Combat_vision2026/install/rm_serial_driver:/home/ckl/RM/Combat_vision2026/install/rm_auto_aim:/home/ckl/RM/Combat_vision2026/install/armor_solver:/home/ckl/RM/Combat_vision2026/install/armor_detector:/home/ckl/RM/Combat_vision2026/install/rm_robot_description:/home/ckl/RM/Combat_vision2026/install/hik_camera:/opt/ros/humble LD_LIBRARY_PATH=/home/ckl/RM/Combat_vision2026/install/rm_utils/lib:/home/ckl/RM/Combat_vision2026/install/rm_interfaces/lib:/home/ckl/RM/Combat_vision2026/install/rm_serial_driver/lib:/home/ckl/RM/Combat_vision2026/install/armor_solver/lib:/home/ckl/RM/Combat_vision2026/install/armor_detector/lib:/home/ckl/RM/Combat_vision2026/install/hik_camera/lib:/opt/MVS/lib/64:/opt/MVS/lib/32:/opt/MVS/lib/64:/opt/MVS/lib/32:/opt/MVS/lib/64:/opt/MVS/lib/32:/opt/ros/humble/opt/rviz_ogre_vendor/lib:/opt/ros/humble/lib/x86_64-linux-gnu:/opt/ros/humble/lib:/opt/MVS/lib/64:/opt/MVS/lib/32:/opt/MVS/lib/64:/opt/MVS/lib/32:/opt/MVS/lib/64:/opt/MVS/lib/32 /usr/bin/cmake --build /home/ckl/RM/Combat_vision2026/build/armor_solver -- -j16 -l16
[0.727s] DEBUG:colcon.colcon_core.event_handler.log_command:Invoking command in '/home/ckl/RM/Combat_vision2026/build/armor_solver': CMAKE_PREFIX_PATH=/home/ckl/RM/Combat_vision2026/install/rm_utils:/home/ckl/RM/Combat_vision2026/install/rm_interfaces:/home/ckl/RM/Combat_vision2026/install/rm_bringup:/home/ckl/RM/Combat_vision2026/install/rm_serial_driver:/home/ckl/RM/Combat_vision2026/install/rm_auto_aim:/home/ckl/RM/Combat_vision2026/install/armor_solver:/home/ckl/RM/Combat_vision2026/install/armor_detector:/home/ckl/RM/Combat_vision2026/install/rm_robot_description:/home/ckl/RM/Combat_vision2026/install/hik_camera:/opt/ros/humble LD_LIBRARY_PATH=/home/ckl/RM/Combat_vision2026/install/rm_utils/lib:/home/ckl/RM/Combat_vision2026/install/rm_interfaces/lib:/home/ckl/RM/Combat_vision2026/install/rm_serial_driver/lib:/home/ckl/RM/Combat_vision2026/install/armor_solver/lib:/home/ckl/RM/Combat_vision2026/install/armor_detector/lib:/home/ckl/RM/Combat_vision2026/install/hik_camera/lib:/opt/MVS/lib/64:/opt/MVS/lib/32:/opt/MVS/lib/64:/opt/MVS/lib/32:/opt/MVS/lib/64:/opt/MVS/lib/32:/opt/ros/humble/opt/rviz_ogre_vendor/lib:/opt/ros/humble/lib/x86_64-linux-gnu:/opt/ros/humble/lib:/opt/MVS/lib/64:/opt/MVS/lib/32:/opt/MVS/lib/64:/opt/MVS/lib/32:/opt/MVS/lib/64:/opt/MVS/lib/32 /usr/bin/cmake --install /home/ckl/RM/Combat_vision2026/build/armor_solver
[0.734s] Level 1:colcon.colcon_core.environment:create_environment_scripts_only(armor_solver)
[0.734s] Level 1:colcon.colcon_core.environment:checking '/home/ckl/RM/Combat_vision2026/install/armor_solver' for CMake module files
[0.735s] DEBUG:colcon.colcon_core.event_handler.log_command:Invoked command in '/home/ckl/RM/Combat_vision2026/build/armor_solver' returned '0': CMAKE_PREFIX_PATH=/home/ckl/RM/Combat_vision2026/install/rm_utils:/home/ckl/RM/Combat_vision2026/install/rm_interfaces:/home/ckl/RM/Combat_vision2026/install/rm_bringup:/home/ckl/RM/Combat_vision2026/install/rm_serial_driver:/home/ckl/RM/Combat_vision2026/install/rm_auto_aim:/home/ckl/RM/Combat_vision2026/install/armor_solver:/home/ckl/RM/Combat_vision2026/install/armor_detector:/home/ckl/RM/Combat_vision2026/install/rm_robot_description:/home/ckl/RM/Combat_vision2026/install/hik_camera:/opt/ros/humble LD_LIBRARY_PATH=/home/ckl/RM/Combat_vision2026/install/rm_utils/lib:/home/ckl/RM/Combat_vision2026/install/rm_interfaces/lib:/home/ckl/RM/Combat_vision2026/install/rm_serial_driver/lib:/home/ckl/RM/Combat_vision2026/install/armor_solver/lib:/home/ckl/RM/Combat_vision2026/install/armor_detector/lib:/home/ckl/RM/Combat_vision2026/install/hik_camera/lib:/opt/MVS/lib/64:/opt/MVS/lib/32:/opt/MVS/lib/64:/opt/MVS/lib/32:/opt/MVS/lib/64:/opt/MVS/lib/32:/opt/ros/humble/opt/rviz_ogre_vendor/lib:/opt/ros/humble/lib/x86_64-linux-gnu:/opt/ros/humble/lib:/opt/MVS/lib/64:/opt/MVS/lib/32:/opt/MVS/lib/64:/opt/MVS/lib/32:/opt/MVS/lib/64:/opt/MVS/lib/32 /usr/bin/cmake --install /home/ckl/RM/Combat_vision2026/build/armor_solver
[0.735s] Level 1:colcon.colcon_core.environment:checking '/home/ckl/RM/Combat_vision2026/install/armor_solver' for CMake config files
[0.735s] Level 1:colcon.colcon_core.shell:create_environment_hook('armor_solver', 'cmake_prefix_path')
[0.736s] INFO:colcon.colcon_core.shell:Creating environment hook '/home/ckl/RM/Combat_vision2026/install/armor_solver/share/armor_solver/hook/cmake_prefix_path.ps1'
[0.736s] INFO:colcon.colcon_core.shell:Creating environment descriptor '/home/ckl/RM/Combat_vision2026/install/armor_solver/share/armor_solver/hook/cmake_prefix_path.dsv'
[0.736s] INFO:colcon.colcon_core.shell:Creating environment hook '/home/ckl/RM/Combat_vision2026/install/armor_solver/share/armor_solver/hook/cmake_prefix_path.sh'
[0.737s] Level 1:colcon.colcon_core.environment:checking '/home/ckl/RM/Combat_vision2026/install/armor_solver/lib'
[0.737s] Level 1:colcon.colcon_core.shell:create_environment_hook('armor_solver', 'ld_library_path_lib')
[0.737s] INFO:colcon.colcon_core.shell:Creating environment hook '/home/ckl/RM/Combat_vision2026/install/armor_solver/share/armor_solver/hook/ld_library_path_lib.ps1'
[0.737s] INFO:colcon.colcon_core.shell:Creating environment descriptor '/home/ckl/RM/Combat_vision2026/install/armor_solver/share/armor_solver/hook/ld_library_path_lib.dsv'
[0.738s] INFO:colcon.colcon_core.shell:Creating environment hook '/home/ckl/RM/Combat_vision2026/install/armor_solver/share/armor_solver/hook/ld_library_path_lib.sh'
[0.738s] Level 1:colcon.colcon_core.environment:checking '/home/ckl/RM/Combat_vision2026/install/armor_solver/bin'
[0.738s] Level 1:colcon.colcon_core.environment:checking '/home/ckl/RM/Combat_vision2026/install/armor_solver/lib/pkgconfig/armor_solver.pc'
[0.738s] Level 1:colcon.colcon_core.environment:checking '/home/ckl/RM/Combat_vision2026/install/armor_solver/lib/python3.10/site-packages'
[0.738s] Level 1:colcon.colcon_core.environment:checking '/home/ckl/RM/Combat_vision2026/install/armor_solver/bin'
[0.739s] INFO:colcon.colcon_core.shell:Creating package script '/home/ckl/RM/Combat_vision2026/install/armor_solver/share/armor_solver/package.ps1'
[0.739s] INFO:colcon.colcon_core.shell:Creating package descriptor '/home/ckl/RM/Combat_vision2026/install/armor_solver/share/armor_solver/package.dsv'
[0.739s] INFO:colcon.colcon_core.shell:Creating package script '/home/ckl/RM/Combat_vision2026/install/armor_solver/share/armor_solver/package.sh'
[0.740s] INFO:colcon.colcon_core.shell:Creating package script '/home/ckl/RM/Combat_vision2026/install/armor_solver/share/armor_solver/package.bash'
[0.740s] INFO:colcon.colcon_core.shell:Creating package script '/home/ckl/RM/Combat_vision2026/install/armor_solver/share/armor_solver/package.zsh'
[0.740s] Level 1:colcon.colcon_core.environment:create_file_with_runtime_dependencies(/home/ckl/RM/Combat_vision2026/install/armor_solver/share/colcon-core/packages/armor_solver)
[0.741s] Level 1:colcon.colcon_core.environment:create_environment_scripts_only(armor_solver)
[0.741s] Level 1:colcon.colcon_core.environment:checking '/home/ckl/RM/Combat_vision2026/install/armor_solver' for CMake module files
[0.741s] Level 1:colcon.colcon_core.environment:checking '/home/ckl/RM/Combat_vision2026/install/armor_solver' for CMake config files
[0.742s] Level 1:colcon.colcon_core.shell:create_environment_hook('armor_solver', 'cmake_prefix_path')
[0.742s] INFO:colcon.colcon_core.shell:Creating environment hook '/home/ckl/RM/Combat_vision2026/install/armor_solver/share/armor_solver/hook/cmake_prefix_path.ps1'
[0.742s] INFO:colcon.colcon_core.shell:Creating environment descriptor '/home/ckl/RM/Combat_vision2026/install/armor_solver/share/armor_solver/hook/cmake_prefix_path.dsv'
[0.742s] INFO:colcon.colcon_core.shell:Creating environment hook '/home/ckl/RM/Combat_vision2026/install/armor_solver/share/armor_solver/hook/cmake_prefix_path.sh'
[0.743s] Level 1:colcon.colcon_core.environment:checking '/home/ckl/RM/Combat_vision2026/install/armor_solver/lib'
[0.743s] Level 1:colcon.colcon_core.shell:create_environment_hook('armor_solver', 'ld_library_path_lib')
[0.743s] INFO:colcon.colcon_core.shell:Creating environment hook '/home/ckl/RM/Combat_vision2026/install/armor_solver/share/armor_solver/hook/ld_library_path_lib.ps1'
[0.743s] INFO:colcon.colcon_core.shell:Creating environment descriptor '/home/ckl/RM/Combat_vision2026/install/armor_solver/share/armor_solver/hook/ld_library_path_lib.dsv'
[0.744s] INFO:colcon.colcon_core.shell:Creating environment hook '/home/ckl/RM/Combat_vision2026/install/armor_solver/share/armor_solver/hook/ld_library_path_lib.sh'
[0.744s] Level 1:colcon.colcon_core.environment:checking '/home/ckl/RM/Combat_vision2026/install/armor_solver/bin'
[0.744s] Level 1:colcon.colcon_core.environment:checking '/home/ckl/RM/Combat_vision2026/install/armor_solver/lib/pkgconfig/armor_solver.pc'
[0.744s] Level 1:colcon.colcon_core.environment:checking '/home/ckl/RM/Combat_vision2026/install/armor_solver/lib/python3.10/site-packages'
[0.744s] Level 1:colcon.colcon_core.environment:checking '/home/ckl/RM/Combat_vision2026/install/armor_solver/bin'
[0.744s] INFO:colcon.colcon_core.shell:Creating package script '/home/ckl/RM/Combat_vision2026/install/armor_solver/share/armor_solver/package.ps1'
[0.745s] INFO:colcon.colcon_core.shell:Creating package descriptor '/home/ckl/RM/Combat_vision2026/install/armor_solver/share/armor_solver/package.dsv'
[0.746s] INFO:colcon.colcon_core.shell:Creating package script '/home/ckl/RM/Combat_vision2026/install/armor_solver/share/armor_solver/package.sh'
[0.746s] INFO:colcon.colcon_core.shell:Creating package script '/home/ckl/RM/Combat_vision2026/install/armor_solver/share/armor_solver/package.bash'
[0.746s] INFO:colcon.colcon_core.shell:Creating package script '/home/ckl/RM/Combat_vision2026/install/armor_solver/share/armor_solver/package.zsh'
[0.747s] Level 1:colcon.colcon_core.environment:create_file_with_runtime_dependencies(/home/ckl/RM/Combat_vision2026/install/armor_solver/share/colcon-core/packages/armor_solver)
[0.752s] DEBUG:colcon.colcon_core.event_handler.log_command:Invoked command in '/home/ckl/RM/Combat_vision2026/build/rm_serial_driver' returned '0': CMAKE_PREFIX_PATH=/home/ckl/RM/Combat_vision2026/install/rm_utils:/home/ckl/RM/Combat_vision2026/install/rm_interfaces:/home/ckl/RM/Combat_vision2026/install/rm_bringup:/home/ckl/RM/Combat_vision2026/install/rm_serial_driver:/home/ckl/RM/Combat_vision2026/install/rm_auto_aim:/home/ckl/RM/Combat_vision2026/install/armor_solver:/home/ckl/RM/Combat_vision2026/install/armor_detector:/home/ckl/RM/Combat_vision2026/install/rm_robot_description:/home/ckl/RM/Combat_vision2026/install/hik_camera:/opt/ros/humble LD_LIBRARY_PATH=/home/ckl/RM/Combat_vision2026/install/rm_utils/lib:/home/ckl/RM/Combat_vision2026/install/rm_interfaces/lib:/home/ckl/RM/Combat_vision2026/install/rm_serial_driver/lib:/home/ckl/RM/Combat_vision2026/install/armor_solver/lib:/home/ckl/RM/Combat_vision2026/install/armor_detector/lib:/home/ckl/RM/Combat_vision2026/install/hik_camera/lib:/opt/MVS/lib/64:/opt/MVS/lib/32:/opt/MVS/lib/64:/opt/MVS/lib/32:/opt/MVS/lib/64:/opt/MVS/lib/32:/opt/ros/humble/opt/rviz_ogre_vendor/lib:/opt/ros/humble/lib/x86_64-linux-gnu:/opt/ros/humble/lib:/opt/MVS/lib/64:/opt/MVS/lib/32:/opt/MVS/lib/64:/opt/MVS/lib/32:/opt/MVS/lib/64:/opt/MVS/lib/32 /usr/bin/cmake --build /home/ckl/RM/Combat_vision2026/build/rm_serial_driver -- -j16 -l16
[0.754s] DEBUG:colcon.colcon_core.event_handler.log_command:Invoking command in '/home/ckl/RM/Combat_vision2026/build/rm_serial_driver': CMAKE_PREFIX_PATH=/home/ckl/RM/Combat_vision2026/install/rm_utils:/home/ckl/RM/Combat_vision2026/install/rm_interfaces:/home/ckl/RM/Combat_vision2026/install/rm_bringup:/home/ckl/RM/Combat_vision2026/install/rm_serial_driver:/home/ckl/RM/Combat_vision2026/install/rm_auto_aim:/home/ckl/RM/Combat_vision2026/install/armor_solver:/home/ckl/RM/Combat_vision2026/install/armor_detector:/home/ckl/RM/Combat_vision2026/install/rm_robot_description:/home/ckl/RM/Combat_vision2026/install/hik_camera:/opt/ros/humble LD_LIBRARY_PATH=/home/ckl/RM/Combat_vision2026/install/rm_utils/lib:/home/ckl/RM/Combat_vision2026/install/rm_interfaces/lib:/home/ckl/RM/Combat_vision2026/install/rm_serial_driver/lib:/home/ckl/RM/Combat_vision2026/install/armor_solver/lib:/home/ckl/RM/Combat_vision2026/install/armor_detector/lib:/home/ckl/RM/Combat_vision2026/install/hik_camera/lib:/opt/MVS/lib/64:/opt/MVS/lib/32:/opt/MVS/lib/64:/opt/MVS/lib/32:/opt/MVS/lib/64:/opt/MVS/lib/32:/opt/ros/humble/opt/rviz_ogre_vendor/lib:/opt/ros/humble/lib/x86_64-linux-gnu:/opt/ros/humble/lib:/opt/MVS/lib/64:/opt/MVS/lib/32:/opt/MVS/lib/64:/opt/MVS/lib/32:/opt/MVS/lib/64:/opt/MVS/lib/32 /usr/bin/cmake --install /home/ckl/RM/Combat_vision2026/build/rm_serial_driver
[0.762s] Level 1:colcon.colcon_core.environment:create_environment_scripts_only(rm_serial_driver)
[0.763s] Level 1:colcon.colcon_core.environment:checking '/home/ckl/RM/Combat_vision2026/install/rm_serial_driver' for CMake module files
[0.763s] DEBUG:colcon.colcon_core.event_handler.log_command:Invoked command in '/home/ckl/RM/Combat_vision2026/build/rm_serial_driver' returned '0': CMAKE_PREFIX_PATH=/home/ckl/RM/Combat_vision2026/install/rm_utils:/home/ckl/RM/Combat_vision2026/install/rm_interfaces:/home/ckl/RM/Combat_vision2026/install/rm_bringup:/home/ckl/RM/Combat_vision2026/install/rm_serial_driver:/home/ckl/RM/Combat_vision2026/install/rm_auto_aim:/home/ckl/RM/Combat_vision2026/install/armor_solver:/home/ckl/RM/Combat_vision2026/install/armor_detector:/home/ckl/RM/Combat_vision2026/install/rm_robot_description:/home/ckl/RM/Combat_vision2026/install/hik_camera:/opt/ros/humble LD_LIBRARY_PATH=/home/ckl/RM/Combat_vision2026/install/rm_utils/lib:/home/ckl/RM/Combat_vision2026/install/rm_interfaces/lib:/home/ckl/RM/Combat_vision2026/install/rm_serial_driver/lib:/home/ckl/RM/Combat_vision2026/install/armor_solver/lib:/home/ckl/RM/Combat_vision2026/install/armor_detector/lib:/home/ckl/RM/Combat_vision2026/install/hik_camera/lib:/opt/MVS/lib/64:/opt/MVS/lib/32:/opt/MVS/lib/64:/opt/MVS/lib/32:/opt/MVS/lib/64:/opt/MVS/lib/32:/opt/ros/humble/opt/rviz_ogre_vendor/lib:/opt/ros/humble/lib/x86_64-linux-gnu:/opt/ros/humble/lib:/opt/MVS/lib/64:/opt/MVS/lib/32:/opt/MVS/lib/64:/opt/MVS/lib/32:/opt/MVS/lib/64:/opt/MVS/lib/32 /usr/bin/cmake --install /home/ckl/RM/Combat_vision2026/build/rm_serial_driver
[0.764s] Level 1:colcon.colcon_core.environment:checking '/home/ckl/RM/Combat_vision2026/install/rm_serial_driver' for CMake config files
[0.764s] Level 1:colcon.colcon_core.shell:create_environment_hook('rm_serial_driver', 'cmake_prefix_path')
[0.764s] INFO:colcon.colcon_core.shell:Creating environment hook '/home/ckl/RM/Combat_vision2026/install/rm_serial_driver/share/rm_serial_driver/hook/cmake_prefix_path.ps1'
[0.765s] INFO:colcon.colcon_core.shell:Creating environment descriptor '/home/ckl/RM/Combat_vision2026/install/rm_serial_driver/share/rm_serial_driver/hook/cmake_prefix_path.dsv'
[0.765s] INFO:colcon.colcon_core.shell:Creating environment hook '/home/ckl/RM/Combat_vision2026/install/rm_serial_driver/share/rm_serial_driver/hook/cmake_prefix_path.sh'
[0.765s] Level 1:colcon.colcon_core.environment:checking '/home/ckl/RM/Combat_vision2026/install/rm_serial_driver/lib'
[0.765s] Level 1:colcon.colcon_core.shell:create_environment_hook('rm_serial_driver', 'ld_library_path_lib')
[0.766s] INFO:colcon.colcon_core.shell:Creating environment hook '/home/ckl/RM/Combat_vision2026/install/rm_serial_driver/share/rm_serial_driver/hook/ld_library_path_lib.ps1'
[0.766s] INFO:colcon.colcon_core.shell:Creating environment descriptor '/home/ckl/RM/Combat_vision2026/install/rm_serial_driver/share/rm_serial_driver/hook/ld_library_path_lib.dsv'
[0.766s] INFO:colcon.colcon_core.shell:Creating environment hook '/home/ckl/RM/Combat_vision2026/install/rm_serial_driver/share/rm_serial_driver/hook/ld_library_path_lib.sh'
[0.766s] Level 1:colcon.colcon_core.environment:checking '/home/ckl/RM/Combat_vision2026/install/rm_serial_driver/bin'
[0.767s] Level 1:colcon.colcon_core.environment:checking '/home/ckl/RM/Combat_vision2026/install/rm_serial_driver/lib/pkgconfig/rm_serial_driver.pc'
[0.767s] Level 1:colcon.colcon_core.environment:checking '/home/ckl/RM/Combat_vision2026/install/rm_serial_driver/lib/python3.10/site-packages'
[0.767s] Level 1:colcon.colcon_core.environment:checking '/home/ckl/RM/Combat_vision2026/install/rm_serial_driver/bin'
[0.767s] INFO:colcon.colcon_core.shell:Creating package script '/home/ckl/RM/Combat_vision2026/install/rm_serial_driver/share/rm_serial_driver/package.ps1'
[0.768s] INFO:colcon.colcon_core.shell:Creating package descriptor '/home/ckl/RM/Combat_vision2026/install/rm_serial_driver/share/rm_serial_driver/package.dsv'
[0.768s] INFO:colcon.colcon_core.shell:Creating package script '/home/ckl/RM/Combat_vision2026/install/rm_serial_driver/share/rm_serial_driver/package.sh'
[0.769s] INFO:colcon.colcon_core.shell:Creating package script '/home/ckl/RM/Combat_vision2026/install/rm_serial_driver/share/rm_serial_driver/package.bash'
[0.769s] INFO:colcon.colcon_core.shell:Creating package script '/home/ckl/RM/Combat_vision2026/install/rm_serial_driver/share/rm_serial_driver/package.zsh'
[0.769s] Level 1:colcon.colcon_core.environment:create_file_with_runtime_dependencies(/home/ckl/RM/Combat_vision2026/install/rm_serial_driver/share/colcon-core/packages/rm_serial_driver)
[0.770s] Level 1:colcon.colcon_core.environment:create_environment_scripts_only(rm_serial_driver)
[0.770s] Level 1:colcon.colcon_core.environment:checking '/home/ckl/RM/Combat_vision2026/install/rm_serial_driver' for CMake module files
[0.771s] Level 1:colcon.colcon_core.environment:checking '/home/ckl/RM/Combat_vision2026/install/rm_serial_driver' for CMake config files
[0.771s] Level 1:colcon.colcon_core.shell:create_environment_hook('rm_serial_driver', 'cmake_prefix_path')
[0.771s] INFO:colcon.colcon_core.shell:Creating environment hook '/home/ckl/RM/Combat_vision2026/install/rm_serial_driver/share/rm_serial_driver/hook/cmake_prefix_path.ps1'
[0.772s] INFO:colcon.colcon_core.shell:Creating environment descriptor '/home/ckl/RM/Combat_vision2026/install/rm_serial_driver/share/rm_serial_driver/hook/cmake_prefix_path.dsv'
[0.772s] INFO:colcon.colcon_core.shell:Creating environment hook '/home/ckl/RM/Combat_vision2026/install/rm_serial_driver/share/rm_serial_driver/hook/cmake_prefix_path.sh'
[0.772s] Level 1:colcon.colcon_core.environment:checking '/home/ckl/RM/Combat_vision2026/install/rm_serial_driver/lib'
[0.772s] Level 1:colcon.colcon_core.shell:create_environment_hook('rm_serial_driver', 'ld_library_path_lib')
[0.773s] INFO:colcon.colcon_core.shell:Creating environment hook '/home/ckl/RM/Combat_vision2026/install/rm_serial_driver/share/rm_serial_driver/hook/ld_library_path_lib.ps1'
[0.773s] INFO:colcon.colcon_core.shell:Creating environment descriptor '/home/ckl/RM/Combat_vision2026/install/rm_serial_driver/share/rm_serial_driver/hook/ld_library_path_lib.dsv'
[0.773s] INFO:colcon.colcon_core.shell:Creating environment hook '/home/ckl/RM/Combat_vision2026/install/rm_serial_driver/share/rm_serial_driver/hook/ld_library_path_lib.sh'
[0.774s] Level 1:colcon.colcon_core.environment:checking '/home/ckl/RM/Combat_vision2026/install/rm_serial_driver/bin'
[0.774s] Level 1:colcon.colcon_core.environment:checking '/home/ckl/RM/Combat_vision2026/install/rm_serial_driver/lib/pkgconfig/rm_serial_driver.pc'
[0.774s] Level 1:colcon.colcon_core.environment:checking '/home/ckl/RM/Combat_vision2026/install/rm_serial_driver/lib/python3.10/site-packages'
[0.774s] Level 1:colcon.colcon_core.environment:checking '/home/ckl/RM/Combat_vision2026/install/rm_serial_driver/bin'
[0.774s] INFO:colcon.colcon_core.shell:Creating package script '/home/ckl/RM/Combat_vision2026/install/rm_serial_driver/share/rm_serial_driver/package.ps1'
[0.775s] INFO:colcon.colcon_core.shell:Creating package descriptor '/home/ckl/RM/Combat_vision2026/install/rm_serial_driver/share/rm_serial_driver/package.dsv'
[0.775s] INFO:colcon.colcon_core.shell:Creating package script '/home/ckl/RM/Combat_vision2026/install/rm_serial_driver/share/rm_serial_driver/package.sh'
[0.775s] INFO:colcon.colcon_core.shell:Creating package script '/home/ckl/RM/Combat_vision2026/install/rm_serial_driver/share/rm_serial_driver/package.bash'
[0.776s] INFO:colcon.colcon_core.shell:Creating package script '/home/ckl/RM/Combat_vision2026/install/rm_serial_driver/share/rm_serial_driver/package.zsh'
[0.776s] Level 1:colcon.colcon_core.environment:create_file_with_runtime_dependencies(/home/ckl/RM/Combat_vision2026/install/rm_serial_driver/share/colcon-core/packages/rm_serial_driver)
[25.382s] DEBUG:colcon.colcon_core.event_handler.log_command:Invoked command in '/home/ckl/RM/Combat_vision2026/build/armor_detector' returned '0': CMAKE_PREFIX_PATH=/home/ckl/RM/Combat_vision2026/install/rm_utils:/home/ckl/RM/Combat_vision2026/install/rm_interfaces:/home/ckl/RM/Combat_vision2026/install/rm_bringup:/home/ckl/RM/Combat_vision2026/install/rm_serial_driver:/home/ckl/RM/Combat_vision2026/install/rm_auto_aim:/home/ckl/RM/Combat_vision2026/install/armor_solver:/home/ckl/RM/Combat_vision2026/install/armor_detector:/home/ckl/RM/Combat_vision2026/install/rm_robot_description:/home/ckl/RM/Combat_vision2026/install/hik_camera:/opt/ros/humble LD_LIBRARY_PATH=/home/ckl/RM/Combat_vision2026/install/rm_utils/lib:/home/ckl/RM/Combat_vision2026/install/rm_interfaces/lib:/home/ckl/RM/Combat_vision2026/install/rm_serial_driver/lib:/home/ckl/RM/Combat_vision2026/install/armor_solver/lib:/home/ckl/RM/Combat_vision2026/install/armor_detector/lib:/home/ckl/RM/Combat_vision2026/install/hik_camera/lib:/opt/MVS/lib/64:/opt/MVS/lib/32:/opt/MVS/lib/64:/opt/MVS/lib/32:/opt/MVS/lib/64:/opt/MVS/lib/32:/opt/ros/humble/opt/rviz_ogre_vendor/lib:/opt/ros/humble/lib/x86_64-linux-gnu:/opt/ros/humble/lib:/opt/MVS/lib/64:/opt/MVS/lib/32:/opt/MVS/lib/64:/opt/MVS/lib/32:/opt/MVS/lib/64:/opt/MVS/lib/32 /usr/bin/cmake --build /home/ckl/RM/Combat_vision2026/build/armor_detector -- -j16 -l16
[25.384s] DEBUG:colcon.colcon_core.event_handler.log_command:Invoking command in '/home/ckl/RM/Combat_vision2026/build/armor_detector': CMAKE_PREFIX_PATH=/home/ckl/RM/Combat_vision2026/install/rm_utils:/home/ckl/RM/Combat_vision2026/install/rm_interfaces:/home/ckl/RM/Combat_vision2026/install/rm_bringup:/home/ckl/RM/Combat_vision2026/install/rm_serial_driver:/home/ckl/RM/Combat_vision2026/install/rm_auto_aim:/home/ckl/RM/Combat_vision2026/install/armor_solver:/home/ckl/RM/Combat_vision2026/install/armor_detector:/home/ckl/RM/Combat_vision2026/install/rm_robot_description:/home/ckl/RM/Combat_vision2026/install/hik_camera:/opt/ros/humble LD_LIBRARY_PATH=/home/ckl/RM/Combat_vision2026/install/rm_utils/lib:/home/ckl/RM/Combat_vision2026/install/rm_interfaces/lib:/home/ckl/RM/Combat_vision2026/install/rm_serial_driver/lib:/home/ckl/RM/Combat_vision2026/install/armor_solver/lib:/home/ckl/RM/Combat_vision2026/install/armor_detector/lib:/home/ckl/RM/Combat_vision2026/install/hik_camera/lib:/opt/MVS/lib/64:/opt/MVS/lib/32:/opt/MVS/lib/64:/opt/MVS/lib/32:/opt/MVS/lib/64:/opt/MVS/lib/32:/opt/ros/humble/opt/rviz_ogre_vendor/lib:/opt/ros/humble/lib/x86_64-linux-gnu:/opt/ros/humble/lib:/opt/MVS/lib/64:/opt/MVS/lib/32:/opt/MVS/lib/64:/opt/MVS/lib/32:/opt/MVS/lib/64:/opt/MVS/lib/32 /usr/bin/cmake --install /home/ckl/RM/Combat_vision2026/build/armor_detector
[25.398s] Level 1:colcon.colcon_core.environment:create_environment_scripts_only(armor_detector)
[25.399s] Level 1:colcon.colcon_core.environment:checking '/home/ckl/RM/Combat_vision2026/install/armor_detector' for CMake module files
[25.399s] DEBUG:colcon.colcon_core.event_handler.log_command:Invoked command in '/home/ckl/RM/Combat_vision2026/build/armor_detector' returned '0': CMAKE_PREFIX_PATH=/home/ckl/RM/Combat_vision2026/install/rm_utils:/home/ckl/RM/Combat_vision2026/install/rm_interfaces:/home/ckl/RM/Combat_vision2026/install/rm_bringup:/home/ckl/RM/Combat_vision2026/install/rm_serial_driver:/home/ckl/RM/Combat_vision2026/install/rm_auto_aim:/home/ckl/RM/Combat_vision2026/install/armor_solver:/home/ckl/RM/Combat_vision2026/install/armor_detector:/home/ckl/RM/Combat_vision2026/install/rm_robot_description:/home/ckl/RM/Combat_vision2026/install/hik_camera:/opt/ros/humble LD_LIBRARY_PATH=/home/ckl/RM/Combat_vision2026/install/rm_utils/lib:/home/ckl/RM/Combat_vision2026/install/rm_interfaces/lib:/home/ckl/RM/Combat_vision2026/install/rm_serial_driver/lib:/home/ckl/RM/Combat_vision2026/install/armor_solver/lib:/home/ckl/RM/Combat_vision2026/install/armor_detector/lib:/home/ckl/RM/Combat_vision2026/install/hik_camera/lib:/opt/MVS/lib/64:/opt/MVS/lib/32:/opt/MVS/lib/64:/opt/MVS/lib/32:/opt/MVS/lib/64:/opt/MVS/lib/32:/opt/ros/humble/opt/rviz_ogre_vendor/lib:/opt/ros/humble/lib/x86_64-linux-gnu:/opt/ros/humble/lib:/opt/MVS/lib/64:/opt/MVS/lib/32:/opt/MVS/lib/64:/opt/MVS/lib/32:/opt/MVS/lib/64:/opt/MVS/lib/32 /usr/bin/cmake --install /home/ckl/RM/Combat_vision2026/build/armor_detector
[25.399s] Level 1:colcon.colcon_core.environment:checking '/home/ckl/RM/Combat_vision2026/install/armor_detector' for CMake config files
[25.400s] Level 1:colcon.colcon_core.shell:create_environment_hook('armor_detector', 'cmake_prefix_path')
[25.400s] INFO:colcon.colcon_core.shell:Creating environment hook '/home/ckl/RM/Combat_vision2026/install/armor_detector/share/armor_detector/hook/cmake_prefix_path.ps1'
[25.400s] INFO:colcon.colcon_core.shell:Creating environment descriptor '/home/ckl/RM/Combat_vision2026/install/armor_detector/share/armor_detector/hook/cmake_prefix_path.dsv'
[25.400s] INFO:colcon.colcon_core.shell:Creating environment hook '/home/ckl/RM/Combat_vision2026/install/armor_detector/share/armor_detector/hook/cmake_prefix_path.sh'
[25.401s] Level 1:colcon.colcon_core.environment:checking '/home/ckl/RM/Combat_vision2026/install/armor_detector/lib'
[25.401s] Level 1:colcon.colcon_core.shell:create_environment_hook('armor_detector', 'ld_library_path_lib')
[25.401s] INFO:colcon.colcon_core.shell:Creating environment hook '/home/ckl/RM/Combat_vision2026/install/armor_detector/share/armor_detector/hook/ld_library_path_lib.ps1'
[25.401s] INFO:colcon.colcon_core.shell:Creating environment descriptor '/home/ckl/RM/Combat_vision2026/install/armor_detector/share/armor_detector/hook/ld_library_path_lib.dsv'
[25.402s] INFO:colcon.colcon_core.shell:Creating environment hook '/home/ckl/RM/Combat_vision2026/install/armor_detector/share/armor_detector/hook/ld_library_path_lib.sh'
[25.402s] Level 1:colcon.colcon_core.environment:checking '/home/ckl/RM/Combat_vision2026/install/armor_detector/bin'
[25.402s] Level 1:colcon.colcon_core.environment:checking '/home/ckl/RM/Combat_vision2026/install/armor_detector/lib/pkgconfig/armor_detector.pc'
[25.402s] Level 1:colcon.colcon_core.environment:checking '/home/ckl/RM/Combat_vision2026/install/armor_detector/lib/python3.10/site-packages'
[25.402s] Level 1:colcon.colcon_core.environment:checking '/home/ckl/RM/Combat_vision2026/install/armor_detector/bin'
[25.402s] INFO:colcon.colcon_core.shell:Creating package script '/home/ckl/RM/Combat_vision2026/install/armor_detector/share/armor_detector/package.ps1'
[25.403s] INFO:colcon.colcon_core.shell:Creating package descriptor '/home/ckl/RM/Combat_vision2026/install/armor_detector/share/armor_detector/package.dsv'
[25.403s] INFO:colcon.colcon_core.shell:Creating package script '/home/ckl/RM/Combat_vision2026/install/armor_detector/share/armor_detector/package.sh'
[25.403s] INFO:colcon.colcon_core.shell:Creating package script '/home/ckl/RM/Combat_vision2026/install/armor_detector/share/armor_detector/package.bash'
[25.404s] INFO:colcon.colcon_core.shell:Creating package script '/home/ckl/RM/Combat_vision2026/install/armor_detector/share/armor_detector/package.zsh'
[25.404s] Level 1:colcon.colcon_core.environment:create_file_with_runtime_dependencies(/home/ckl/RM/Combat_vision2026/install/armor_detector/share/colcon-core/packages/armor_detector)
[25.404s] Level 1:colcon.colcon_core.environment:create_environment_scripts_only(armor_detector)
[25.405s] Level 1:colcon.colcon_core.environment:checking '/home/ckl/RM/Combat_vision2026/install/armor_detector' for CMake module files
[25.405s] Level 1:colcon.colcon_core.environment:checking '/home/ckl/RM/Combat_vision2026/install/armor_detector' for CMake config files
[25.405s] Level 1:colcon.colcon_core.shell:create_environment_hook('armor_detector', 'cmake_prefix_path')
[25.405s] INFO:colcon.colcon_core.shell:Creating environment hook '/home/ckl/RM/Combat_vision2026/install/armor_detector/share/armor_detector/hook/cmake_prefix_path.ps1'
[25.406s] INFO:colcon.colcon_core.shell:Creating environment descriptor '/home/ckl/RM/Combat_vision2026/install/armor_detector/share/armor_detector/hook/cmake_prefix_path.dsv'
[25.406s] INFO:colcon.colcon_core.shell:Creating environment hook '/home/ckl/RM/Combat_vision2026/install/armor_detector/share/armor_detector/hook/cmake_prefix_path.sh'
[25.406s] Level 1:colcon.colcon_core.environment:checking '/home/ckl/RM/Combat_vision2026/install/armor_detector/lib'
[25.406s] Level 1:colcon.colcon_core.shell:create_environment_hook('armor_detector', 'ld_library_path_lib')
[25.406s] INFO:colcon.colcon_core.shell:Creating environment hook '/home/ckl/RM/Combat_vision2026/install/armor_detector/share/armor_detector/hook/ld_library_path_lib.ps1'
[25.407s] INFO:colcon.colcon_core.shell:Creating environment descriptor '/home/ckl/RM/Combat_vision2026/install/armor_detector/share/armor_detector/hook/ld_library_path_lib.dsv'
[25.407s] INFO:colcon.colcon_core.shell:Creating environment hook '/home/ckl/RM/Combat_vision2026/install/armor_detector/share/armor_detector/hook/ld_library_path_lib.sh'
[25.407s] Level 1:colcon.colcon_core.environment:checking '/home/ckl/RM/Combat_vision2026/install/armor_detector/bin'
[25.407s] Level 1:colcon.colcon_core.environment:checking '/home/ckl/RM/Combat_vision2026/install/armor_detector/lib/pkgconfig/armor_detector.pc'
[25.407s] Level 1:colcon.colcon_core.environment:checking '/home/ckl/RM/Combat_vision2026/install/armor_detector/lib/python3.10/site-packages'
[25.407s] Level 1:colcon.colcon_core.environment:checking '/home/ckl/RM/Combat_vision2026/install/armor_detector/bin'
[25.408s] INFO:colcon.colcon_core.shell:Creating package script '/home/ckl/RM/Combat_vision2026/install/armor_detector/share/armor_detector/package.ps1'
[25.408s] INFO:colcon.colcon_core.shell:Creating package descriptor '/home/ckl/RM/Combat_vision2026/install/armor_detector/share/armor_detector/package.dsv'
[25.408s] INFO:colcon.colcon_core.shell:Creating package script '/home/ckl/RM/Combat_vision2026/install/armor_detector/share/armor_detector/package.sh'
[25.409s] INFO:colcon.colcon_core.shell:Creating package script '/home/ckl/RM/Combat_vision2026/install/armor_detector/share/armor_detector/package.bash'
[25.409s] INFO:colcon.colcon_core.shell:Creating package script '/home/ckl/RM/Combat_vision2026/install/armor_detector/share/armor_detector/package.zsh'
[25.409s] Level 1:colcon.colcon_core.environment:create_file_with_runtime_dependencies(/home/ckl/RM/Combat_vision2026/install/armor_detector/share/colcon-core/packages/armor_detector)
[25.409s] INFO:colcon.colcon_ros.task.ament_cmake.build:Building ROS package in '/home/ckl/RM/Combat_vision2026/src/rm_auto_aim/rm_auto_aim' with build type 'ament_cmake'
[25.410s] INFO:colcon.colcon_cmake.task.cmake.build:Building CMake package in '/home/ckl/RM/Combat_vision2026/src/rm_auto_aim/rm_auto_aim'
[25.410s] INFO:colcon.colcon_core.shell:Skip shell extension 'powershell' for command environment: Not usable outside of PowerShell
[25.410s] DEBUG:colcon.colcon_core.shell:Skip shell extension 'dsv' for command environment
[25.430s] DEBUG:colcon.colcon_core.event_handler.log_command:Invoking command in '/home/ckl/RM/Combat_vision2026/build/rm_auto_aim': CMAKE_PREFIX_PATH=/home/ckl/RM/Combat_vision2026/install/armor_solver:/home/ckl/RM/Combat_vision2026/install/armor_detector:/home/ckl/RM/Combat_vision2026/install/rm_utils:/home/ckl/RM/Combat_vision2026/install/rm_interfaces:/home/ckl/RM/Combat_vision2026/install/rm_bringup:/home/ckl/RM/Combat_vision2026/install/rm_serial_driver:/home/ckl/RM/Combat_vision2026/install/rm_auto_aim:/home/ckl/RM/Combat_vision2026/install/rm_robot_description:/home/ckl/RM/Combat_vision2026/install/hik_camera:/opt/ros/humble LD_LIBRARY_PATH=/home/ckl/RM/Combat_vision2026/install/armor_solver/lib:/home/ckl/RM/Combat_vision2026/install/armor_detector/lib:/home/ckl/RM/Combat_vision2026/install/rm_utils/lib:/home/ckl/RM/Combat_vision2026/install/rm_interfaces/lib:/home/ckl/RM/Combat_vision2026/install/rm_serial_driver/lib:/home/ckl/RM/Combat_vision2026/install/hik_camera/lib:/opt/MVS/lib/64:/opt/MVS/lib/32:/opt/MVS/lib/64:/opt/MVS/lib/32:/opt/MVS/lib/64:/opt/MVS/lib/32:/opt/ros/humble/opt/rviz_ogre_vendor/lib:/opt/ros/humble/lib/x86_64-linux-gnu:/opt/ros/humble/lib:/opt/MVS/lib/64:/opt/MVS/lib/32:/opt/MVS/lib/64:/opt/MVS/lib/32:/opt/MVS/lib/64:/opt/MVS/lib/32 /usr/bin/cmake --build /home/ckl/RM/Combat_vision2026/build/rm_auto_aim -- -j16 -l16
[25.453s] DEBUG:colcon.colcon_core.event_handler.log_command:Invoked command in '/home/ckl/RM/Combat_vision2026/build/rm_auto_aim' returned '0': CMAKE_PREFIX_PATH=/home/ckl/RM/Combat_vision2026/install/armor_solver:/home/ckl/RM/Combat_vision2026/install/armor_detector:/home/ckl/RM/Combat_vision2026/install/rm_utils:/home/ckl/RM/Combat_vision2026/install/rm_interfaces:/home/ckl/RM/Combat_vision2026/install/rm_bringup:/home/ckl/RM/Combat_vision2026/install/rm_serial_driver:/home/ckl/RM/Combat_vision2026/install/rm_auto_aim:/home/ckl/RM/Combat_vision2026/install/rm_robot_description:/home/ckl/RM/Combat_vision2026/install/hik_camera:/opt/ros/humble LD_LIBRARY_PATH=/home/ckl/RM/Combat_vision2026/install/armor_solver/lib:/home/ckl/RM/Combat_vision2026/install/armor_detector/lib:/home/ckl/RM/Combat_vision2026/install/rm_utils/lib:/home/ckl/RM/Combat_vision2026/install/rm_interfaces/lib:/home/ckl/RM/Combat_vision2026/install/rm_serial_driver/lib:/home/ckl/RM/Combat_vision2026/install/hik_camera/lib:/opt/MVS/lib/64:/opt/MVS/lib/32:/opt/MVS/lib/64:/opt/MVS/lib/32:/opt/MVS/lib/64:/opt/MVS/lib/32:/opt/ros/humble/opt/rviz_ogre_vendor/lib:/opt/ros/humble/lib/x86_64-linux-gnu:/opt/ros/humble/lib:/opt/MVS/lib/64:/opt/MVS/lib/32:/opt/MVS/lib/64:/opt/MVS/lib/32:/opt/MVS/lib/64:/opt/MVS/lib/32 /usr/bin/cmake --build /home/ckl/RM/Combat_vision2026/build/rm_auto_aim -- -j16 -l16
[25.454s] DEBUG:colcon.colcon_core.event_handler.log_command:Invoking command in '/home/ckl/RM/Combat_vision2026/build/rm_auto_aim': CMAKE_PREFIX_PATH=/home/ckl/RM/Combat_vision2026/install/armor_solver:/home/ckl/RM/Combat_vision2026/install/armor_detector:/home/ckl/RM/Combat_vision2026/install/rm_utils:/home/ckl/RM/Combat_vision2026/install/rm_interfaces:/home/ckl/RM/Combat_vision2026/install/rm_bringup:/home/ckl/RM/Combat_vision2026/install/rm_serial_driver:/home/ckl/RM/Combat_vision2026/install/rm_auto_aim:/home/ckl/RM/Combat_vision2026/install/rm_robot_description:/home/ckl/RM/Combat_vision2026/install/hik_camera:/opt/ros/humble LD_LIBRARY_PATH=/home/ckl/RM/Combat_vision2026/install/armor_solver/lib:/home/ckl/RM/Combat_vision2026/install/armor_detector/lib:/home/ckl/RM/Combat_vision2026/install/rm_utils/lib:/home/ckl/RM/Combat_vision2026/install/rm_interfaces/lib:/home/ckl/RM/Combat_vision2026/install/rm_serial_driver/lib:/home/ckl/RM/Combat_vision2026/install/hik_camera/lib:/opt/MVS/lib/64:/opt/MVS/lib/32:/opt/MVS/lib/64:/opt/MVS/lib/32:/opt/MVS/lib/64:/opt/MVS/lib/32:/opt/ros/humble/opt/rviz_ogre_vendor/lib:/opt/ros/humble/lib/x86_64-linux-gnu:/opt/ros/humble/lib:/opt/MVS/lib/64:/opt/MVS/lib/32:/opt/MVS/lib/64:/opt/MVS/lib/32:/opt/MVS/lib/64:/opt/MVS/lib/32 /usr/bin/cmake --install /home/ckl/RM/Combat_vision2026/build/rm_auto_aim
[25.460s] Level 1:colcon.colcon_core.environment:create_environment_scripts_only(rm_auto_aim)
[25.460s] Level 1:colcon.colcon_core.environment:checking '/home/ckl/RM/Combat_vision2026/install/rm_auto_aim' for CMake module files
[25.460s] DEBUG:colcon.colcon_core.event_handler.log_command:Invoked command in '/home/ckl/RM/Combat_vision2026/build/rm_auto_aim' returned '0': CMAKE_PREFIX_PATH=/home/ckl/RM/Combat_vision2026/install/armor_solver:/home/ckl/RM/Combat_vision2026/install/armor_detector:/home/ckl/RM/Combat_vision2026/install/rm_utils:/home/ckl/RM/Combat_vision2026/install/rm_interfaces:/home/ckl/RM/Combat_vision2026/install/rm_bringup:/home/ckl/RM/Combat_vision2026/install/rm_serial_driver:/home/ckl/RM/Combat_vision2026/install/rm_auto_aim:/home/ckl/RM/Combat_vision2026/install/rm_robot_description:/home/ckl/RM/Combat_vision2026/install/hik_camera:/opt/ros/humble LD_LIBRARY_PATH=/home/ckl/RM/Combat_vision2026/install/armor_solver/lib:/home/ckl/RM/Combat_vision2026/install/armor_detector/lib:/home/ckl/RM/Combat_vision2026/install/rm_utils/lib:/home/ckl/RM/Combat_vision2026/install/rm_interfaces/lib:/home/ckl/RM/Combat_vision2026/install/rm_serial_driver/lib:/home/ckl/RM/Combat_vision2026/install/hik_camera/lib:/opt/MVS/lib/64:/opt/MVS/lib/32:/opt/MVS/lib/64:/opt/MVS/lib/32:/opt/MVS/lib/64:/opt/MVS/lib/32:/opt/ros/humble/opt/rviz_ogre_vendor/lib:/opt/ros/humble/lib/x86_64-linux-gnu:/opt/ros/humble/lib:/opt/MVS/lib/64:/opt/MVS/lib/32:/opt/MVS/lib/64:/opt/MVS/lib/32:/opt/MVS/lib/64:/opt/MVS/lib/32 /usr/bin/cmake --install /home/ckl/RM/Combat_vision2026/build/rm_auto_aim
[25.461s] Level 1:colcon.colcon_core.environment:checking '/home/ckl/RM/Combat_vision2026/install/rm_auto_aim' for CMake config files
[25.461s] Level 1:colcon.colcon_core.shell:create_environment_hook('rm_auto_aim', 'cmake_prefix_path')
[25.461s] INFO:colcon.colcon_core.shell:Creating environment hook '/home/ckl/RM/Combat_vision2026/install/rm_auto_aim/share/rm_auto_aim/hook/cmake_prefix_path.ps1'
[25.461s] INFO:colcon.colcon_core.shell:Creating environment descriptor '/home/ckl/RM/Combat_vision2026/install/rm_auto_aim/share/rm_auto_aim/hook/cmake_prefix_path.dsv'
[25.462s] INFO:colcon.colcon_core.shell:Creating environment hook '/home/ckl/RM/Combat_vision2026/install/rm_auto_aim/share/rm_auto_aim/hook/cmake_prefix_path.sh'
[25.462s] Level 1:colcon.colcon_core.environment:checking '/home/ckl/RM/Combat_vision2026/install/rm_auto_aim/bin'
[25.462s] Level 1:colcon.colcon_core.environment:checking '/home/ckl/RM/Combat_vision2026/install/rm_auto_aim/lib/pkgconfig/rm_auto_aim.pc'
[25.462s] Level 1:colcon.colcon_core.environment:checking '/home/ckl/RM/Combat_vision2026/install/rm_auto_aim/lib/python3.10/site-packages'
[25.462s] Level 1:colcon.colcon_core.environment:checking '/home/ckl/RM/Combat_vision2026/install/rm_auto_aim/bin'
[25.463s] INFO:colcon.colcon_core.shell:Creating package script '/home/ckl/RM/Combat_vision2026/install/rm_auto_aim/share/rm_auto_aim/package.ps1'
[25.463s] INFO:colcon.colcon_core.shell:Creating package descriptor '/home/ckl/RM/Combat_vision2026/install/rm_auto_aim/share/rm_auto_aim/package.dsv'
[25.463s] INFO:colcon.colcon_core.shell:Creating package script '/home/ckl/RM/Combat_vision2026/install/rm_auto_aim/share/rm_auto_aim/package.sh'
[25.464s] INFO:colcon.colcon_core.shell:Creating package script '/home/ckl/RM/Combat_vision2026/install/rm_auto_aim/share/rm_auto_aim/package.bash'
[25.464s] INFO:colcon.colcon_core.shell:Creating package script '/home/ckl/RM/Combat_vision2026/install/rm_auto_aim/share/rm_auto_aim/package.zsh'
[25.464s] Level 1:colcon.colcon_core.environment:create_file_with_runtime_dependencies(/home/ckl/RM/Combat_vision2026/install/rm_auto_aim/share/colcon-core/packages/rm_auto_aim)
[25.465s] Level 1:colcon.colcon_core.environment:create_environment_scripts_only(rm_auto_aim)
[25.465s] Level 1:colcon.colcon_core.environment:checking '/home/ckl/RM/Combat_vision2026/install/rm_auto_aim' for CMake module files
[25.465s] Level 1:colcon.colcon_core.environment:checking '/home/ckl/RM/Combat_vision2026/install/rm_auto_aim' for CMake config files
[25.465s] Level 1:colcon.colcon_core.shell:create_environment_hook('rm_auto_aim', 'cmake_prefix_path')
[25.465s] INFO:colcon.colcon_core.shell:Creating environment hook '/home/ckl/RM/Combat_vision2026/install/rm_auto_aim/share/rm_auto_aim/hook/cmake_prefix_path.ps1'
[25.466s] INFO:colcon.colcon_core.shell:Creating environment descriptor '/home/ckl/RM/Combat_vision2026/install/rm_auto_aim/share/rm_auto_aim/hook/cmake_prefix_path.dsv'
[25.466s] INFO:colcon.colcon_core.shell:Creating environment hook '/home/ckl/RM/Combat_vision2026/install/rm_auto_aim/share/rm_auto_aim/hook/cmake_prefix_path.sh'
[25.466s] Level 1:colcon.colcon_core.environment:checking '/home/ckl/RM/Combat_vision2026/install/rm_auto_aim/bin'
[25.466s] Level 1:colcon.colcon_core.environment:checking '/home/ckl/RM/Combat_vision2026/install/rm_auto_aim/lib/pkgconfig/rm_auto_aim.pc'
[25.467s] Level 1:colcon.colcon_core.environment:checking '/home/ckl/RM/Combat_vision2026/install/rm_auto_aim/lib/python3.10/site-packages'
[25.467s] Level 1:colcon.colcon_core.environment:checking '/home/ckl/RM/Combat_vision2026/install/rm_auto_aim/bin'
[25.467s] INFO:colcon.colcon_core.shell:Creating package script '/home/ckl/RM/Combat_vision2026/install/rm_auto_aim/share/rm_auto_aim/package.ps1'
[25.467s] INFO:colcon.colcon_core.shell:Creating package descriptor '/home/ckl/RM/Combat_vision2026/install/rm_auto_aim/share/rm_auto_aim/package.dsv'
[25.468s] INFO:colcon.colcon_core.shell:Creating package script '/home/ckl/RM/Combat_vision2026/install/rm_auto_aim/share/rm_auto_aim/package.sh'
[25.468s] INFO:colcon.colcon_core.shell:Creating package script '/home/ckl/RM/Combat_vision2026/install/rm_auto_aim/share/rm_auto_aim/package.bash'
[25.468s] INFO:colcon.colcon_core.shell:Creating package script '/home/ckl/RM/Combat_vision2026/install/rm_auto_aim/share/rm_auto_aim/package.zsh'
[25.469s] Level 1:colcon.colcon_core.environment:create_file_with_runtime_dependencies(/home/ckl/RM/Combat_vision2026/install/rm_auto_aim/share/colcon-core/packages/rm_auto_aim)
[25.469s] INFO:colcon.colcon_ros.task.ament_cmake.build:Building ROS package in '/home/ckl/RM/Combat_vision2026/src/rm_bringup' with build type 'ament_cmake'
[25.469s] INFO:colcon.colcon_cmake.task.cmake.build:Building CMake package in '/home/ckl/RM/Combat_vision2026/src/rm_bringup'
[25.469s] INFO:colcon.colcon_core.shell:Skip shell extension 'powershell' for command environment: Not usable outside of PowerShell
[25.469s] DEBUG:colcon.colcon_core.shell:Skip shell extension 'dsv' for command environment
[25.496s] DEBUG:colcon.colcon_core.event_handler.log_command:Invoking command in '/home/ckl/RM/Combat_vision2026/build/rm_bringup': CMAKE_PREFIX_PATH=/home/ckl/RM/Combat_vision2026/install/rm_auto_aim:/home/ckl/RM/Combat_vision2026/install/rm_serial_driver:/home/ckl/RM/Combat_vision2026/install/armor_solver:/home/ckl/RM/Combat_vision2026/install/armor_detector:/home/ckl/RM/Combat_vision2026/install/rm_utils:/home/ckl/RM/Combat_vision2026/install/rm_interfaces:/home/ckl/RM/Combat_vision2026/install/rm_bringup:/home/ckl/RM/Combat_vision2026/install/rm_robot_description:/home/ckl/RM/Combat_vision2026/install/hik_camera:/opt/ros/humble LD_LIBRARY_PATH=/home/ckl/RM/Combat_vision2026/install/rm_serial_driver/lib:/home/ckl/RM/Combat_vision2026/install/armor_solver/lib:/home/ckl/RM/Combat_vision2026/install/armor_detector/lib:/home/ckl/RM/Combat_vision2026/install/rm_utils/lib:/home/ckl/RM/Combat_vision2026/install/rm_interfaces/lib:/home/ckl/RM/Combat_vision2026/install/hik_camera/lib:/opt/MVS/lib/64:/opt/MVS/lib/32:/opt/MVS/lib/64:/opt/MVS/lib/32:/opt/MVS/lib/64:/opt/MVS/lib/32:/opt/ros/humble/opt/rviz_ogre_vendor/lib:/opt/ros/humble/lib/x86_64-linux-gnu:/opt/ros/humble/lib:/opt/MVS/lib/64:/opt/MVS/lib/32:/opt/MVS/lib/64:/opt/MVS/lib/32:/opt/MVS/lib/64:/opt/MVS/lib/32 /usr/bin/cmake --build /home/ckl/RM/Combat_vision2026/build/rm_bringup -- -j16 -l16
[25.517s] DEBUG:colcon.colcon_core.event_handler.log_command:Invoked command in '/home/ckl/RM/Combat_vision2026/build/rm_bringup' returned '0': CMAKE_PREFIX_PATH=/home/ckl/RM/Combat_vision2026/install/rm_auto_aim:/home/ckl/RM/Combat_vision2026/install/rm_serial_driver:/home/ckl/RM/Combat_vision2026/install/armor_solver:/home/ckl/RM/Combat_vision2026/install/armor_detector:/home/ckl/RM/Combat_vision2026/install/rm_utils:/home/ckl/RM/Combat_vision2026/install/rm_interfaces:/home/ckl/RM/Combat_vision2026/install/rm_bringup:/home/ckl/RM/Combat_vision2026/install/rm_robot_description:/home/ckl/RM/Combat_vision2026/install/hik_camera:/opt/ros/humble LD_LIBRARY_PATH=/home/ckl/RM/Combat_vision2026/install/rm_serial_driver/lib:/home/ckl/RM/Combat_vision2026/install/armor_solver/lib:/home/ckl/RM/Combat_vision2026/install/armor_detector/lib:/home/ckl/RM/Combat_vision2026/install/rm_utils/lib:/home/ckl/RM/Combat_vision2026/install/rm_interfaces/lib:/home/ckl/RM/Combat_vision2026/install/hik_camera/lib:/opt/MVS/lib/64:/opt/MVS/lib/32:/opt/MVS/lib/64:/opt/MVS/lib/32:/opt/MVS/lib/64:/opt/MVS/lib/32:/opt/ros/humble/opt/rviz_ogre_vendor/lib:/opt/ros/humble/lib/x86_64-linux-gnu:/opt/ros/humble/lib:/opt/MVS/lib/64:/opt/MVS/lib/32:/opt/MVS/lib/64:/opt/MVS/lib/32:/opt/MVS/lib/64:/opt/MVS/lib/32 /usr/bin/cmake --build /home/ckl/RM/Combat_vision2026/build/rm_bringup -- -j16 -l16
[25.518s] DEBUG:colcon.colcon_core.event_handler.log_command:Invoking command in '/home/ckl/RM/Combat_vision2026/build/rm_bringup': CMAKE_PREFIX_PATH=/home/ckl/RM/Combat_vision2026/install/rm_auto_aim:/home/ckl/RM/Combat_vision2026/install/rm_serial_driver:/home/ckl/RM/Combat_vision2026/install/armor_solver:/home/ckl/RM/Combat_vision2026/install/armor_detector:/home/ckl/RM/Combat_vision2026/install/rm_utils:/home/ckl/RM/Combat_vision2026/install/rm_interfaces:/home/ckl/RM/Combat_vision2026/install/rm_bringup:/home/ckl/RM/Combat_vision2026/install/rm_robot_description:/home/ckl/RM/Combat_vision2026/install/hik_camera:/opt/ros/humble LD_LIBRARY_PATH=/home/ckl/RM/Combat_vision2026/install/rm_serial_driver/lib:/home/ckl/RM/Combat_vision2026/install/armor_solver/lib:/home/ckl/RM/Combat_vision2026/install/armor_detector/lib:/home/ckl/RM/Combat_vision2026/install/rm_utils/lib:/home/ckl/RM/Combat_vision2026/install/rm_interfaces/lib:/home/ckl/RM/Combat_vision2026/install/hik_camera/lib:/opt/MVS/lib/64:/opt/MVS/lib/32:/opt/MVS/lib/64:/opt/MVS/lib/32:/opt/MVS/lib/64:/opt/MVS/lib/32:/opt/ros/humble/opt/rviz_ogre_vendor/lib:/opt/ros/humble/lib/x86_64-linux-gnu:/opt/ros/humble/lib:/opt/MVS/lib/64:/opt/MVS/lib/32:/opt/MVS/lib/64:/opt/MVS/lib/32:/opt/MVS/lib/64:/opt/MVS/lib/32 /usr/bin/cmake --install /home/ckl/RM/Combat_vision2026/build/rm_bringup
[25.523s] Level 1:colcon.colcon_core.environment:create_environment_scripts_only(rm_bringup)
[25.524s] Level 1:colcon.colcon_core.environment:checking '/home/ckl/RM/Combat_vision2026/install/rm_bringup' for CMake module files
[25.524s] DEBUG:colcon.colcon_core.event_handler.log_command:Invoked command in '/home/ckl/RM/Combat_vision2026/build/rm_bringup' returned '0': CMAKE_PREFIX_PATH=/home/ckl/RM/Combat_vision2026/install/rm_auto_aim:/home/ckl/RM/Combat_vision2026/install/rm_serial_driver:/home/ckl/RM/Combat_vision2026/install/armor_solver:/home/ckl/RM/Combat_vision2026/install/armor_detector:/home/ckl/RM/Combat_vision2026/install/rm_utils:/home/ckl/RM/Combat_vision2026/install/rm_interfaces:/home/ckl/RM/Combat_vision2026/install/rm_bringup:/home/ckl/RM/Combat_vision2026/install/rm_robot_description:/home/ckl/RM/Combat_vision2026/install/hik_camera:/opt/ros/humble LD_LIBRARY_PATH=/home/ckl/RM/Combat_vision2026/install/rm_serial_driver/lib:/home/ckl/RM/Combat_vision2026/install/armor_solver/lib:/home/ckl/RM/Combat_vision2026/install/armor_detector/lib:/home/ckl/RM/Combat_vision2026/install/rm_utils/lib:/home/ckl/RM/Combat_vision2026/install/rm_interfaces/lib:/home/ckl/RM/Combat_vision2026/install/hik_camera/lib:/opt/MVS/lib/64:/opt/MVS/lib/32:/opt/MVS/lib/64:/opt/MVS/lib/32:/opt/MVS/lib/64:/opt/MVS/lib/32:/opt/ros/humble/opt/rviz_ogre_vendor/lib:/opt/ros/humble/lib/x86_64-linux-gnu:/opt/ros/humble/lib:/opt/MVS/lib/64:/opt/MVS/lib/32:/opt/MVS/lib/64:/opt/MVS/lib/32:/opt/MVS/lib/64:/opt/MVS/lib/32 /usr/bin/cmake --install /home/ckl/RM/Combat_vision2026/build/rm_bringup
[25.525s] Level 1:colcon.colcon_core.environment:checking '/home/ckl/RM/Combat_vision2026/install/rm_bringup' for CMake config files
[25.525s] Level 1:colcon.colcon_core.shell:create_environment_hook('rm_bringup', 'cmake_prefix_path')
[25.525s] INFO:colcon.colcon_core.shell:Creating environment hook '/home/ckl/RM/Combat_vision2026/install/rm_bringup/share/rm_bringup/hook/cmake_prefix_path.ps1'
[25.526s] INFO:colcon.colcon_core.shell:Creating environment descriptor '/home/ckl/RM/Combat_vision2026/install/rm_bringup/share/rm_bringup/hook/cmake_prefix_path.dsv'
[25.526s] INFO:colcon.colcon_core.shell:Creating environment hook '/home/ckl/RM/Combat_vision2026/install/rm_bringup/share/rm_bringup/hook/cmake_prefix_path.sh'
[25.526s] Level 1:colcon.colcon_core.environment:checking '/home/ckl/RM/Combat_vision2026/install/rm_bringup/bin'
[25.527s] Level 1:colcon.colcon_core.environment:checking '/home/ckl/RM/Combat_vision2026/install/rm_bringup/lib/pkgconfig/rm_bringup.pc'
[25.527s] Level 1:colcon.colcon_core.environment:checking '/home/ckl/RM/Combat_vision2026/install/rm_bringup/lib/python3.10/site-packages'
[25.527s] Level 1:colcon.colcon_core.environment:checking '/home/ckl/RM/Combat_vision2026/install/rm_bringup/bin'
[25.527s] INFO:colcon.colcon_core.shell:Creating package script '/home/ckl/RM/Combat_vision2026/install/rm_bringup/share/rm_bringup/package.ps1'
[25.527s] INFO:colcon.colcon_core.shell:Creating package descriptor '/home/ckl/RM/Combat_vision2026/install/rm_bringup/share/rm_bringup/package.dsv'
[25.528s] INFO:colcon.colcon_core.shell:Creating package script '/home/ckl/RM/Combat_vision2026/install/rm_bringup/share/rm_bringup/package.sh'
[25.528s] INFO:colcon.colcon_core.shell:Creating package script '/home/ckl/RM/Combat_vision2026/install/rm_bringup/share/rm_bringup/package.bash'
[25.528s] INFO:colcon.colcon_core.shell:Creating package script '/home/ckl/RM/Combat_vision2026/install/rm_bringup/share/rm_bringup/package.zsh'
[25.528s] Level 1:colcon.colcon_core.environment:create_file_with_runtime_dependencies(/home/ckl/RM/Combat_vision2026/install/rm_bringup/share/colcon-core/packages/rm_bringup)
[25.529s] Level 1:colcon.colcon_core.environment:create_environment_scripts_only(rm_bringup)
[25.529s] Level 1:colcon.colcon_core.environment:checking '/home/ckl/RM/Combat_vision2026/install/rm_bringup' for CMake module files
[25.529s] Level 1:colcon.colcon_core.environment:checking '/home/ckl/RM/Combat_vision2026/install/rm_bringup' for CMake config files
[25.529s] Level 1:colcon.colcon_core.shell:create_environment_hook('rm_bringup', 'cmake_prefix_path')
[25.530s] INFO:colcon.colcon_core.shell:Creating environment hook '/home/ckl/RM/Combat_vision2026/install/rm_bringup/share/rm_bringup/hook/cmake_prefix_path.ps1'
[25.530s] INFO:colcon.colcon_core.shell:Creating environment descriptor '/home/ckl/RM/Combat_vision2026/install/rm_bringup/share/rm_bringup/hook/cmake_prefix_path.dsv'
[25.530s] INFO:colcon.colcon_core.shell:Creating environment hook '/home/ckl/RM/Combat_vision2026/install/rm_bringup/share/rm_bringup/hook/cmake_prefix_path.sh'
[25.530s] Level 1:colcon.colcon_core.environment:checking '/home/ckl/RM/Combat_vision2026/install/rm_bringup/bin'
[25.530s] Level 1:colcon.colcon_core.environment:checking '/home/ckl/RM/Combat_vision2026/install/rm_bringup/lib/pkgconfig/rm_bringup.pc'
[25.531s] Level 1:colcon.colcon_core.environment:checking '/home/ckl/RM/Combat_vision2026/install/rm_bringup/lib/python3.10/site-packages'
[25.531s] Level 1:colcon.colcon_core.environment:checking '/home/ckl/RM/Combat_vision2026/install/rm_bringup/bin'
[25.531s] INFO:colcon.colcon_core.shell:Creating package script '/home/ckl/RM/Combat_vision2026/install/rm_bringup/share/rm_bringup/package.ps1'
[25.532s] INFO:colcon.colcon_core.shell:Creating package descriptor '/home/ckl/RM/Combat_vision2026/install/rm_bringup/share/rm_bringup/package.dsv'
[25.532s] INFO:colcon.colcon_core.shell:Creating package script '/home/ckl/RM/Combat_vision2026/install/rm_bringup/share/rm_bringup/package.sh'
[25.532s] INFO:colcon.colcon_core.shell:Creating package script '/home/ckl/RM/Combat_vision2026/install/rm_bringup/share/rm_bringup/package.bash'
[25.533s] INFO:colcon.colcon_core.shell:Creating package script '/home/ckl/RM/Combat_vision2026/install/rm_bringup/share/rm_bringup/package.zsh'
[25.533s] Level 1:colcon.colcon_core.environment:create_file_with_runtime_dependencies(/home/ckl/RM/Combat_vision2026/install/rm_bringup/share/colcon-core/packages/rm_bringup)
[25.533s] DEBUG:colcon.colcon_parallel_executor.executor.parallel:closing loop
[25.534s] DEBUG:colcon.colcon_parallel_executor.executor.parallel:loop closed
[25.534s] DEBUG:colcon.colcon_parallel_executor.executor.parallel:run_until_complete finished with '0'
[25.534s] DEBUG:colcon.colcon_core.event_reactor:joining thread
[25.539s] INFO:colcon.colcon_core.plugin_system:Skipping extension 'colcon_notification.desktop_notification.terminal_notifier': Not used on non-Darwin systems
[25.539s] INFO:colcon.colcon_core.plugin_system:Skipping extension 'colcon_notification.desktop_notification.win32': Not used on non-Windows systems
[25.539s] INFO:colcon.colcon_notification.desktop_notification:Sending desktop notification using 'notify2'
[25.550s] DEBUG:colcon.colcon_core.event_reactor:joined thread
[25.550s] INFO:colcon.colcon_core.shell:Creating prefix script '/home/ckl/RM/Combat_vision2026/install/local_setup.ps1'
[25.551s] INFO:colcon.colcon_core.shell:Creating prefix util module '/home/ckl/RM/Combat_vision2026/install/_local_setup_util_ps1.py'
[25.552s] INFO:colcon.colcon_core.shell:Creating prefix chain script '/home/ckl/RM/Combat_vision2026/install/setup.ps1'
[25.553s] INFO:colcon.colcon_core.shell:Creating prefix script '/home/ckl/RM/Combat_vision2026/install/local_setup.sh'
[25.554s] INFO:colcon.colcon_core.shell:Creating prefix util module '/home/ckl/RM/Combat_vision2026/install/_local_setup_util_sh.py'
[25.554s] INFO:colcon.colcon_core.shell:Creating prefix chain script '/home/ckl/RM/Combat_vision2026/install/setup.sh'
[25.555s] INFO:colcon.colcon_core.shell:Creating prefix script '/home/ckl/RM/Combat_vision2026/install/local_setup.bash'
[25.556s] INFO:colcon.colcon_core.shell:Creating prefix chain script '/home/ckl/RM/Combat_vision2026/install/setup.bash'
[25.557s] INFO:colcon.colcon_core.shell:Creating prefix script '/home/ckl/RM/Combat_vision2026/install/local_setup.zsh'
[25.557s] INFO:colcon.colcon_core.shell:Creating prefix chain script '/home/ckl/RM/Combat_vision2026/install/setup.zsh'
