[0.072s] DEBUG:colcon:Command line arguments: ['/usr/bin/colcon', 'build']
[0.072s] DEBUG:colcon:Parsed command line arguments: Namespace(log_base=None, log_level=None, verb_name='build', build_base='build', install_base='install', merge_install=False, symlink_install=False, test_result_base=None, continue_on_error=False, executor='parallel', parallel_workers=16, event_handlers=None, ignore_user_meta=False, metas=['./colcon.meta'], base_paths=['.'], packages_ignore=None, packages_ignore_regex=None, paths=None, packages_up_to=None, packages_up_to_regex=None, packages_above=None, packages_above_and_dependencies=None, packages_above_depth=None, packages_select_by_dep=None, packages_skip_by_dep=None, packages_skip_up_to=None, packages_select_build_failed=False, packages_skip_build_finished=False, packages_select_test_failures=False, packages_skip_test_passed=False, packages_select=None, packages_skip=None, packages_select_regex=None, packages_skip_regex=None, packages_start=None, packages_end=None, allow_overriding=[], cmake_args=None, cmake_target=None, cmake_target_skip_unavailable=False, cmake_clean_cache=False, cmake_clean_first=False, cmake_force_configure=False, ament_cmake_args=None, catkin_cmake_args=None, catkin_skip_building_tests=False, verb_parser=<colcon_defaults.argument_parser.defaults.DefaultArgumentsDecorator object at 0x72e183d2fd60>, verb_extension=<colcon_core.verb.build.BuildVerb object at 0x72e183e79240>, main=<bound method BuildVerb.main of <colcon_core.verb.build.BuildVerb object at 0x72e183e79240>>)
[0.187s] Level 1:colcon.colcon_core.package_discovery:discover_packages(colcon_meta) check parameters
[0.187s] Level 1:colcon.colcon_core.package_discovery:discover_packages(recursive) check parameters
[0.187s] Level 1:colcon.colcon_core.package_discovery:discover_packages(ignore) check parameters
[0.187s] Level 1:colcon.colcon_core.package_discovery:discover_packages(path) check parameters
[0.187s] Level 1:colcon.colcon_core.package_discovery:discover_packages(colcon_meta) discover
[0.187s] Level 1:colcon.colcon_core.package_discovery:discover_packages(recursive) discover
[0.187s] INFO:colcon.colcon_core.package_discovery:Crawling recursively for packages in '/home/ckl/RM/Combat_vision2026'
[0.187s] Level 1:colcon.colcon_core.package_identification:_identify(.) by extensions ['ignore', 'ignore_ament_install']
[0.187s] Level 1:colcon.colcon_core.package_identification:_identify(.) by extension 'ignore'
[0.187s] Level 1:colcon.colcon_core.package_identification:_identify(.) by extension 'ignore_ament_install'
[0.187s] Level 1:colcon.colcon_core.package_identification:_identify(.) by extensions ['colcon_pkg']
[0.187s] Level 1:colcon.colcon_core.package_identification:_identify(.) by extension 'colcon_pkg'
[0.187s] Level 1:colcon.colcon_core.package_identification:_identify(.) by extensions ['colcon_meta']
[0.187s] Level 1:colcon.colcon_core.package_identification:_identify(.) by extension 'colcon_meta'
[0.187s] Level 1:colcon.colcon_core.package_identification:_identify(.) by extensions ['ros']
[0.187s] Level 1:colcon.colcon_core.package_identification:_identify(.) by extension 'ros'
[0.195s] Level 1:colcon.colcon_core.package_identification:_identify(.) by extensions ['cmake', 'python']
[0.196s] Level 1:colcon.colcon_core.package_identification:_identify(.) by extension 'cmake'
[0.196s] Level 1:colcon.colcon_core.package_identification:_identify(.) by extension 'python'
[0.196s] Level 1:colcon.colcon_core.package_identification:_identify(.) by extensions ['python_setup_py']
[0.196s] Level 1:colcon.colcon_core.package_identification:_identify(.) by extension 'python_setup_py'
[0.196s] Level 1:colcon.colcon_core.package_identification:_identify(build) by extensions ['ignore', 'ignore_ament_install']
[0.196s] Level 1:colcon.colcon_core.package_identification:_identify(build) by extension 'ignore'
[0.196s] Level 1:colcon.colcon_core.package_identification:_identify(build) ignored
[0.196s] Level 1:colcon.colcon_core.package_identification:_identify(install) by extensions ['ignore', 'ignore_ament_install']
[0.196s] Level 1:colcon.colcon_core.package_identification:_identify(install) by extension 'ignore'
[0.196s] Level 1:colcon.colcon_core.package_identification:_identify(install) ignored
[0.196s] Level 1:colcon.colcon_core.package_identification:_identify(log) by extensions ['ignore', 'ignore_ament_install']
[0.196s] Level 1:colcon.colcon_core.package_identification:_identify(log) by extension 'ignore'
[0.196s] Level 1:colcon.colcon_core.package_identification:_identify(log) ignored
[0.197s] Level 1:colcon.colcon_core.package_identification:_identify(src) by extensions ['ignore', 'ignore_ament_install']
[0.197s] Level 1:colcon.colcon_core.package_identification:_identify(src) by extension 'ignore'
[0.197s] Level 1:colcon.colcon_core.package_identification:_identify(src) by extension 'ignore_ament_install'
[0.197s] Level 1:colcon.colcon_core.package_identification:_identify(src) by extensions ['colcon_pkg']
[0.197s] Level 1:colcon.colcon_core.package_identification:_identify(src) by extension 'colcon_pkg'
[0.197s] Level 1:colcon.colcon_core.package_identification:_identify(src) by extensions ['colcon_meta']
[0.197s] Level 1:colcon.colcon_core.package_identification:_identify(src) by extension 'colcon_meta'
[0.197s] Level 1:colcon.colcon_core.package_identification:_identify(src) by extensions ['ros']
[0.197s] Level 1:colcon.colcon_core.package_identification:_identify(src) by extension 'ros'
[0.197s] Level 1:colcon.colcon_core.package_identification:_identify(src) by extensions ['cmake', 'python']
[0.197s] Level 1:colcon.colcon_core.package_identification:_identify(src) by extension 'cmake'
[0.197s] Level 1:colcon.colcon_core.package_identification:_identify(src) by extension 'python'
[0.197s] Level 1:colcon.colcon_core.package_identification:_identify(src) by extensions ['python_setup_py']
[0.197s] Level 1:colcon.colcon_core.package_identification:_identify(src) by extension 'python_setup_py'
[0.197s] Level 1:colcon.colcon_core.package_identification:_identify(src/rm_auto_aim) by extensions ['ignore', 'ignore_ament_install']
[0.197s] Level 1:colcon.colcon_core.package_identification:_identify(src/rm_auto_aim) by extension 'ignore'
[0.197s] Level 1:colcon.colcon_core.package_identification:_identify(src/rm_auto_aim) by extension 'ignore_ament_install'
[0.197s] Level 1:colcon.colcon_core.package_identification:_identify(src/rm_auto_aim) by extensions ['colcon_pkg']
[0.197s] Level 1:colcon.colcon_core.package_identification:_identify(src/rm_auto_aim) by extension 'colcon_pkg'
[0.197s] Level 1:colcon.colcon_core.package_identification:_identify(src/rm_auto_aim) by extensions ['colcon_meta']
[0.197s] Level 1:colcon.colcon_core.package_identification:_identify(src/rm_auto_aim) by extension 'colcon_meta'
[0.197s] Level 1:colcon.colcon_core.package_identification:_identify(src/rm_auto_aim) by extensions ['ros']
[0.197s] Level 1:colcon.colcon_core.package_identification:_identify(src/rm_auto_aim) by extension 'ros'
[0.197s] Level 1:colcon.colcon_core.package_identification:_identify(src/rm_auto_aim) by extensions ['cmake', 'python']
[0.197s] Level 1:colcon.colcon_core.package_identification:_identify(src/rm_auto_aim) by extension 'cmake'
[0.197s] Level 1:colcon.colcon_core.package_identification:_identify(src/rm_auto_aim) by extension 'python'
[0.197s] Level 1:colcon.colcon_core.package_identification:_identify(src/rm_auto_aim) by extensions ['python_setup_py']
[0.197s] Level 1:colcon.colcon_core.package_identification:_identify(src/rm_auto_aim) by extension 'python_setup_py'
[0.198s] Level 1:colcon.colcon_core.package_identification:_identify(src/rm_auto_aim/armor_detector) by extensions ['ignore', 'ignore_ament_install']
[0.198s] Level 1:colcon.colcon_core.package_identification:_identify(src/rm_auto_aim/armor_detector) by extension 'ignore'
[0.198s] Level 1:colcon.colcon_core.package_identification:_identify(src/rm_auto_aim/armor_detector) by extension 'ignore_ament_install'
[0.198s] Level 1:colcon.colcon_core.package_identification:_identify(src/rm_auto_aim/armor_detector) by extensions ['colcon_pkg']
[0.198s] Level 1:colcon.colcon_core.package_identification:_identify(src/rm_auto_aim/armor_detector) by extension 'colcon_pkg'
[0.198s] Level 1:colcon.colcon_core.package_identification:_identify(src/rm_auto_aim/armor_detector) by extensions ['colcon_meta']
[0.198s] Level 1:colcon.colcon_core.package_identification:_identify(src/rm_auto_aim/armor_detector) by extension 'colcon_meta'
[0.198s] Level 1:colcon.colcon_core.package_identification:_identify(src/rm_auto_aim/armor_detector) by extensions ['ros']
[0.198s] Level 1:colcon.colcon_core.package_identification:_identify(src/rm_auto_aim/armor_detector) by extension 'ros'
[0.201s] DEBUG:colcon.colcon_core.package_identification:Package 'src/rm_auto_aim/armor_detector' with type 'ros.ament_cmake' and name 'armor_detector'
[0.201s] Level 1:colcon.colcon_core.package_identification:_identify(src/rm_auto_aim/armor_solver) by extensions ['ignore', 'ignore_ament_install']
[0.201s] Level 1:colcon.colcon_core.package_identification:_identify(src/rm_auto_aim/armor_solver) by extension 'ignore'
[0.201s] Level 1:colcon.colcon_core.package_identification:_identify(src/rm_auto_aim/armor_solver) by extension 'ignore_ament_install'
[0.201s] Level 1:colcon.colcon_core.package_identification:_identify(src/rm_auto_aim/armor_solver) by extensions ['colcon_pkg']
[0.201s] Level 1:colcon.colcon_core.package_identification:_identify(src/rm_auto_aim/armor_solver) by extension 'colcon_pkg'
[0.201s] Level 1:colcon.colcon_core.package_identification:_identify(src/rm_auto_aim/armor_solver) by extensions ['colcon_meta']
[0.201s] Level 1:colcon.colcon_core.package_identification:_identify(src/rm_auto_aim/armor_solver) by extension 'colcon_meta'
[0.201s] Level 1:colcon.colcon_core.package_identification:_identify(src/rm_auto_aim/armor_solver) by extensions ['ros']
[0.201s] Level 1:colcon.colcon_core.package_identification:_identify(src/rm_auto_aim/armor_solver) by extension 'ros'
[0.202s] DEBUG:colcon.colcon_core.package_identification:Package 'src/rm_auto_aim/armor_solver' with type 'ros.ament_cmake' and name 'armor_solver'
[0.202s] Level 1:colcon.colcon_core.package_identification:_identify(src/rm_auto_aim/rm_auto_aim) by extensions ['ignore', 'ignore_ament_install']
[0.202s] Level 1:colcon.colcon_core.package_identification:_identify(src/rm_auto_aim/rm_auto_aim) by extension 'ignore'
[0.202s] Level 1:colcon.colcon_core.package_identification:_identify(src/rm_auto_aim/rm_auto_aim) by extension 'ignore_ament_install'
[0.202s] Level 1:colcon.colcon_core.package_identification:_identify(src/rm_auto_aim/rm_auto_aim) by extensions ['colcon_pkg']
[0.202s] Level 1:colcon.colcon_core.package_identification:_identify(src/rm_auto_aim/rm_auto_aim) by extension 'colcon_pkg'
[0.202s] Level 1:colcon.colcon_core.package_identification:_identify(src/rm_auto_aim/rm_auto_aim) by extensions ['colcon_meta']
[0.202s] Level 1:colcon.colcon_core.package_identification:_identify(src/rm_auto_aim/rm_auto_aim) by extension 'colcon_meta'
[0.202s] Level 1:colcon.colcon_core.package_identification:_identify(src/rm_auto_aim/rm_auto_aim) by extensions ['ros']
[0.202s] Level 1:colcon.colcon_core.package_identification:_identify(src/rm_auto_aim/rm_auto_aim) by extension 'ros'
[0.202s] DEBUG:colcon.colcon_core.package_identification:Package 'src/rm_auto_aim/rm_auto_aim' with type 'ros.ament_cmake' and name 'rm_auto_aim'
[0.203s] Level 1:colcon.colcon_core.package_identification:_identify(src/rm_bringup) by extensions ['ignore', 'ignore_ament_install']
[0.203s] Level 1:colcon.colcon_core.package_identification:_identify(src/rm_bringup) by extension 'ignore'
[0.203s] Level 1:colcon.colcon_core.package_identification:_identify(src/rm_bringup) by extension 'ignore_ament_install'
[0.203s] Level 1:colcon.colcon_core.package_identification:_identify(src/rm_bringup) by extensions ['colcon_pkg']
[0.203s] Level 1:colcon.colcon_core.package_identification:_identify(src/rm_bringup) by extension 'colcon_pkg'
[0.203s] Level 1:colcon.colcon_core.package_identification:_identify(src/rm_bringup) by extensions ['colcon_meta']
[0.203s] Level 1:colcon.colcon_core.package_identification:_identify(src/rm_bringup) by extension 'colcon_meta'
[0.203s] Level 1:colcon.colcon_core.package_identification:_identify(src/rm_bringup) by extensions ['ros']
[0.203s] Level 1:colcon.colcon_core.package_identification:_identify(src/rm_bringup) by extension 'ros'
[0.203s] DEBUG:colcon.colcon_core.package_identification:Package 'src/rm_bringup' with type 'ros.ament_cmake' and name 'rm_bringup'
[0.203s] Level 1:colcon.colcon_core.package_identification:_identify(src/rm_hardware_driver) by extensions ['ignore', 'ignore_ament_install']
[0.203s] Level 1:colcon.colcon_core.package_identification:_identify(src/rm_hardware_driver) by extension 'ignore'
[0.203s] Level 1:colcon.colcon_core.package_identification:_identify(src/rm_hardware_driver) by extension 'ignore_ament_install'
[0.203s] Level 1:colcon.colcon_core.package_identification:_identify(src/rm_hardware_driver) by extensions ['colcon_pkg']
[0.203s] Level 1:colcon.colcon_core.package_identification:_identify(src/rm_hardware_driver) by extension 'colcon_pkg'
[0.204s] Level 1:colcon.colcon_core.package_identification:_identify(src/rm_hardware_driver) by extensions ['colcon_meta']
[0.204s] Level 1:colcon.colcon_core.package_identification:_identify(src/rm_hardware_driver) by extension 'colcon_meta'
[0.204s] Level 1:colcon.colcon_core.package_identification:_identify(src/rm_hardware_driver) by extensions ['ros']
[0.204s] Level 1:colcon.colcon_core.package_identification:_identify(src/rm_hardware_driver) by extension 'ros'
[0.204s] Level 1:colcon.colcon_core.package_identification:_identify(src/rm_hardware_driver) by extensions ['cmake', 'python']
[0.204s] Level 1:colcon.colcon_core.package_identification:_identify(src/rm_hardware_driver) by extension 'cmake'
[0.204s] Level 1:colcon.colcon_core.package_identification:_identify(src/rm_hardware_driver) by extension 'python'
[0.204s] Level 1:colcon.colcon_core.package_identification:_identify(src/rm_hardware_driver) by extensions ['python_setup_py']
[0.204s] Level 1:colcon.colcon_core.package_identification:_identify(src/rm_hardware_driver) by extension 'python_setup_py'
[0.204s] Level 1:colcon.colcon_core.package_identification:_identify(src/rm_hardware_driver/rm_serial_driver) by extensions ['ignore', 'ignore_ament_install']
[0.204s] Level 1:colcon.colcon_core.package_identification:_identify(src/rm_hardware_driver/rm_serial_driver) by extension 'ignore'
[0.204s] Level 1:colcon.colcon_core.package_identification:_identify(src/rm_hardware_driver/rm_serial_driver) by extension 'ignore_ament_install'
[0.204s] Level 1:colcon.colcon_core.package_identification:_identify(src/rm_hardware_driver/rm_serial_driver) by extensions ['colcon_pkg']
[0.204s] Level 1:colcon.colcon_core.package_identification:_identify(src/rm_hardware_driver/rm_serial_driver) by extension 'colcon_pkg'
[0.204s] Level 1:colcon.colcon_core.package_identification:_identify(src/rm_hardware_driver/rm_serial_driver) by extensions ['colcon_meta']
[0.204s] Level 1:colcon.colcon_core.package_identification:_identify(src/rm_hardware_driver/rm_serial_driver) by extension 'colcon_meta'
[0.204s] Level 1:colcon.colcon_core.package_identification:_identify(src/rm_hardware_driver/rm_serial_driver) by extensions ['ros']
[0.204s] Level 1:colcon.colcon_core.package_identification:_identify(src/rm_hardware_driver/rm_serial_driver) by extension 'ros'
[0.205s] DEBUG:colcon.colcon_core.package_identification:Package 'src/rm_hardware_driver/rm_serial_driver' with type 'ros.ament_cmake' and name 'rm_serial_driver'
[0.205s] Level 1:colcon.colcon_core.package_identification:_identify(src/rm_hardware_driver/ros2_hik_camera) by extensions ['ignore', 'ignore_ament_install']
[0.205s] Level 1:colcon.colcon_core.package_identification:_identify(src/rm_hardware_driver/ros2_hik_camera) by extension 'ignore'
[0.205s] Level 1:colcon.colcon_core.package_identification:_identify(src/rm_hardware_driver/ros2_hik_camera) by extension 'ignore_ament_install'
[0.205s] Level 1:colcon.colcon_core.package_identification:_identify(src/rm_hardware_driver/ros2_hik_camera) by extensions ['colcon_pkg']
[0.205s] Level 1:colcon.colcon_core.package_identification:_identify(src/rm_hardware_driver/ros2_hik_camera) by extension 'colcon_pkg'
[0.205s] Level 1:colcon.colcon_core.package_identification:_identify(src/rm_hardware_driver/ros2_hik_camera) by extensions ['colcon_meta']
[0.205s] Level 1:colcon.colcon_core.package_identification:_identify(src/rm_hardware_driver/ros2_hik_camera) by extension 'colcon_meta'
[0.205s] Level 1:colcon.colcon_core.package_identification:_identify(src/rm_hardware_driver/ros2_hik_camera) by extensions ['ros']
[0.205s] Level 1:colcon.colcon_core.package_identification:_identify(src/rm_hardware_driver/ros2_hik_camera) by extension 'ros'
[0.206s] DEBUG:colcon.colcon_core.package_identification:Package 'src/rm_hardware_driver/ros2_hik_camera' with type 'ros.ament_cmake' and name 'hik_camera'
[0.206s] Level 1:colcon.colcon_core.package_identification:_identify(src/rm_interfaces) by extensions ['ignore', 'ignore_ament_install']
[0.206s] Level 1:colcon.colcon_core.package_identification:_identify(src/rm_interfaces) by extension 'ignore'
[0.206s] Level 1:colcon.colcon_core.package_identification:_identify(src/rm_interfaces) by extension 'ignore_ament_install'
[0.206s] Level 1:colcon.colcon_core.package_identification:_identify(src/rm_interfaces) by extensions ['colcon_pkg']
[0.206s] Level 1:colcon.colcon_core.package_identification:_identify(src/rm_interfaces) by extension 'colcon_pkg'
[0.206s] Level 1:colcon.colcon_core.package_identification:_identify(src/rm_interfaces) by extensions ['colcon_meta']
[0.206s] Level 1:colcon.colcon_core.package_identification:_identify(src/rm_interfaces) by extension 'colcon_meta'
[0.206s] Level 1:colcon.colcon_core.package_identification:_identify(src/rm_interfaces) by extensions ['ros']
[0.206s] Level 1:colcon.colcon_core.package_identification:_identify(src/rm_interfaces) by extension 'ros'
[0.207s] DEBUG:colcon.colcon_core.package_identification:Package 'src/rm_interfaces' with type 'ros.ament_cmake' and name 'rm_interfaces'
[0.207s] Level 1:colcon.colcon_core.package_identification:_identify(src/rm_robot_description) by extensions ['ignore', 'ignore_ament_install']
[0.207s] Level 1:colcon.colcon_core.package_identification:_identify(src/rm_robot_description) by extension 'ignore'
[0.207s] Level 1:colcon.colcon_core.package_identification:_identify(src/rm_robot_description) by extension 'ignore_ament_install'
[0.207s] Level 1:colcon.colcon_core.package_identification:_identify(src/rm_robot_description) by extensions ['colcon_pkg']
[0.207s] Level 1:colcon.colcon_core.package_identification:_identify(src/rm_robot_description) by extension 'colcon_pkg'
[0.207s] Level 1:colcon.colcon_core.package_identification:_identify(src/rm_robot_description) by extensions ['colcon_meta']
[0.207s] Level 1:colcon.colcon_core.package_identification:_identify(src/rm_robot_description) by extension 'colcon_meta'
[0.207s] Level 1:colcon.colcon_core.package_identification:_identify(src/rm_robot_description) by extensions ['ros']
[0.207s] Level 1:colcon.colcon_core.package_identification:_identify(src/rm_robot_description) by extension 'ros'
[0.207s] DEBUG:colcon.colcon_core.package_identification:Package 'src/rm_robot_description' with type 'ros.ament_cmake' and name 'rm_robot_description'
[0.207s] Level 1:colcon.colcon_core.package_identification:_identify(src/rm_upstart) by extensions ['ignore', 'ignore_ament_install']
[0.207s] Level 1:colcon.colcon_core.package_identification:_identify(src/rm_upstart) by extension 'ignore'
[0.207s] Level 1:colcon.colcon_core.package_identification:_identify(src/rm_upstart) by extension 'ignore_ament_install'
[0.207s] Level 1:colcon.colcon_core.package_identification:_identify(src/rm_upstart) by extensions ['colcon_pkg']
[0.207s] Level 1:colcon.colcon_core.package_identification:_identify(src/rm_upstart) by extension 'colcon_pkg'
[0.208s] Level 1:colcon.colcon_core.package_identification:_identify(src/rm_upstart) by extensions ['colcon_meta']
[0.208s] Level 1:colcon.colcon_core.package_identification:_identify(src/rm_upstart) by extension 'colcon_meta'
[0.208s] Level 1:colcon.colcon_core.package_identification:_identify(src/rm_upstart) by extensions ['ros']
[0.208s] Level 1:colcon.colcon_core.package_identification:_identify(src/rm_upstart) by extension 'ros'
[0.208s] Level 1:colcon.colcon_core.package_identification:_identify(src/rm_upstart) by extensions ['cmake', 'python']
[0.208s] Level 1:colcon.colcon_core.package_identification:_identify(src/rm_upstart) by extension 'cmake'
[0.208s] Level 1:colcon.colcon_core.package_identification:_identify(src/rm_upstart) by extension 'python'
[0.208s] Level 1:colcon.colcon_core.package_identification:_identify(src/rm_upstart) by extensions ['python_setup_py']
[0.208s] Level 1:colcon.colcon_core.package_identification:_identify(src/rm_upstart) by extension 'python_setup_py'
[0.208s] Level 1:colcon.colcon_core.package_identification:_identify(src/rm_utils) by extensions ['ignore', 'ignore_ament_install']
[0.208s] Level 1:colcon.colcon_core.package_identification:_identify(src/rm_utils) by extension 'ignore'
[0.208s] Level 1:colcon.colcon_core.package_identification:_identify(src/rm_utils) by extension 'ignore_ament_install'
[0.208s] Level 1:colcon.colcon_core.package_identification:_identify(src/rm_utils) by extensions ['colcon_pkg']
[0.208s] Level 1:colcon.colcon_core.package_identification:_identify(src/rm_utils) by extension 'colcon_pkg'
[0.208s] Level 1:colcon.colcon_core.package_identification:_identify(src/rm_utils) by extensions ['colcon_meta']
[0.208s] Level 1:colcon.colcon_core.package_identification:_identify(src/rm_utils) by extension 'colcon_meta'
[0.208s] Level 1:colcon.colcon_core.package_identification:_identify(src/rm_utils) by extensions ['ros']
[0.209s] Level 1:colcon.colcon_core.package_identification:_identify(src/rm_utils) by extension 'ros'
[0.209s] DEBUG:colcon.colcon_core.package_identification:Package 'src/rm_utils' with type 'ros.ament_cmake' and name 'rm_utils'
[0.209s] Level 1:colcon.colcon_core.package_discovery:discover_packages(recursive) using defaults
[0.209s] Level 1:colcon.colcon_core.package_discovery:discover_packages(ignore) discover
[0.209s] Level 1:colcon.colcon_core.package_discovery:discover_packages(ignore) using defaults
[0.209s] Level 1:colcon.colcon_core.package_discovery:discover_packages(path) discover
[0.209s] Level 1:colcon.colcon_core.package_discovery:discover_packages(path) using defaults
[0.231s] Level 1:colcon.colcon_core.package_discovery:discover_packages(prefix_path) check parameters
[0.231s] Level 1:colcon.colcon_core.package_discovery:discover_packages(prefix_path) discover
[0.233s] DEBUG:colcon.colcon_installed_package_information.package_discovery:Found 9 installed packages in /home/ckl/RM/Combat_vision2026/install
[0.234s] DEBUG:colcon.colcon_installed_package_information.package_discovery:Found 322 installed packages in /opt/ros/humble
[0.235s] Level 1:colcon.colcon_core.package_discovery:discover_packages(prefix_path) using defaults
[0.264s] Level 5:colcon.colcon_core.verb:set package 'hik_camera' build argument 'cmake_args' from command line to 'None'
[0.264s] Level 5:colcon.colcon_core.verb:set package 'hik_camera' build argument 'cmake_target' from command line to 'None'
[0.264s] Level 5:colcon.colcon_core.verb:set package 'hik_camera' build argument 'cmake_target_skip_unavailable' from command line to 'False'
[0.264s] Level 5:colcon.colcon_core.verb:set package 'hik_camera' build argument 'cmake_clean_cache' from command line to 'False'
[0.264s] Level 5:colcon.colcon_core.verb:set package 'hik_camera' build argument 'cmake_clean_first' from command line to 'False'
[0.264s] Level 5:colcon.colcon_core.verb:set package 'hik_camera' build argument 'cmake_force_configure' from command line to 'False'
[0.264s] Level 5:colcon.colcon_core.verb:set package 'hik_camera' build argument 'ament_cmake_args' from command line to 'None'
[0.264s] Level 5:colcon.colcon_core.verb:set package 'hik_camera' build argument 'catkin_cmake_args' from command line to 'None'
[0.264s] Level 5:colcon.colcon_core.verb:set package 'hik_camera' build argument 'catkin_skip_building_tests' from command line to 'False'
[0.264s] DEBUG:colcon.colcon_core.verb:Building package 'hik_camera' with the following arguments: {'ament_cmake_args': None, 'build_base': '/home/ckl/RM/Combat_vision2026/build/hik_camera', 'catkin_cmake_args': None, 'catkin_skip_building_tests': False, 'cmake_args': None, 'cmake_clean_cache': False, 'cmake_clean_first': False, 'cmake_force_configure': False, 'cmake_target': None, 'cmake_target_skip_unavailable': False, 'install_base': '/home/ckl/RM/Combat_vision2026/install/hik_camera', 'merge_install': False, 'path': '/home/ckl/RM/Combat_vision2026/src/rm_hardware_driver/ros2_hik_camera', 'symlink_install': False, 'test_result_base': None}
[0.264s] Level 5:colcon.colcon_core.verb:set package 'rm_interfaces' build argument 'cmake_args' from command line to 'None'
[0.264s] Level 5:colcon.colcon_core.verb:set package 'rm_interfaces' build argument 'cmake_target' from command line to 'None'
[0.264s] Level 5:colcon.colcon_core.verb:set package 'rm_interfaces' build argument 'cmake_target_skip_unavailable' from command line to 'False'
[0.264s] Level 5:colcon.colcon_core.verb:set package 'rm_interfaces' build argument 'cmake_clean_cache' from command line to 'False'
[0.264s] Level 5:colcon.colcon_core.verb:set package 'rm_interfaces' build argument 'cmake_clean_first' from command line to 'False'
[0.264s] Level 5:colcon.colcon_core.verb:set package 'rm_interfaces' build argument 'cmake_force_configure' from command line to 'False'
[0.264s] Level 5:colcon.colcon_core.verb:set package 'rm_interfaces' build argument 'ament_cmake_args' from command line to 'None'
[0.264s] Level 5:colcon.colcon_core.verb:set package 'rm_interfaces' build argument 'catkin_cmake_args' from command line to 'None'
[0.264s] Level 5:colcon.colcon_core.verb:set package 'rm_interfaces' build argument 'catkin_skip_building_tests' from command line to 'False'
[0.264s] DEBUG:colcon.colcon_core.verb:Building package 'rm_interfaces' with the following arguments: {'ament_cmake_args': None, 'build_base': '/home/ckl/RM/Combat_vision2026/build/rm_interfaces', 'catkin_cmake_args': None, 'catkin_skip_building_tests': False, 'cmake_args': None, 'cmake_clean_cache': False, 'cmake_clean_first': False, 'cmake_force_configure': False, 'cmake_target': None, 'cmake_target_skip_unavailable': False, 'install_base': '/home/ckl/RM/Combat_vision2026/install/rm_interfaces', 'merge_install': False, 'path': '/home/ckl/RM/Combat_vision2026/src/rm_interfaces', 'symlink_install': False, 'test_result_base': None}
[0.264s] Level 5:colcon.colcon_core.verb:set package 'rm_robot_description' build argument 'cmake_args' from command line to 'None'
[0.264s] Level 5:colcon.colcon_core.verb:set package 'rm_robot_description' build argument 'cmake_target' from command line to 'None'
[0.264s] Level 5:colcon.colcon_core.verb:set package 'rm_robot_description' build argument 'cmake_target_skip_unavailable' from command line to 'False'
[0.264s] Level 5:colcon.colcon_core.verb:set package 'rm_robot_description' build argument 'cmake_clean_cache' from command line to 'False'
[0.264s] Level 5:colcon.colcon_core.verb:set package 'rm_robot_description' build argument 'cmake_clean_first' from command line to 'False'
[0.265s] Level 5:colcon.colcon_core.verb:set package 'rm_robot_description' build argument 'cmake_force_configure' from command line to 'False'
[0.265s] Level 5:colcon.colcon_core.verb:set package 'rm_robot_description' build argument 'ament_cmake_args' from command line to 'None'
[0.265s] Level 5:colcon.colcon_core.verb:set package 'rm_robot_description' build argument 'catkin_cmake_args' from command line to 'None'
[0.265s] Level 5:colcon.colcon_core.verb:set package 'rm_robot_description' build argument 'catkin_skip_building_tests' from command line to 'False'
[0.265s] DEBUG:colcon.colcon_core.verb:Building package 'rm_robot_description' with the following arguments: {'ament_cmake_args': None, 'build_base': '/home/ckl/RM/Combat_vision2026/build/rm_robot_description', 'catkin_cmake_args': None, 'catkin_skip_building_tests': False, 'cmake_args': None, 'cmake_clean_cache': False, 'cmake_clean_first': False, 'cmake_force_configure': False, 'cmake_target': None, 'cmake_target_skip_unavailable': False, 'install_base': '/home/ckl/RM/Combat_vision2026/install/rm_robot_description', 'merge_install': False, 'path': '/home/ckl/RM/Combat_vision2026/src/rm_robot_description', 'symlink_install': False, 'test_result_base': None}
[0.265s] Level 5:colcon.colcon_core.verb:set package 'rm_utils' build argument 'cmake_args' from command line to 'None'
[0.265s] Level 5:colcon.colcon_core.verb:set package 'rm_utils' build argument 'cmake_target' from command line to 'None'
[0.265s] Level 5:colcon.colcon_core.verb:set package 'rm_utils' build argument 'cmake_target_skip_unavailable' from command line to 'False'
[0.265s] Level 5:colcon.colcon_core.verb:set package 'rm_utils' build argument 'cmake_clean_cache' from command line to 'False'
[0.265s] Level 5:colcon.colcon_core.verb:set package 'rm_utils' build argument 'cmake_clean_first' from command line to 'False'
[0.265s] Level 5:colcon.colcon_core.verb:set package 'rm_utils' build argument 'cmake_force_configure' from command line to 'False'
[0.265s] Level 5:colcon.colcon_core.verb:set package 'rm_utils' build argument 'ament_cmake_args' from command line to 'None'
[0.265s] Level 5:colcon.colcon_core.verb:set package 'rm_utils' build argument 'catkin_cmake_args' from command line to 'None'
[0.265s] Level 5:colcon.colcon_core.verb:set package 'rm_utils' build argument 'catkin_skip_building_tests' from command line to 'False'
[0.265s] DEBUG:colcon.colcon_core.verb:Building package 'rm_utils' with the following arguments: {'ament_cmake_args': None, 'build_base': '/home/ckl/RM/Combat_vision2026/build/rm_utils', 'catkin_cmake_args': None, 'catkin_skip_building_tests': False, 'cmake_args': None, 'cmake_clean_cache': False, 'cmake_clean_first': False, 'cmake_force_configure': False, 'cmake_target': None, 'cmake_target_skip_unavailable': False, 'install_base': '/home/ckl/RM/Combat_vision2026/install/rm_utils', 'merge_install': False, 'path': '/home/ckl/RM/Combat_vision2026/src/rm_utils', 'symlink_install': False, 'test_result_base': None}
[0.265s] Level 5:colcon.colcon_core.verb:set package 'armor_detector' build argument 'cmake_args' from command line to 'None'
[0.265s] Level 5:colcon.colcon_core.verb:set package 'armor_detector' build argument 'cmake_target' from command line to 'None'
[0.265s] Level 5:colcon.colcon_core.verb:set package 'armor_detector' build argument 'cmake_target_skip_unavailable' from command line to 'False'
[0.265s] Level 5:colcon.colcon_core.verb:set package 'armor_detector' build argument 'cmake_clean_cache' from command line to 'False'
[0.265s] Level 5:colcon.colcon_core.verb:set package 'armor_detector' build argument 'cmake_clean_first' from command line to 'False'
[0.265s] Level 5:colcon.colcon_core.verb:set package 'armor_detector' build argument 'cmake_force_configure' from command line to 'False'
[0.265s] Level 5:colcon.colcon_core.verb:set package 'armor_detector' build argument 'ament_cmake_args' from command line to 'None'
[0.265s] Level 5:colcon.colcon_core.verb:set package 'armor_detector' build argument 'catkin_cmake_args' from command line to 'None'
[0.265s] Level 5:colcon.colcon_core.verb:set package 'armor_detector' build argument 'catkin_skip_building_tests' from command line to 'False'
[0.265s] DEBUG:colcon.colcon_core.verb:Building package 'armor_detector' with the following arguments: {'ament_cmake_args': None, 'build_base': '/home/ckl/RM/Combat_vision2026/build/armor_detector', 'catkin_cmake_args': None, 'catkin_skip_building_tests': False, 'cmake_args': None, 'cmake_clean_cache': False, 'cmake_clean_first': False, 'cmake_force_configure': False, 'cmake_target': None, 'cmake_target_skip_unavailable': False, 'install_base': '/home/ckl/RM/Combat_vision2026/install/armor_detector', 'merge_install': False, 'path': '/home/ckl/RM/Combat_vision2026/src/rm_auto_aim/armor_detector', 'symlink_install': False, 'test_result_base': None}
[0.266s] Level 5:colcon.colcon_core.verb:set package 'armor_solver' build argument 'cmake_args' from command line to 'None'
[0.266s] Level 5:colcon.colcon_core.verb:set package 'armor_solver' build argument 'cmake_target' from command line to 'None'
[0.266s] Level 5:colcon.colcon_core.verb:set package 'armor_solver' build argument 'cmake_target_skip_unavailable' from command line to 'False'
[0.266s] Level 5:colcon.colcon_core.verb:set package 'armor_solver' build argument 'cmake_clean_cache' from command line to 'False'
[0.266s] Level 5:colcon.colcon_core.verb:set package 'armor_solver' build argument 'cmake_clean_first' from command line to 'False'
[0.266s] Level 5:colcon.colcon_core.verb:set package 'armor_solver' build argument 'cmake_force_configure' from command line to 'False'
[0.266s] Level 5:colcon.colcon_core.verb:set package 'armor_solver' build argument 'ament_cmake_args' from command line to 'None'
[0.266s] Level 5:colcon.colcon_core.verb:set package 'armor_solver' build argument 'catkin_cmake_args' from command line to 'None'
[0.266s] Level 5:colcon.colcon_core.verb:set package 'armor_solver' build argument 'catkin_skip_building_tests' from command line to 'False'
[0.266s] DEBUG:colcon.colcon_core.verb:Building package 'armor_solver' with the following arguments: {'ament_cmake_args': None, 'build_base': '/home/ckl/RM/Combat_vision2026/build/armor_solver', 'catkin_cmake_args': None, 'catkin_skip_building_tests': False, 'cmake_args': None, 'cmake_clean_cache': False, 'cmake_clean_first': False, 'cmake_force_configure': False, 'cmake_target': None, 'cmake_target_skip_unavailable': False, 'install_base': '/home/ckl/RM/Combat_vision2026/install/armor_solver', 'merge_install': False, 'path': '/home/ckl/RM/Combat_vision2026/src/rm_auto_aim/armor_solver', 'symlink_install': False, 'test_result_base': None}
[0.266s] Level 5:colcon.colcon_core.verb:set package 'rm_serial_driver' build argument 'cmake_args' from command line to 'None'
[0.266s] Level 5:colcon.colcon_core.verb:set package 'rm_serial_driver' build argument 'cmake_target' from command line to 'None'
[0.266s] Level 5:colcon.colcon_core.verb:set package 'rm_serial_driver' build argument 'cmake_target_skip_unavailable' from command line to 'False'
[0.266s] Level 5:colcon.colcon_core.verb:set package 'rm_serial_driver' build argument 'cmake_clean_cache' from command line to 'False'
[0.266s] Level 5:colcon.colcon_core.verb:set package 'rm_serial_driver' build argument 'cmake_clean_first' from command line to 'False'
[0.266s] Level 5:colcon.colcon_core.verb:set package 'rm_serial_driver' build argument 'cmake_force_configure' from command line to 'False'
[0.266s] Level 5:colcon.colcon_core.verb:set package 'rm_serial_driver' build argument 'ament_cmake_args' from command line to 'None'
[0.266s] Level 5:colcon.colcon_core.verb:set package 'rm_serial_driver' build argument 'catkin_cmake_args' from command line to 'None'
[0.266s] Level 5:colcon.colcon_core.verb:set package 'rm_serial_driver' build argument 'catkin_skip_building_tests' from command line to 'False'
[0.266s] DEBUG:colcon.colcon_core.verb:Building package 'rm_serial_driver' with the following arguments: {'ament_cmake_args': None, 'build_base': '/home/ckl/RM/Combat_vision2026/build/rm_serial_driver', 'catkin_cmake_args': None, 'catkin_skip_building_tests': False, 'cmake_args': None, 'cmake_clean_cache': False, 'cmake_clean_first': False, 'cmake_force_configure': False, 'cmake_target': None, 'cmake_target_skip_unavailable': False, 'install_base': '/home/ckl/RM/Combat_vision2026/install/rm_serial_driver', 'merge_install': False, 'path': '/home/ckl/RM/Combat_vision2026/src/rm_hardware_driver/rm_serial_driver', 'symlink_install': False, 'test_result_base': None}
[0.266s] Level 5:colcon.colcon_core.verb:set package 'rm_auto_aim' build argument 'cmake_args' from command line to 'None'
[0.266s] Level 5:colcon.colcon_core.verb:set package 'rm_auto_aim' build argument 'cmake_target' from command line to 'None'
[0.266s] Level 5:colcon.colcon_core.verb:set package 'rm_auto_aim' build argument 'cmake_target_skip_unavailable' from command line to 'False'
[0.266s] Level 5:colcon.colcon_core.verb:set package 'rm_auto_aim' build argument 'cmake_clean_cache' from command line to 'False'
[0.266s] Level 5:colcon.colcon_core.verb:set package 'rm_auto_aim' build argument 'cmake_clean_first' from command line to 'False'
[0.266s] Level 5:colcon.colcon_core.verb:set package 'rm_auto_aim' build argument 'cmake_force_configure' from command line to 'False'
[0.266s] Level 5:colcon.colcon_core.verb:set package 'rm_auto_aim' build argument 'ament_cmake_args' from command line to 'None'
[0.266s] Level 5:colcon.colcon_core.verb:set package 'rm_auto_aim' build argument 'catkin_cmake_args' from command line to 'None'
[0.266s] Level 5:colcon.colcon_core.verb:set package 'rm_auto_aim' build argument 'catkin_skip_building_tests' from command line to 'False'
[0.266s] DEBUG:colcon.colcon_core.verb:Building package 'rm_auto_aim' with the following arguments: {'ament_cmake_args': None, 'build_base': '/home/ckl/RM/Combat_vision2026/build/rm_auto_aim', 'catkin_cmake_args': None, 'catkin_skip_building_tests': False, 'cmake_args': None, 'cmake_clean_cache': False, 'cmake_clean_first': False, 'cmake_force_configure': False, 'cmake_target': None, 'cmake_target_skip_unavailable': False, 'install_base': '/home/ckl/RM/Combat_vision2026/install/rm_auto_aim', 'merge_install': False, 'path': '/home/ckl/RM/Combat_vision2026/src/rm_auto_aim/rm_auto_aim', 'symlink_install': False, 'test_result_base': None}
[0.267s] Level 5:colcon.colcon_core.verb:set package 'rm_bringup' build argument 'cmake_args' from command line to 'None'
[0.267s] Level 5:colcon.colcon_core.verb:set package 'rm_bringup' build argument 'cmake_target' from command line to 'None'
[0.267s] Level 5:colcon.colcon_core.verb:set package 'rm_bringup' build argument 'cmake_target_skip_unavailable' from command line to 'False'
[0.267s] Level 5:colcon.colcon_core.verb:set package 'rm_bringup' build argument 'cmake_clean_cache' from command line to 'False'
[0.267s] Level 5:colcon.colcon_core.verb:set package 'rm_bringup' build argument 'cmake_clean_first' from command line to 'False'
[0.267s] Level 5:colcon.colcon_core.verb:set package 'rm_bringup' build argument 'cmake_force_configure' from command line to 'False'
[0.267s] Level 5:colcon.colcon_core.verb:set package 'rm_bringup' build argument 'ament_cmake_args' from command line to 'None'
[0.267s] Level 5:colcon.colcon_core.verb:set package 'rm_bringup' build argument 'catkin_cmake_args' from command line to 'None'
[0.267s] Level 5:colcon.colcon_core.verb:set package 'rm_bringup' build argument 'catkin_skip_building_tests' from command line to 'False'
[0.267s] DEBUG:colcon.colcon_core.verb:Building package 'rm_bringup' with the following arguments: {'ament_cmake_args': None, 'build_base': '/home/ckl/RM/Combat_vision2026/build/rm_bringup', 'catkin_cmake_args': None, 'catkin_skip_building_tests': False, 'cmake_args': None, 'cmake_clean_cache': False, 'cmake_clean_first': False, 'cmake_force_configure': False, 'cmake_target': None, 'cmake_target_skip_unavailable': False, 'install_base': '/home/ckl/RM/Combat_vision2026/install/rm_bringup', 'merge_install': False, 'path': '/home/ckl/RM/Combat_vision2026/src/rm_bringup', 'symlink_install': False, 'test_result_base': None}
[0.267s] INFO:colcon.colcon_core.executor:Executing jobs using 'parallel' executor
[0.268s] DEBUG:colcon.colcon_parallel_executor.executor.parallel:run_until_complete
[0.268s] INFO:colcon.colcon_ros.task.ament_cmake.build:Building ROS package in '/home/ckl/RM/Combat_vision2026/src/rm_interfaces' with build type 'ament_cmake'
[0.268s] INFO:colcon.colcon_cmake.task.cmake.build:Building CMake package in '/home/ckl/RM/Combat_vision2026/src/rm_interfaces'
[0.269s] INFO:colcon.colcon_core.plugin_system:Skipping extension 'colcon_core.shell.bat': Not used on non-Windows systems
[0.269s] INFO:colcon.colcon_core.shell:Skip shell extension 'powershell' for command environment: Not usable outside of PowerShell
[0.270s] DEBUG:colcon.colcon_core.shell:Skip shell extension 'dsv' for command environment
[0.273s] INFO:colcon.colcon_ros.task.ament_cmake.build:Building ROS package in '/home/ckl/RM/Combat_vision2026/src/rm_utils' with build type 'ament_cmake'
[0.273s] INFO:colcon.colcon_cmake.task.cmake.build:Building CMake package in '/home/ckl/RM/Combat_vision2026/src/rm_utils'
[0.273s] INFO:colcon.colcon_core.shell:Skip shell extension 'powershell' for command environment: Not usable outside of PowerShell
[0.273s] DEBUG:colcon.colcon_core.shell:Skip shell extension 'dsv' for command environment
[0.277s] INFO:colcon.colcon_ros.task.ament_cmake.build:Building ROS package in '/home/ckl/RM/Combat_vision2026/src/rm_hardware_driver/ros2_hik_camera' with build type 'ament_cmake'
[0.277s] INFO:colcon.colcon_cmake.task.cmake.build:Building CMake package in '/home/ckl/RM/Combat_vision2026/src/rm_hardware_driver/ros2_hik_camera'
[0.277s] INFO:colcon.colcon_core.shell:Skip shell extension 'powershell' for command environment: Not usable outside of PowerShell
[0.277s] DEBUG:colcon.colcon_core.shell:Skip shell extension 'dsv' for command environment
[0.280s] INFO:colcon.colcon_ros.task.ament_cmake.build:Building ROS package in '/home/ckl/RM/Combat_vision2026/src/rm_robot_description' with build type 'ament_cmake'
[0.280s] INFO:colcon.colcon_cmake.task.cmake.build:Building CMake package in '/home/ckl/RM/Combat_vision2026/src/rm_robot_description'
[0.281s] INFO:colcon.colcon_core.shell:Skip shell extension 'powershell' for command environment: Not usable outside of PowerShell
[0.281s] DEBUG:colcon.colcon_core.shell:Skip shell extension 'dsv' for command environment
[0.290s] DEBUG:colcon.colcon_core.event_handler.log_command:Invoking command in '/home/ckl/RM/Combat_vision2026/build/rm_interfaces': CMAKE_PREFIX_PATH=${CMAKE_PREFIX_PATH}:/opt/ros/humble /usr/bin/cmake --build /home/ckl/RM/Combat_vision2026/build/rm_interfaces -- -j16 -l16
[0.293s] DEBUG:colcon.colcon_core.event_handler.log_command:Invoking command in '/home/ckl/RM/Combat_vision2026/build/rm_utils': CMAKE_PREFIX_PATH=${CMAKE_PREFIX_PATH}:/opt/ros/humble /usr/bin/cmake --build /home/ckl/RM/Combat_vision2026/build/rm_utils -- -j16 -l16
[0.297s] DEBUG:colcon.colcon_core.event_handler.log_command:Invoking command in '/home/ckl/RM/Combat_vision2026/build/hik_camera': CMAKE_PREFIX_PATH=${CMAKE_PREFIX_PATH}:/opt/ros/humble /usr/bin/cmake --build /home/ckl/RM/Combat_vision2026/build/hik_camera -- -j16 -l16
[0.300s] DEBUG:colcon.colcon_core.event_handler.log_command:Invoking command in '/home/ckl/RM/Combat_vision2026/build/rm_robot_description': CMAKE_PREFIX_PATH=${CMAKE_PREFIX_PATH}:/opt/ros/humble /usr/bin/cmake --build /home/ckl/RM/Combat_vision2026/build/rm_robot_description -- -j16 -l16
[0.323s] DEBUG:colcon.colcon_core.event_handler.log_command:Invoked command in '/home/ckl/RM/Combat_vision2026/build/rm_robot_description' returned '0': CMAKE_PREFIX_PATH=${CMAKE_PREFIX_PATH}:/opt/ros/humble /usr/bin/cmake --build /home/ckl/RM/Combat_vision2026/build/rm_robot_description -- -j16 -l16
[0.329s] DEBUG:colcon.colcon_core.event_handler.log_command:Invoking command in '/home/ckl/RM/Combat_vision2026/build/rm_robot_description': CMAKE_PREFIX_PATH=${CMAKE_PREFIX_PATH}:/opt/ros/humble /usr/bin/cmake --install /home/ckl/RM/Combat_vision2026/build/rm_robot_description
[0.336s] Level 1:colcon.colcon_core.environment:create_environment_scripts_only(rm_robot_description)
[0.336s] DEBUG:colcon.colcon_core.event_handler.log_command:Invoked command in '/home/ckl/RM/Combat_vision2026/build/rm_robot_description' returned '0': CMAKE_PREFIX_PATH=${CMAKE_PREFIX_PATH}:/opt/ros/humble /usr/bin/cmake --install /home/ckl/RM/Combat_vision2026/build/rm_robot_description
[0.339s] Level 1:colcon.colcon_core.environment:checking '/home/ckl/RM/Combat_vision2026/install/rm_robot_description' for CMake module files
[0.340s] Level 1:colcon.colcon_core.environment:checking '/home/ckl/RM/Combat_vision2026/install/rm_robot_description' for CMake config files
[0.340s] Level 1:colcon.colcon_core.shell:create_environment_hook('rm_robot_description', 'cmake_prefix_path')
[0.340s] INFO:colcon.colcon_core.shell:Creating environment hook '/home/ckl/RM/Combat_vision2026/install/rm_robot_description/share/rm_robot_description/hook/cmake_prefix_path.ps1'
[0.341s] INFO:colcon.colcon_core.shell:Creating environment descriptor '/home/ckl/RM/Combat_vision2026/install/rm_robot_description/share/rm_robot_description/hook/cmake_prefix_path.dsv'
[0.341s] INFO:colcon.colcon_core.shell:Creating environment hook '/home/ckl/RM/Combat_vision2026/install/rm_robot_description/share/rm_robot_description/hook/cmake_prefix_path.sh'
[0.342s] Level 1:colcon.colcon_core.environment:checking '/home/ckl/RM/Combat_vision2026/install/rm_robot_description/bin'
[0.343s] Level 1:colcon.colcon_core.environment:checking '/home/ckl/RM/Combat_vision2026/install/rm_robot_description/lib/pkgconfig/rm_robot_description.pc'
[0.343s] Level 1:colcon.colcon_core.environment:checking '/home/ckl/RM/Combat_vision2026/install/rm_robot_description/lib/python3.10/site-packages'
[0.343s] Level 1:colcon.colcon_core.environment:checking '/home/ckl/RM/Combat_vision2026/install/rm_robot_description/bin'
[0.343s] INFO:colcon.colcon_core.shell:Creating package script '/home/ckl/RM/Combat_vision2026/install/rm_robot_description/share/rm_robot_description/package.ps1'
[0.344s] INFO:colcon.colcon_core.shell:Creating package descriptor '/home/ckl/RM/Combat_vision2026/install/rm_robot_description/share/rm_robot_description/package.dsv'
[0.345s] INFO:colcon.colcon_core.shell:Creating package script '/home/ckl/RM/Combat_vision2026/install/rm_robot_description/share/rm_robot_description/package.sh'
[0.345s] INFO:colcon.colcon_core.shell:Creating package script '/home/ckl/RM/Combat_vision2026/install/rm_robot_description/share/rm_robot_description/package.bash'
[0.346s] INFO:colcon.colcon_core.shell:Creating package script '/home/ckl/RM/Combat_vision2026/install/rm_robot_description/share/rm_robot_description/package.zsh'
[0.346s] Level 1:colcon.colcon_core.environment:create_file_with_runtime_dependencies(/home/ckl/RM/Combat_vision2026/install/rm_robot_description/share/colcon-core/packages/rm_robot_description)
[0.347s] Level 1:colcon.colcon_core.environment:create_environment_scripts_only(rm_robot_description)
[0.347s] Level 1:colcon.colcon_core.environment:checking '/home/ckl/RM/Combat_vision2026/install/rm_robot_description' for CMake module files
[0.347s] Level 1:colcon.colcon_core.environment:checking '/home/ckl/RM/Combat_vision2026/install/rm_robot_description' for CMake config files
[0.347s] Level 1:colcon.colcon_core.shell:create_environment_hook('rm_robot_description', 'cmake_prefix_path')
[0.348s] INFO:colcon.colcon_core.shell:Creating environment hook '/home/ckl/RM/Combat_vision2026/install/rm_robot_description/share/rm_robot_description/hook/cmake_prefix_path.ps1'
[0.348s] INFO:colcon.colcon_core.shell:Creating environment descriptor '/home/ckl/RM/Combat_vision2026/install/rm_robot_description/share/rm_robot_description/hook/cmake_prefix_path.dsv'
[0.348s] INFO:colcon.colcon_core.shell:Creating environment hook '/home/ckl/RM/Combat_vision2026/install/rm_robot_description/share/rm_robot_description/hook/cmake_prefix_path.sh'
[0.349s] Level 1:colcon.colcon_core.environment:checking '/home/ckl/RM/Combat_vision2026/install/rm_robot_description/bin'
[0.349s] Level 1:colcon.colcon_core.environment:checking '/home/ckl/RM/Combat_vision2026/install/rm_robot_description/lib/pkgconfig/rm_robot_description.pc'
[0.349s] Level 1:colcon.colcon_core.environment:checking '/home/ckl/RM/Combat_vision2026/install/rm_robot_description/lib/python3.10/site-packages'
[0.349s] Level 1:colcon.colcon_core.environment:checking '/home/ckl/RM/Combat_vision2026/install/rm_robot_description/bin'
[0.349s] INFO:colcon.colcon_core.shell:Creating package script '/home/ckl/RM/Combat_vision2026/install/rm_robot_description/share/rm_robot_description/package.ps1'
[0.350s] INFO:colcon.colcon_core.shell:Creating package descriptor '/home/ckl/RM/Combat_vision2026/install/rm_robot_description/share/rm_robot_description/package.dsv'
[0.350s] INFO:colcon.colcon_core.shell:Creating package script '/home/ckl/RM/Combat_vision2026/install/rm_robot_description/share/rm_robot_description/package.sh'
[0.350s] INFO:colcon.colcon_core.shell:Creating package script '/home/ckl/RM/Combat_vision2026/install/rm_robot_description/share/rm_robot_description/package.bash'
[0.350s] INFO:colcon.colcon_core.shell:Creating package script '/home/ckl/RM/Combat_vision2026/install/rm_robot_description/share/rm_robot_description/package.zsh'
[0.351s] Level 1:colcon.colcon_core.environment:create_file_with_runtime_dependencies(/home/ckl/RM/Combat_vision2026/install/rm_robot_description/share/colcon-core/packages/rm_robot_description)
[0.352s] DEBUG:colcon.colcon_core.event_handler.log_command:Invoked command in '/home/ckl/RM/Combat_vision2026/build/hik_camera' returned '0': CMAKE_PREFIX_PATH=${CMAKE_PREFIX_PATH}:/opt/ros/humble /usr/bin/cmake --build /home/ckl/RM/Combat_vision2026/build/hik_camera -- -j16 -l16
[0.354s] DEBUG:colcon.colcon_core.event_handler.log_command:Invoking command in '/home/ckl/RM/Combat_vision2026/build/hik_camera': CMAKE_PREFIX_PATH=${CMAKE_PREFIX_PATH}:/opt/ros/humble /usr/bin/cmake --install /home/ckl/RM/Combat_vision2026/build/hik_camera
[0.354s] DEBUG:colcon.colcon_core.event_handler.log_command:Invoked command in '/home/ckl/RM/Combat_vision2026/build/rm_utils' returned '0': CMAKE_PREFIX_PATH=${CMAKE_PREFIX_PATH}:/opt/ros/humble /usr/bin/cmake --build /home/ckl/RM/Combat_vision2026/build/rm_utils -- -j16 -l16
[0.356s] DEBUG:colcon.colcon_core.event_handler.log_command:Invoking command in '/home/ckl/RM/Combat_vision2026/build/rm_utils': CMAKE_PREFIX_PATH=${CMAKE_PREFIX_PATH}:/opt/ros/humble /usr/bin/cmake --install /home/ckl/RM/Combat_vision2026/build/rm_utils
[0.360s] Level 1:colcon.colcon_core.environment:create_environment_scripts_only(hik_camera)
[0.361s] Level 1:colcon.colcon_core.environment:checking '/home/ckl/RM/Combat_vision2026/install/hik_camera' for CMake module files
[0.364s] Level 1:colcon.colcon_core.environment:checking '/home/ckl/RM/Combat_vision2026/install/hik_camera' for CMake config files
[0.364s] DEBUG:colcon.colcon_core.event_handler.log_command:Invoked command in '/home/ckl/RM/Combat_vision2026/build/hik_camera' returned '0': CMAKE_PREFIX_PATH=${CMAKE_PREFIX_PATH}:/opt/ros/humble /usr/bin/cmake --install /home/ckl/RM/Combat_vision2026/build/hik_camera
[0.365s] Level 1:colcon.colcon_core.shell:create_environment_hook('hik_camera', 'cmake_prefix_path')
[0.366s] INFO:colcon.colcon_core.shell:Creating environment hook '/home/ckl/RM/Combat_vision2026/install/hik_camera/share/hik_camera/hook/cmake_prefix_path.ps1'
[0.366s] INFO:colcon.colcon_core.shell:Creating environment descriptor '/home/ckl/RM/Combat_vision2026/install/hik_camera/share/hik_camera/hook/cmake_prefix_path.dsv'
[0.366s] INFO:colcon.colcon_core.shell:Creating environment hook '/home/ckl/RM/Combat_vision2026/install/hik_camera/share/hik_camera/hook/cmake_prefix_path.sh'
[0.367s] Level 1:colcon.colcon_core.environment:checking '/home/ckl/RM/Combat_vision2026/install/hik_camera/lib'
[0.367s] Level 1:colcon.colcon_core.shell:create_environment_hook('hik_camera', 'ld_library_path_lib')
[0.367s] INFO:colcon.colcon_core.shell:Creating environment hook '/home/ckl/RM/Combat_vision2026/install/hik_camera/share/hik_camera/hook/ld_library_path_lib.ps1'
[0.368s] INFO:colcon.colcon_core.shell:Creating environment descriptor '/home/ckl/RM/Combat_vision2026/install/hik_camera/share/hik_camera/hook/ld_library_path_lib.dsv'
[0.368s] INFO:colcon.colcon_core.shell:Creating environment hook '/home/ckl/RM/Combat_vision2026/install/hik_camera/share/hik_camera/hook/ld_library_path_lib.sh'
[0.369s] Level 1:colcon.colcon_core.environment:checking '/home/ckl/RM/Combat_vision2026/install/hik_camera/bin'
[0.370s] Level 1:colcon.colcon_core.environment:checking '/home/ckl/RM/Combat_vision2026/install/hik_camera/lib/pkgconfig/hik_camera.pc'
[0.370s] Level 1:colcon.colcon_core.environment:checking '/home/ckl/RM/Combat_vision2026/install/hik_camera/lib/python3.10/site-packages'
[0.370s] Level 1:colcon.colcon_core.environment:checking '/home/ckl/RM/Combat_vision2026/install/hik_camera/bin'
[0.371s] INFO:colcon.colcon_core.shell:Creating package script '/home/ckl/RM/Combat_vision2026/install/hik_camera/share/hik_camera/package.ps1'
[0.371s] INFO:colcon.colcon_core.shell:Creating package descriptor '/home/ckl/RM/Combat_vision2026/install/hik_camera/share/hik_camera/package.dsv'
[0.371s] INFO:colcon.colcon_core.shell:Creating package script '/home/ckl/RM/Combat_vision2026/install/hik_camera/share/hik_camera/package.sh'
[0.372s] INFO:colcon.colcon_core.shell:Creating package script '/home/ckl/RM/Combat_vision2026/install/hik_camera/share/hik_camera/package.bash'
[0.372s] INFO:colcon.colcon_core.shell:Creating package script '/home/ckl/RM/Combat_vision2026/install/hik_camera/share/hik_camera/package.zsh'
[0.372s] Level 1:colcon.colcon_core.environment:create_file_with_runtime_dependencies(/home/ckl/RM/Combat_vision2026/install/hik_camera/share/colcon-core/packages/hik_camera)
[0.373s] Level 1:colcon.colcon_core.environment:create_environment_scripts_only(hik_camera)
[0.373s] Level 1:colcon.colcon_core.environment:checking '/home/ckl/RM/Combat_vision2026/install/hik_camera' for CMake module files
[0.374s] Level 1:colcon.colcon_core.environment:checking '/home/ckl/RM/Combat_vision2026/install/hik_camera' for CMake config files
[0.374s] Level 1:colcon.colcon_core.shell:create_environment_hook('hik_camera', 'cmake_prefix_path')
[0.375s] INFO:colcon.colcon_core.shell:Creating environment hook '/home/ckl/RM/Combat_vision2026/install/hik_camera/share/hik_camera/hook/cmake_prefix_path.ps1'
[0.375s] INFO:colcon.colcon_core.shell:Creating environment descriptor '/home/ckl/RM/Combat_vision2026/install/hik_camera/share/hik_camera/hook/cmake_prefix_path.dsv'
[0.375s] INFO:colcon.colcon_core.shell:Creating environment hook '/home/ckl/RM/Combat_vision2026/install/hik_camera/share/hik_camera/hook/cmake_prefix_path.sh'
[0.376s] Level 1:colcon.colcon_core.environment:checking '/home/ckl/RM/Combat_vision2026/install/hik_camera/lib'
[0.376s] Level 1:colcon.colcon_core.shell:create_environment_hook('hik_camera', 'ld_library_path_lib')
[0.376s] INFO:colcon.colcon_core.shell:Creating environment hook '/home/ckl/RM/Combat_vision2026/install/hik_camera/share/hik_camera/hook/ld_library_path_lib.ps1'
[0.376s] INFO:colcon.colcon_core.shell:Creating environment descriptor '/home/ckl/RM/Combat_vision2026/install/hik_camera/share/hik_camera/hook/ld_library_path_lib.dsv'
[0.377s] INFO:colcon.colcon_core.shell:Creating environment hook '/home/ckl/RM/Combat_vision2026/install/hik_camera/share/hik_camera/hook/ld_library_path_lib.sh'
[0.377s] Level 1:colcon.colcon_core.environment:checking '/home/ckl/RM/Combat_vision2026/install/hik_camera/bin'
[0.377s] Level 1:colcon.colcon_core.environment:checking '/home/ckl/RM/Combat_vision2026/install/hik_camera/lib/pkgconfig/hik_camera.pc'
[0.377s] Level 1:colcon.colcon_core.environment:checking '/home/ckl/RM/Combat_vision2026/install/hik_camera/lib/python3.10/site-packages'
[0.377s] Level 1:colcon.colcon_core.environment:checking '/home/ckl/RM/Combat_vision2026/install/hik_camera/bin'
[0.378s] INFO:colcon.colcon_core.shell:Creating package script '/home/ckl/RM/Combat_vision2026/install/hik_camera/share/hik_camera/package.ps1'
[0.378s] INFO:colcon.colcon_core.shell:Creating package descriptor '/home/ckl/RM/Combat_vision2026/install/hik_camera/share/hik_camera/package.dsv'
[0.378s] INFO:colcon.colcon_core.shell:Creating package script '/home/ckl/RM/Combat_vision2026/install/hik_camera/share/hik_camera/package.sh'
[0.379s] INFO:colcon.colcon_core.shell:Creating package script '/home/ckl/RM/Combat_vision2026/install/hik_camera/share/hik_camera/package.bash'
[0.379s] INFO:colcon.colcon_core.shell:Creating package script '/home/ckl/RM/Combat_vision2026/install/hik_camera/share/hik_camera/package.zsh'
[0.380s] Level 1:colcon.colcon_core.environment:create_file_with_runtime_dependencies(/home/ckl/RM/Combat_vision2026/install/hik_camera/share/colcon-core/packages/hik_camera)
[0.381s] Level 1:colcon.colcon_core.environment:create_environment_scripts_only(rm_utils)
[0.381s] Level 1:colcon.colcon_core.environment:checking '/home/ckl/RM/Combat_vision2026/install/rm_utils' for CMake module files
[0.381s] DEBUG:colcon.colcon_core.event_handler.log_command:Invoked command in '/home/ckl/RM/Combat_vision2026/build/rm_utils' returned '0': CMAKE_PREFIX_PATH=${CMAKE_PREFIX_PATH}:/opt/ros/humble /usr/bin/cmake --install /home/ckl/RM/Combat_vision2026/build/rm_utils
[0.383s] Level 1:colcon.colcon_core.environment:checking '/home/ckl/RM/Combat_vision2026/install/rm_utils' for CMake config files
[0.383s] Level 1:colcon.colcon_core.shell:create_environment_hook('rm_utils', 'cmake_prefix_path')
[0.383s] INFO:colcon.colcon_core.shell:Creating environment hook '/home/ckl/RM/Combat_vision2026/install/rm_utils/share/rm_utils/hook/cmake_prefix_path.ps1'
[0.384s] INFO:colcon.colcon_core.shell:Creating environment descriptor '/home/ckl/RM/Combat_vision2026/install/rm_utils/share/rm_utils/hook/cmake_prefix_path.dsv'
[0.384s] INFO:colcon.colcon_core.shell:Creating environment hook '/home/ckl/RM/Combat_vision2026/install/rm_utils/share/rm_utils/hook/cmake_prefix_path.sh'
[0.385s] Level 1:colcon.colcon_core.environment:checking '/home/ckl/RM/Combat_vision2026/install/rm_utils/lib'
[0.385s] Level 1:colcon.colcon_core.shell:create_environment_hook('rm_utils', 'ld_library_path_lib')
[0.385s] INFO:colcon.colcon_core.shell:Creating environment hook '/home/ckl/RM/Combat_vision2026/install/rm_utils/share/rm_utils/hook/ld_library_path_lib.ps1'
[0.385s] INFO:colcon.colcon_core.shell:Creating environment descriptor '/home/ckl/RM/Combat_vision2026/install/rm_utils/share/rm_utils/hook/ld_library_path_lib.dsv'
[0.386s] INFO:colcon.colcon_core.shell:Creating environment hook '/home/ckl/RM/Combat_vision2026/install/rm_utils/share/rm_utils/hook/ld_library_path_lib.sh'
[0.386s] Level 1:colcon.colcon_core.environment:checking '/home/ckl/RM/Combat_vision2026/install/rm_utils/bin'
[0.386s] Level 1:colcon.colcon_core.environment:checking '/home/ckl/RM/Combat_vision2026/install/rm_utils/lib/pkgconfig/rm_utils.pc'
[0.386s] Level 1:colcon.colcon_core.environment:checking '/home/ckl/RM/Combat_vision2026/install/rm_utils/lib/python3.10/site-packages'
[0.387s] Level 1:colcon.colcon_core.environment:checking '/home/ckl/RM/Combat_vision2026/install/rm_utils/bin'
[0.387s] INFO:colcon.colcon_core.shell:Creating package script '/home/ckl/RM/Combat_vision2026/install/rm_utils/share/rm_utils/package.ps1'
[0.387s] INFO:colcon.colcon_core.shell:Creating package descriptor '/home/ckl/RM/Combat_vision2026/install/rm_utils/share/rm_utils/package.dsv'
[0.388s] INFO:colcon.colcon_core.shell:Creating package script '/home/ckl/RM/Combat_vision2026/install/rm_utils/share/rm_utils/package.sh'
[0.388s] INFO:colcon.colcon_core.shell:Creating package script '/home/ckl/RM/Combat_vision2026/install/rm_utils/share/rm_utils/package.bash'
[0.389s] INFO:colcon.colcon_core.shell:Creating package script '/home/ckl/RM/Combat_vision2026/install/rm_utils/share/rm_utils/package.zsh'
[0.389s] Level 1:colcon.colcon_core.environment:create_file_with_runtime_dependencies(/home/ckl/RM/Combat_vision2026/install/rm_utils/share/colcon-core/packages/rm_utils)
[0.389s] Level 1:colcon.colcon_core.environment:create_environment_scripts_only(rm_utils)
[0.390s] Level 1:colcon.colcon_core.environment:checking '/home/ckl/RM/Combat_vision2026/install/rm_utils' for CMake module files
[0.390s] Level 1:colcon.colcon_core.environment:checking '/home/ckl/RM/Combat_vision2026/install/rm_utils' for CMake config files
[0.391s] Level 1:colcon.colcon_core.shell:create_environment_hook('rm_utils', 'cmake_prefix_path')
[0.391s] INFO:colcon.colcon_core.shell:Creating environment hook '/home/ckl/RM/Combat_vision2026/install/rm_utils/share/rm_utils/hook/cmake_prefix_path.ps1'
[0.391s] INFO:colcon.colcon_core.shell:Creating environment descriptor '/home/ckl/RM/Combat_vision2026/install/rm_utils/share/rm_utils/hook/cmake_prefix_path.dsv'
[0.392s] INFO:colcon.colcon_core.shell:Creating environment hook '/home/ckl/RM/Combat_vision2026/install/rm_utils/share/rm_utils/hook/cmake_prefix_path.sh'
[0.392s] Level 1:colcon.colcon_core.environment:checking '/home/ckl/RM/Combat_vision2026/install/rm_utils/lib'
[0.392s] Level 1:colcon.colcon_core.shell:create_environment_hook('rm_utils', 'ld_library_path_lib')
[0.393s] INFO:colcon.colcon_core.shell:Creating environment hook '/home/ckl/RM/Combat_vision2026/install/rm_utils/share/rm_utils/hook/ld_library_path_lib.ps1'
[0.393s] INFO:colcon.colcon_core.shell:Creating environment descriptor '/home/ckl/RM/Combat_vision2026/install/rm_utils/share/rm_utils/hook/ld_library_path_lib.dsv'
[0.393s] INFO:colcon.colcon_core.shell:Creating environment hook '/home/ckl/RM/Combat_vision2026/install/rm_utils/share/rm_utils/hook/ld_library_path_lib.sh'
[0.394s] Level 1:colcon.colcon_core.environment:checking '/home/ckl/RM/Combat_vision2026/install/rm_utils/bin'
[0.394s] Level 1:colcon.colcon_core.environment:checking '/home/ckl/RM/Combat_vision2026/install/rm_utils/lib/pkgconfig/rm_utils.pc'
[0.394s] Level 1:colcon.colcon_core.environment:checking '/home/ckl/RM/Combat_vision2026/install/rm_utils/lib/python3.10/site-packages'
[0.394s] Level 1:colcon.colcon_core.environment:checking '/home/ckl/RM/Combat_vision2026/install/rm_utils/bin'
[0.394s] INFO:colcon.colcon_core.shell:Creating package script '/home/ckl/RM/Combat_vision2026/install/rm_utils/share/rm_utils/package.ps1'
[0.395s] INFO:colcon.colcon_core.shell:Creating package descriptor '/home/ckl/RM/Combat_vision2026/install/rm_utils/share/rm_utils/package.dsv'
[0.395s] INFO:colcon.colcon_core.shell:Creating package script '/home/ckl/RM/Combat_vision2026/install/rm_utils/share/rm_utils/package.sh'
[0.396s] INFO:colcon.colcon_core.shell:Creating package script '/home/ckl/RM/Combat_vision2026/install/rm_utils/share/rm_utils/package.bash'
[0.396s] INFO:colcon.colcon_core.shell:Creating package script '/home/ckl/RM/Combat_vision2026/install/rm_utils/share/rm_utils/package.zsh'
[0.396s] Level 1:colcon.colcon_core.environment:create_file_with_runtime_dependencies(/home/ckl/RM/Combat_vision2026/install/rm_utils/share/colcon-core/packages/rm_utils)
[0.568s] DEBUG:colcon.colcon_core.event_handler.log_command:Invoked command in '/home/ckl/RM/Combat_vision2026/build/rm_interfaces' returned '0': CMAKE_PREFIX_PATH=${CMAKE_PREFIX_PATH}:/opt/ros/humble /usr/bin/cmake --build /home/ckl/RM/Combat_vision2026/build/rm_interfaces -- -j16 -l16
[0.571s] DEBUG:colcon.colcon_core.event_handler.log_command:Invoking command in '/home/ckl/RM/Combat_vision2026/build/rm_interfaces': CMAKE_PREFIX_PATH=${CMAKE_PREFIX_PATH}:/opt/ros/humble /usr/bin/cmake --install /home/ckl/RM/Combat_vision2026/build/rm_interfaces
[0.630s] Level 1:colcon.colcon_core.environment:create_environment_scripts_only(rm_interfaces)
[0.630s] Level 1:colcon.colcon_core.environment:checking '/home/ckl/RM/Combat_vision2026/install/rm_interfaces' for CMake module files
[0.630s] DEBUG:colcon.colcon_core.event_handler.log_command:Invoked command in '/home/ckl/RM/Combat_vision2026/build/rm_interfaces' returned '0': CMAKE_PREFIX_PATH=${CMAKE_PREFIX_PATH}:/opt/ros/humble /usr/bin/cmake --install /home/ckl/RM/Combat_vision2026/build/rm_interfaces
[0.631s] Level 1:colcon.colcon_core.environment:checking '/home/ckl/RM/Combat_vision2026/install/rm_interfaces' for CMake config files
[0.632s] Level 1:colcon.colcon_core.shell:create_environment_hook('rm_interfaces', 'cmake_prefix_path')
[0.632s] INFO:colcon.colcon_core.shell:Creating environment hook '/home/ckl/RM/Combat_vision2026/install/rm_interfaces/share/rm_interfaces/hook/cmake_prefix_path.ps1'
[0.633s] INFO:colcon.colcon_core.shell:Creating environment descriptor '/home/ckl/RM/Combat_vision2026/install/rm_interfaces/share/rm_interfaces/hook/cmake_prefix_path.dsv'
[0.633s] INFO:colcon.colcon_core.shell:Creating environment hook '/home/ckl/RM/Combat_vision2026/install/rm_interfaces/share/rm_interfaces/hook/cmake_prefix_path.sh'
[0.633s] Level 1:colcon.colcon_core.environment:checking '/home/ckl/RM/Combat_vision2026/install/rm_interfaces/lib'
[0.633s] Level 1:colcon.colcon_core.shell:create_environment_hook('rm_interfaces', 'ld_library_path_lib')
[0.633s] INFO:colcon.colcon_core.shell:Creating environment hook '/home/ckl/RM/Combat_vision2026/install/rm_interfaces/share/rm_interfaces/hook/ld_library_path_lib.ps1'
[0.634s] INFO:colcon.colcon_core.shell:Creating environment descriptor '/home/ckl/RM/Combat_vision2026/install/rm_interfaces/share/rm_interfaces/hook/ld_library_path_lib.dsv'
[0.634s] INFO:colcon.colcon_core.shell:Creating environment hook '/home/ckl/RM/Combat_vision2026/install/rm_interfaces/share/rm_interfaces/hook/ld_library_path_lib.sh'
[0.634s] Level 1:colcon.colcon_core.environment:checking '/home/ckl/RM/Combat_vision2026/install/rm_interfaces/bin'
[0.634s] Level 1:colcon.colcon_core.environment:checking '/home/ckl/RM/Combat_vision2026/install/rm_interfaces/lib/pkgconfig/rm_interfaces.pc'
[0.634s] Level 1:colcon.colcon_core.environment:checking '/home/ckl/RM/Combat_vision2026/install/rm_interfaces/lib/python3.10/site-packages'
[0.634s] Level 1:colcon.colcon_core.environment:checking '/home/ckl/RM/Combat_vision2026/install/rm_interfaces/bin'
[0.635s] INFO:colcon.colcon_core.shell:Creating package script '/home/ckl/RM/Combat_vision2026/install/rm_interfaces/share/rm_interfaces/package.ps1'
[0.635s] INFO:colcon.colcon_core.shell:Creating package descriptor '/home/ckl/RM/Combat_vision2026/install/rm_interfaces/share/rm_interfaces/package.dsv'
[0.635s] INFO:colcon.colcon_core.shell:Creating package script '/home/ckl/RM/Combat_vision2026/install/rm_interfaces/share/rm_interfaces/package.sh'
[0.636s] INFO:colcon.colcon_core.shell:Creating package script '/home/ckl/RM/Combat_vision2026/install/rm_interfaces/share/rm_interfaces/package.bash'
[0.636s] INFO:colcon.colcon_core.shell:Creating package script '/home/ckl/RM/Combat_vision2026/install/rm_interfaces/share/rm_interfaces/package.zsh'
[0.636s] Level 1:colcon.colcon_core.environment:create_file_with_runtime_dependencies(/home/ckl/RM/Combat_vision2026/install/rm_interfaces/share/colcon-core/packages/rm_interfaces)
[0.637s] Level 1:colcon.colcon_core.environment:create_environment_scripts_only(rm_interfaces)
[0.637s] Level 1:colcon.colcon_core.environment:checking '/home/ckl/RM/Combat_vision2026/install/rm_interfaces' for CMake module files
[0.637s] Level 1:colcon.colcon_core.environment:checking '/home/ckl/RM/Combat_vision2026/install/rm_interfaces' for CMake config files
[0.638s] Level 1:colcon.colcon_core.shell:create_environment_hook('rm_interfaces', 'cmake_prefix_path')
[0.639s] INFO:colcon.colcon_core.shell:Creating environment hook '/home/ckl/RM/Combat_vision2026/install/rm_interfaces/share/rm_interfaces/hook/cmake_prefix_path.ps1'
[0.639s] INFO:colcon.colcon_core.shell:Creating environment descriptor '/home/ckl/RM/Combat_vision2026/install/rm_interfaces/share/rm_interfaces/hook/cmake_prefix_path.dsv'
[0.639s] INFO:colcon.colcon_core.shell:Creating environment hook '/home/ckl/RM/Combat_vision2026/install/rm_interfaces/share/rm_interfaces/hook/cmake_prefix_path.sh'
[0.640s] Level 1:colcon.colcon_core.environment:checking '/home/ckl/RM/Combat_vision2026/install/rm_interfaces/lib'
[0.640s] Level 1:colcon.colcon_core.shell:create_environment_hook('rm_interfaces', 'ld_library_path_lib')
[0.640s] INFO:colcon.colcon_core.shell:Creating environment hook '/home/ckl/RM/Combat_vision2026/install/rm_interfaces/share/rm_interfaces/hook/ld_library_path_lib.ps1'
[0.640s] INFO:colcon.colcon_core.shell:Creating environment descriptor '/home/ckl/RM/Combat_vision2026/install/rm_interfaces/share/rm_interfaces/hook/ld_library_path_lib.dsv'
[0.641s] INFO:colcon.colcon_core.shell:Creating environment hook '/home/ckl/RM/Combat_vision2026/install/rm_interfaces/share/rm_interfaces/hook/ld_library_path_lib.sh'
[0.641s] Level 1:colcon.colcon_core.environment:checking '/home/ckl/RM/Combat_vision2026/install/rm_interfaces/bin'
[0.641s] Level 1:colcon.colcon_core.environment:checking '/home/ckl/RM/Combat_vision2026/install/rm_interfaces/lib/pkgconfig/rm_interfaces.pc'
[0.641s] Level 1:colcon.colcon_core.environment:checking '/home/ckl/RM/Combat_vision2026/install/rm_interfaces/lib/python3.10/site-packages'
[0.641s] Level 1:colcon.colcon_core.environment:checking '/home/ckl/RM/Combat_vision2026/install/rm_interfaces/bin'
[0.641s] INFO:colcon.colcon_core.shell:Creating package script '/home/ckl/RM/Combat_vision2026/install/rm_interfaces/share/rm_interfaces/package.ps1'
[0.642s] INFO:colcon.colcon_core.shell:Creating package descriptor '/home/ckl/RM/Combat_vision2026/install/rm_interfaces/share/rm_interfaces/package.dsv'
[0.642s] INFO:colcon.colcon_core.shell:Creating package script '/home/ckl/RM/Combat_vision2026/install/rm_interfaces/share/rm_interfaces/package.sh'
[0.642s] INFO:colcon.colcon_core.shell:Creating package script '/home/ckl/RM/Combat_vision2026/install/rm_interfaces/share/rm_interfaces/package.bash'
[0.643s] INFO:colcon.colcon_core.shell:Creating package script '/home/ckl/RM/Combat_vision2026/install/rm_interfaces/share/rm_interfaces/package.zsh'
[0.643s] Level 1:colcon.colcon_core.environment:create_file_with_runtime_dependencies(/home/ckl/RM/Combat_vision2026/install/rm_interfaces/share/colcon-core/packages/rm_interfaces)
[0.643s] INFO:colcon.colcon_ros.task.ament_cmake.build:Building ROS package in '/home/ckl/RM/Combat_vision2026/src/rm_auto_aim/armor_detector' with build type 'ament_cmake'
[0.643s] INFO:colcon.colcon_cmake.task.cmake.build:Building CMake package in '/home/ckl/RM/Combat_vision2026/src/rm_auto_aim/armor_detector'
[0.643s] INFO:colcon.colcon_core.shell:Skip shell extension 'powershell' for command environment: Not usable outside of PowerShell
[0.643s] DEBUG:colcon.colcon_core.shell:Skip shell extension 'dsv' for command environment
[0.648s] INFO:colcon.colcon_ros.task.ament_cmake.build:Building ROS package in '/home/ckl/RM/Combat_vision2026/src/rm_auto_aim/armor_solver' with build type 'ament_cmake'
[0.648s] INFO:colcon.colcon_cmake.task.cmake.build:Building CMake package in '/home/ckl/RM/Combat_vision2026/src/rm_auto_aim/armor_solver'
[0.648s] INFO:colcon.colcon_core.shell:Skip shell extension 'powershell' for command environment: Not usable outside of PowerShell
[0.648s] DEBUG:colcon.colcon_core.shell:Skip shell extension 'dsv' for command environment
[0.651s] INFO:colcon.colcon_ros.task.ament_cmake.build:Building ROS package in '/home/ckl/RM/Combat_vision2026/src/rm_hardware_driver/rm_serial_driver' with build type 'ament_cmake'
[0.651s] INFO:colcon.colcon_cmake.task.cmake.build:Building CMake package in '/home/ckl/RM/Combat_vision2026/src/rm_hardware_driver/rm_serial_driver'
[0.652s] INFO:colcon.colcon_core.shell:Skip shell extension 'powershell' for command environment: Not usable outside of PowerShell
[0.652s] DEBUG:colcon.colcon_core.shell:Skip shell extension 'dsv' for command environment
[0.659s] DEBUG:colcon.colcon_core.event_handler.log_command:Invoking command in '/home/ckl/RM/Combat_vision2026/build/armor_detector': CMAKE_PREFIX_PATH=/home/ckl/RM/Combat_vision2026/install/rm_utils:/home/ckl/RM/Combat_vision2026/install/rm_interfaces:/home/ckl/RM/Combat_vision2026/install/rm_bringup:/home/ckl/RM/Combat_vision2026/install/rm_serial_driver:/home/ckl/RM/Combat_vision2026/install/rm_auto_aim:/home/ckl/RM/Combat_vision2026/install/armor_solver:/home/ckl/RM/Combat_vision2026/install/armor_detector:/home/ckl/RM/Combat_vision2026/install/rm_robot_description:/home/ckl/RM/Combat_vision2026/install/hik_camera:/opt/ros/humble LD_LIBRARY_PATH=/home/ckl/RM/Combat_vision2026/install/rm_utils/lib:/home/ckl/RM/Combat_vision2026/install/rm_interfaces/lib:/home/ckl/RM/Combat_vision2026/install/rm_serial_driver/lib:/home/ckl/RM/Combat_vision2026/install/armor_solver/lib:/home/ckl/RM/Combat_vision2026/install/armor_detector/lib:/home/ckl/RM/Combat_vision2026/install/hik_camera/lib:/opt/MVS/lib/64:/opt/MVS/lib/32:/opt/MVS/lib/64:/opt/MVS/lib/32:/opt/MVS/lib/64:/opt/MVS/lib/32:/opt/ros/humble/opt/rviz_ogre_vendor/lib:/opt/ros/humble/lib/x86_64-linux-gnu:/opt/ros/humble/lib:/opt/MVS/lib/64:/opt/MVS/lib/32:/opt/MVS/lib/64:/opt/MVS/lib/32:/opt/MVS/lib/64:/opt/MVS/lib/32 /usr/bin/cmake --build /home/ckl/RM/Combat_vision2026/build/armor_detector -- -j16 -l16
[0.661s] DEBUG:colcon.colcon_core.event_handler.log_command:Invoking command in '/home/ckl/RM/Combat_vision2026/build/armor_solver': CMAKE_PREFIX_PATH=/home/ckl/RM/Combat_vision2026/install/rm_utils:/home/ckl/RM/Combat_vision2026/install/rm_interfaces:/home/ckl/RM/Combat_vision2026/install/rm_bringup:/home/ckl/RM/Combat_vision2026/install/rm_serial_driver:/home/ckl/RM/Combat_vision2026/install/rm_auto_aim:/home/ckl/RM/Combat_vision2026/install/armor_solver:/home/ckl/RM/Combat_vision2026/install/armor_detector:/home/ckl/RM/Combat_vision2026/install/rm_robot_description:/home/ckl/RM/Combat_vision2026/install/hik_camera:/opt/ros/humble LD_LIBRARY_PATH=/home/ckl/RM/Combat_vision2026/install/rm_utils/lib:/home/ckl/RM/Combat_vision2026/install/rm_interfaces/lib:/home/ckl/RM/Combat_vision2026/install/rm_serial_driver/lib:/home/ckl/RM/Combat_vision2026/install/armor_solver/lib:/home/ckl/RM/Combat_vision2026/install/armor_detector/lib:/home/ckl/RM/Combat_vision2026/install/hik_camera/lib:/opt/MVS/lib/64:/opt/MVS/lib/32:/opt/MVS/lib/64:/opt/MVS/lib/32:/opt/MVS/lib/64:/opt/MVS/lib/32:/opt/ros/humble/opt/rviz_ogre_vendor/lib:/opt/ros/humble/lib/x86_64-linux-gnu:/opt/ros/humble/lib:/opt/MVS/lib/64:/opt/MVS/lib/32:/opt/MVS/lib/64:/opt/MVS/lib/32:/opt/MVS/lib/64:/opt/MVS/lib/32 /usr/bin/cmake --build /home/ckl/RM/Combat_vision2026/build/armor_solver -- -j16 -l16
[0.669s] DEBUG:colcon.colcon_core.event_handler.log_command:Invoking command in '/home/ckl/RM/Combat_vision2026/build/rm_serial_driver': CMAKE_PREFIX_PATH=/home/ckl/RM/Combat_vision2026/install/rm_utils:/home/ckl/RM/Combat_vision2026/install/rm_interfaces:/home/ckl/RM/Combat_vision2026/install/rm_bringup:/home/ckl/RM/Combat_vision2026/install/rm_serial_driver:/home/ckl/RM/Combat_vision2026/install/rm_auto_aim:/home/ckl/RM/Combat_vision2026/install/armor_solver:/home/ckl/RM/Combat_vision2026/install/armor_detector:/home/ckl/RM/Combat_vision2026/install/rm_robot_description:/home/ckl/RM/Combat_vision2026/install/hik_camera:/opt/ros/humble LD_LIBRARY_PATH=/home/ckl/RM/Combat_vision2026/install/rm_utils/lib:/home/ckl/RM/Combat_vision2026/install/rm_interfaces/lib:/home/ckl/RM/Combat_vision2026/install/rm_serial_driver/lib:/home/ckl/RM/Combat_vision2026/install/armor_solver/lib:/home/ckl/RM/Combat_vision2026/install/armor_detector/lib:/home/ckl/RM/Combat_vision2026/install/hik_camera/lib:/opt/MVS/lib/64:/opt/MVS/lib/32:/opt/MVS/lib/64:/opt/MVS/lib/32:/opt/MVS/lib/64:/opt/MVS/lib/32:/opt/ros/humble/opt/rviz_ogre_vendor/lib:/opt/ros/humble/lib/x86_64-linux-gnu:/opt/ros/humble/lib:/opt/MVS/lib/64:/opt/MVS/lib/32:/opt/MVS/lib/64:/opt/MVS/lib/32:/opt/MVS/lib/64:/opt/MVS/lib/32 /usr/bin/cmake --build /home/ckl/RM/Combat_vision2026/build/rm_serial_driver -- -j16 -l16
[0.723s] DEBUG:colcon.colcon_core.event_handler.log_command:Invoked command in '/home/ckl/RM/Combat_vision2026/build/armor_solver' returned '0': CMAKE_PREFIX_PATH=/home/ckl/RM/Combat_vision2026/install/rm_utils:/home/ckl/RM/Combat_vision2026/install/rm_interfaces:/home/ckl/RM/Combat_vision2026/install/rm_bringup:/home/ckl/RM/Combat_vision2026/install/rm_serial_driver:/home/ckl/RM/Combat_vision2026/install/rm_auto_aim:/home/ckl/RM/Combat_vision2026/install/armor_solver:/home/ckl/RM/Combat_vision2026/install/armor_detector:/home/ckl/RM/Combat_vision2026/install/rm_robot_description:/home/ckl/RM/Combat_vision2026/install/hik_camera:/opt/ros/humble LD_LIBRARY_PATH=/home/ckl/RM/Combat_vision2026/install/rm_utils/lib:/home/ckl/RM/Combat_vision2026/install/rm_interfaces/lib:/home/ckl/RM/Combat_vision2026/install/rm_serial_driver/lib:/home/ckl/RM/Combat_vision2026/install/armor_solver/lib:/home/ckl/RM/Combat_vision2026/install/armor_detector/lib:/home/ckl/RM/Combat_vision2026/install/hik_camera/lib:/opt/MVS/lib/64:/opt/MVS/lib/32:/opt/MVS/lib/64:/opt/MVS/lib/32:/opt/MVS/lib/64:/opt/MVS/lib/32:/opt/ros/humble/opt/rviz_ogre_vendor/lib:/opt/ros/humble/lib/x86_64-linux-gnu:/opt/ros/humble/lib:/opt/MVS/lib/64:/opt/MVS/lib/32:/opt/MVS/lib/64:/opt/MVS/lib/32:/opt/MVS/lib/64:/opt/MVS/lib/32 /usr/bin/cmake --build /home/ckl/RM/Combat_vision2026/build/armor_solver -- -j16 -l16
[0.725s] DEBUG:colcon.colcon_core.event_handler.log_command:Invoking command in '/home/ckl/RM/Combat_vision2026/build/armor_solver': CMAKE_PREFIX_PATH=/home/ckl/RM/Combat_vision2026/install/rm_utils:/home/ckl/RM/Combat_vision2026/install/rm_interfaces:/home/ckl/RM/Combat_vision2026/install/rm_bringup:/home/ckl/RM/Combat_vision2026/install/rm_serial_driver:/home/ckl/RM/Combat_vision2026/install/rm_auto_aim:/home/ckl/RM/Combat_vision2026/install/armor_solver:/home/ckl/RM/Combat_vision2026/install/armor_detector:/home/ckl/RM/Combat_vision2026/install/rm_robot_description:/home/ckl/RM/Combat_vision2026/install/hik_camera:/opt/ros/humble LD_LIBRARY_PATH=/home/ckl/RM/Combat_vision2026/install/rm_utils/lib:/home/ckl/RM/Combat_vision2026/install/rm_interfaces/lib:/home/ckl/RM/Combat_vision2026/install/rm_serial_driver/lib:/home/ckl/RM/Combat_vision2026/install/armor_solver/lib:/home/ckl/RM/Combat_vision2026/install/armor_detector/lib:/home/ckl/RM/Combat_vision2026/install/hik_camera/lib:/opt/MVS/lib/64:/opt/MVS/lib/32:/opt/MVS/lib/64:/opt/MVS/lib/32:/opt/MVS/lib/64:/opt/MVS/lib/32:/opt/ros/humble/opt/rviz_ogre_vendor/lib:/opt/ros/humble/lib/x86_64-linux-gnu:/opt/ros/humble/lib:/opt/MVS/lib/64:/opt/MVS/lib/32:/opt/MVS/lib/64:/opt/MVS/lib/32:/opt/MVS/lib/64:/opt/MVS/lib/32 /usr/bin/cmake --install /home/ckl/RM/Combat_vision2026/build/armor_solver
[0.731s] Level 1:colcon.colcon_core.environment:create_environment_scripts_only(armor_solver)
[0.731s] Level 1:colcon.colcon_core.environment:checking '/home/ckl/RM/Combat_vision2026/install/armor_solver' for CMake module files
[0.731s] DEBUG:colcon.colcon_core.event_handler.log_command:Invoked command in '/home/ckl/RM/Combat_vision2026/build/armor_solver' returned '0': CMAKE_PREFIX_PATH=/home/ckl/RM/Combat_vision2026/install/rm_utils:/home/ckl/RM/Combat_vision2026/install/rm_interfaces:/home/ckl/RM/Combat_vision2026/install/rm_bringup:/home/ckl/RM/Combat_vision2026/install/rm_serial_driver:/home/ckl/RM/Combat_vision2026/install/rm_auto_aim:/home/ckl/RM/Combat_vision2026/install/armor_solver:/home/ckl/RM/Combat_vision2026/install/armor_detector:/home/ckl/RM/Combat_vision2026/install/rm_robot_description:/home/ckl/RM/Combat_vision2026/install/hik_camera:/opt/ros/humble LD_LIBRARY_PATH=/home/ckl/RM/Combat_vision2026/install/rm_utils/lib:/home/ckl/RM/Combat_vision2026/install/rm_interfaces/lib:/home/ckl/RM/Combat_vision2026/install/rm_serial_driver/lib:/home/ckl/RM/Combat_vision2026/install/armor_solver/lib:/home/ckl/RM/Combat_vision2026/install/armor_detector/lib:/home/ckl/RM/Combat_vision2026/install/hik_camera/lib:/opt/MVS/lib/64:/opt/MVS/lib/32:/opt/MVS/lib/64:/opt/MVS/lib/32:/opt/MVS/lib/64:/opt/MVS/lib/32:/opt/ros/humble/opt/rviz_ogre_vendor/lib:/opt/ros/humble/lib/x86_64-linux-gnu:/opt/ros/humble/lib:/opt/MVS/lib/64:/opt/MVS/lib/32:/opt/MVS/lib/64:/opt/MVS/lib/32:/opt/MVS/lib/64:/opt/MVS/lib/32 /usr/bin/cmake --install /home/ckl/RM/Combat_vision2026/build/armor_solver
[0.732s] Level 1:colcon.colcon_core.environment:checking '/home/ckl/RM/Combat_vision2026/install/armor_solver' for CMake config files
[0.732s] Level 1:colcon.colcon_core.shell:create_environment_hook('armor_solver', 'cmake_prefix_path')
[0.732s] INFO:colcon.colcon_core.shell:Creating environment hook '/home/ckl/RM/Combat_vision2026/install/armor_solver/share/armor_solver/hook/cmake_prefix_path.ps1'
[0.733s] INFO:colcon.colcon_core.shell:Creating environment descriptor '/home/ckl/RM/Combat_vision2026/install/armor_solver/share/armor_solver/hook/cmake_prefix_path.dsv'
[0.733s] INFO:colcon.colcon_core.shell:Creating environment hook '/home/ckl/RM/Combat_vision2026/install/armor_solver/share/armor_solver/hook/cmake_prefix_path.sh'
[0.733s] Level 1:colcon.colcon_core.environment:checking '/home/ckl/RM/Combat_vision2026/install/armor_solver/lib'
[0.733s] Level 1:colcon.colcon_core.shell:create_environment_hook('armor_solver', 'ld_library_path_lib')
[0.734s] INFO:colcon.colcon_core.shell:Creating environment hook '/home/ckl/RM/Combat_vision2026/install/armor_solver/share/armor_solver/hook/ld_library_path_lib.ps1'
[0.734s] INFO:colcon.colcon_core.shell:Creating environment descriptor '/home/ckl/RM/Combat_vision2026/install/armor_solver/share/armor_solver/hook/ld_library_path_lib.dsv'
[0.734s] INFO:colcon.colcon_core.shell:Creating environment hook '/home/ckl/RM/Combat_vision2026/install/armor_solver/share/armor_solver/hook/ld_library_path_lib.sh'
[0.734s] Level 1:colcon.colcon_core.environment:checking '/home/ckl/RM/Combat_vision2026/install/armor_solver/bin'
[0.735s] Level 1:colcon.colcon_core.environment:checking '/home/ckl/RM/Combat_vision2026/install/armor_solver/lib/pkgconfig/armor_solver.pc'
[0.735s] Level 1:colcon.colcon_core.environment:checking '/home/ckl/RM/Combat_vision2026/install/armor_solver/lib/python3.10/site-packages'
[0.735s] Level 1:colcon.colcon_core.environment:checking '/home/ckl/RM/Combat_vision2026/install/armor_solver/bin'
[0.735s] INFO:colcon.colcon_core.shell:Creating package script '/home/ckl/RM/Combat_vision2026/install/armor_solver/share/armor_solver/package.ps1'
[0.736s] INFO:colcon.colcon_core.shell:Creating package descriptor '/home/ckl/RM/Combat_vision2026/install/armor_solver/share/armor_solver/package.dsv'
[0.736s] INFO:colcon.colcon_core.shell:Creating package script '/home/ckl/RM/Combat_vision2026/install/armor_solver/share/armor_solver/package.sh'
[0.737s] INFO:colcon.colcon_core.shell:Creating package script '/home/ckl/RM/Combat_vision2026/install/armor_solver/share/armor_solver/package.bash'
[0.737s] INFO:colcon.colcon_core.shell:Creating package script '/home/ckl/RM/Combat_vision2026/install/armor_solver/share/armor_solver/package.zsh'
[0.738s] Level 1:colcon.colcon_core.environment:create_file_with_runtime_dependencies(/home/ckl/RM/Combat_vision2026/install/armor_solver/share/colcon-core/packages/armor_solver)
[0.738s] Level 1:colcon.colcon_core.environment:create_environment_scripts_only(armor_solver)
[0.738s] Level 1:colcon.colcon_core.environment:checking '/home/ckl/RM/Combat_vision2026/install/armor_solver' for CMake module files
[0.739s] Level 1:colcon.colcon_core.environment:checking '/home/ckl/RM/Combat_vision2026/install/armor_solver' for CMake config files
[0.739s] Level 1:colcon.colcon_core.shell:create_environment_hook('armor_solver', 'cmake_prefix_path')
[0.739s] INFO:colcon.colcon_core.shell:Creating environment hook '/home/ckl/RM/Combat_vision2026/install/armor_solver/share/armor_solver/hook/cmake_prefix_path.ps1'
[0.740s] INFO:colcon.colcon_core.shell:Creating environment descriptor '/home/ckl/RM/Combat_vision2026/install/armor_solver/share/armor_solver/hook/cmake_prefix_path.dsv'
[0.740s] INFO:colcon.colcon_core.shell:Creating environment hook '/home/ckl/RM/Combat_vision2026/install/armor_solver/share/armor_solver/hook/cmake_prefix_path.sh'
[0.740s] Level 1:colcon.colcon_core.environment:checking '/home/ckl/RM/Combat_vision2026/install/armor_solver/lib'
[0.740s] Level 1:colcon.colcon_core.shell:create_environment_hook('armor_solver', 'ld_library_path_lib')
[0.741s] INFO:colcon.colcon_core.shell:Creating environment hook '/home/ckl/RM/Combat_vision2026/install/armor_solver/share/armor_solver/hook/ld_library_path_lib.ps1'
[0.741s] INFO:colcon.colcon_core.shell:Creating environment descriptor '/home/ckl/RM/Combat_vision2026/install/armor_solver/share/armor_solver/hook/ld_library_path_lib.dsv'
[0.741s] INFO:colcon.colcon_core.shell:Creating environment hook '/home/ckl/RM/Combat_vision2026/install/armor_solver/share/armor_solver/hook/ld_library_path_lib.sh'
[0.742s] Level 1:colcon.colcon_core.environment:checking '/home/ckl/RM/Combat_vision2026/install/armor_solver/bin'
[0.742s] Level 1:colcon.colcon_core.environment:checking '/home/ckl/RM/Combat_vision2026/install/armor_solver/lib/pkgconfig/armor_solver.pc'
[0.742s] Level 1:colcon.colcon_core.environment:checking '/home/ckl/RM/Combat_vision2026/install/armor_solver/lib/python3.10/site-packages'
[0.742s] Level 1:colcon.colcon_core.environment:checking '/home/ckl/RM/Combat_vision2026/install/armor_solver/bin'
[0.742s] INFO:colcon.colcon_core.shell:Creating package script '/home/ckl/RM/Combat_vision2026/install/armor_solver/share/armor_solver/package.ps1'
[0.743s] INFO:colcon.colcon_core.shell:Creating package descriptor '/home/ckl/RM/Combat_vision2026/install/armor_solver/share/armor_solver/package.dsv'
[0.743s] INFO:colcon.colcon_core.shell:Creating package script '/home/ckl/RM/Combat_vision2026/install/armor_solver/share/armor_solver/package.sh'
[0.743s] INFO:colcon.colcon_core.shell:Creating package script '/home/ckl/RM/Combat_vision2026/install/armor_solver/share/armor_solver/package.bash'
[0.744s] INFO:colcon.colcon_core.shell:Creating package script '/home/ckl/RM/Combat_vision2026/install/armor_solver/share/armor_solver/package.zsh'
[0.744s] Level 1:colcon.colcon_core.environment:create_file_with_runtime_dependencies(/home/ckl/RM/Combat_vision2026/install/armor_solver/share/colcon-core/packages/armor_solver)
[0.746s] DEBUG:colcon.colcon_core.event_handler.log_command:Invoked command in '/home/ckl/RM/Combat_vision2026/build/rm_serial_driver' returned '0': CMAKE_PREFIX_PATH=/home/ckl/RM/Combat_vision2026/install/rm_utils:/home/ckl/RM/Combat_vision2026/install/rm_interfaces:/home/ckl/RM/Combat_vision2026/install/rm_bringup:/home/ckl/RM/Combat_vision2026/install/rm_serial_driver:/home/ckl/RM/Combat_vision2026/install/rm_auto_aim:/home/ckl/RM/Combat_vision2026/install/armor_solver:/home/ckl/RM/Combat_vision2026/install/armor_detector:/home/ckl/RM/Combat_vision2026/install/rm_robot_description:/home/ckl/RM/Combat_vision2026/install/hik_camera:/opt/ros/humble LD_LIBRARY_PATH=/home/ckl/RM/Combat_vision2026/install/rm_utils/lib:/home/ckl/RM/Combat_vision2026/install/rm_interfaces/lib:/home/ckl/RM/Combat_vision2026/install/rm_serial_driver/lib:/home/ckl/RM/Combat_vision2026/install/armor_solver/lib:/home/ckl/RM/Combat_vision2026/install/armor_detector/lib:/home/ckl/RM/Combat_vision2026/install/hik_camera/lib:/opt/MVS/lib/64:/opt/MVS/lib/32:/opt/MVS/lib/64:/opt/MVS/lib/32:/opt/MVS/lib/64:/opt/MVS/lib/32:/opt/ros/humble/opt/rviz_ogre_vendor/lib:/opt/ros/humble/lib/x86_64-linux-gnu:/opt/ros/humble/lib:/opt/MVS/lib/64:/opt/MVS/lib/32:/opt/MVS/lib/64:/opt/MVS/lib/32:/opt/MVS/lib/64:/opt/MVS/lib/32 /usr/bin/cmake --build /home/ckl/RM/Combat_vision2026/build/rm_serial_driver -- -j16 -l16
[0.747s] DEBUG:colcon.colcon_core.event_handler.log_command:Invoking command in '/home/ckl/RM/Combat_vision2026/build/rm_serial_driver': CMAKE_PREFIX_PATH=/home/ckl/RM/Combat_vision2026/install/rm_utils:/home/ckl/RM/Combat_vision2026/install/rm_interfaces:/home/ckl/RM/Combat_vision2026/install/rm_bringup:/home/ckl/RM/Combat_vision2026/install/rm_serial_driver:/home/ckl/RM/Combat_vision2026/install/rm_auto_aim:/home/ckl/RM/Combat_vision2026/install/armor_solver:/home/ckl/RM/Combat_vision2026/install/armor_detector:/home/ckl/RM/Combat_vision2026/install/rm_robot_description:/home/ckl/RM/Combat_vision2026/install/hik_camera:/opt/ros/humble LD_LIBRARY_PATH=/home/ckl/RM/Combat_vision2026/install/rm_utils/lib:/home/ckl/RM/Combat_vision2026/install/rm_interfaces/lib:/home/ckl/RM/Combat_vision2026/install/rm_serial_driver/lib:/home/ckl/RM/Combat_vision2026/install/armor_solver/lib:/home/ckl/RM/Combat_vision2026/install/armor_detector/lib:/home/ckl/RM/Combat_vision2026/install/hik_camera/lib:/opt/MVS/lib/64:/opt/MVS/lib/32:/opt/MVS/lib/64:/opt/MVS/lib/32:/opt/MVS/lib/64:/opt/MVS/lib/32:/opt/ros/humble/opt/rviz_ogre_vendor/lib:/opt/ros/humble/lib/x86_64-linux-gnu:/opt/ros/humble/lib:/opt/MVS/lib/64:/opt/MVS/lib/32:/opt/MVS/lib/64:/opt/MVS/lib/32:/opt/MVS/lib/64:/opt/MVS/lib/32 /usr/bin/cmake --install /home/ckl/RM/Combat_vision2026/build/rm_serial_driver
[0.755s] Level 1:colcon.colcon_core.environment:create_environment_scripts_only(rm_serial_driver)
[0.755s] Level 1:colcon.colcon_core.environment:checking '/home/ckl/RM/Combat_vision2026/install/rm_serial_driver' for CMake module files
[0.756s] DEBUG:colcon.colcon_core.event_handler.log_command:Invoked command in '/home/ckl/RM/Combat_vision2026/build/rm_serial_driver' returned '0': CMAKE_PREFIX_PATH=/home/ckl/RM/Combat_vision2026/install/rm_utils:/home/ckl/RM/Combat_vision2026/install/rm_interfaces:/home/ckl/RM/Combat_vision2026/install/rm_bringup:/home/ckl/RM/Combat_vision2026/install/rm_serial_driver:/home/ckl/RM/Combat_vision2026/install/rm_auto_aim:/home/ckl/RM/Combat_vision2026/install/armor_solver:/home/ckl/RM/Combat_vision2026/install/armor_detector:/home/ckl/RM/Combat_vision2026/install/rm_robot_description:/home/ckl/RM/Combat_vision2026/install/hik_camera:/opt/ros/humble LD_LIBRARY_PATH=/home/ckl/RM/Combat_vision2026/install/rm_utils/lib:/home/ckl/RM/Combat_vision2026/install/rm_interfaces/lib:/home/ckl/RM/Combat_vision2026/install/rm_serial_driver/lib:/home/ckl/RM/Combat_vision2026/install/armor_solver/lib:/home/ckl/RM/Combat_vision2026/install/armor_detector/lib:/home/ckl/RM/Combat_vision2026/install/hik_camera/lib:/opt/MVS/lib/64:/opt/MVS/lib/32:/opt/MVS/lib/64:/opt/MVS/lib/32:/opt/MVS/lib/64:/opt/MVS/lib/32:/opt/ros/humble/opt/rviz_ogre_vendor/lib:/opt/ros/humble/lib/x86_64-linux-gnu:/opt/ros/humble/lib:/opt/MVS/lib/64:/opt/MVS/lib/32:/opt/MVS/lib/64:/opt/MVS/lib/32:/opt/MVS/lib/64:/opt/MVS/lib/32 /usr/bin/cmake --install /home/ckl/RM/Combat_vision2026/build/rm_serial_driver
[0.756s] Level 1:colcon.colcon_core.environment:checking '/home/ckl/RM/Combat_vision2026/install/rm_serial_driver' for CMake config files
[0.756s] Level 1:colcon.colcon_core.shell:create_environment_hook('rm_serial_driver', 'cmake_prefix_path')
[0.757s] INFO:colcon.colcon_core.shell:Creating environment hook '/home/ckl/RM/Combat_vision2026/install/rm_serial_driver/share/rm_serial_driver/hook/cmake_prefix_path.ps1'
[0.757s] INFO:colcon.colcon_core.shell:Creating environment descriptor '/home/ckl/RM/Combat_vision2026/install/rm_serial_driver/share/rm_serial_driver/hook/cmake_prefix_path.dsv'
[0.757s] INFO:colcon.colcon_core.shell:Creating environment hook '/home/ckl/RM/Combat_vision2026/install/rm_serial_driver/share/rm_serial_driver/hook/cmake_prefix_path.sh'
[0.758s] Level 1:colcon.colcon_core.environment:checking '/home/ckl/RM/Combat_vision2026/install/rm_serial_driver/lib'
[0.758s] Level 1:colcon.colcon_core.shell:create_environment_hook('rm_serial_driver', 'ld_library_path_lib')
[0.758s] INFO:colcon.colcon_core.shell:Creating environment hook '/home/ckl/RM/Combat_vision2026/install/rm_serial_driver/share/rm_serial_driver/hook/ld_library_path_lib.ps1'
[0.758s] INFO:colcon.colcon_core.shell:Creating environment descriptor '/home/ckl/RM/Combat_vision2026/install/rm_serial_driver/share/rm_serial_driver/hook/ld_library_path_lib.dsv'
[0.758s] INFO:colcon.colcon_core.shell:Creating environment hook '/home/ckl/RM/Combat_vision2026/install/rm_serial_driver/share/rm_serial_driver/hook/ld_library_path_lib.sh'
[0.759s] Level 1:colcon.colcon_core.environment:checking '/home/ckl/RM/Combat_vision2026/install/rm_serial_driver/bin'
[0.759s] Level 1:colcon.colcon_core.environment:checking '/home/ckl/RM/Combat_vision2026/install/rm_serial_driver/lib/pkgconfig/rm_serial_driver.pc'
[0.759s] Level 1:colcon.colcon_core.environment:checking '/home/ckl/RM/Combat_vision2026/install/rm_serial_driver/lib/python3.10/site-packages'
[0.759s] Level 1:colcon.colcon_core.environment:checking '/home/ckl/RM/Combat_vision2026/install/rm_serial_driver/bin'
[0.759s] INFO:colcon.colcon_core.shell:Creating package script '/home/ckl/RM/Combat_vision2026/install/rm_serial_driver/share/rm_serial_driver/package.ps1'
[0.760s] INFO:colcon.colcon_core.shell:Creating package descriptor '/home/ckl/RM/Combat_vision2026/install/rm_serial_driver/share/rm_serial_driver/package.dsv'
[0.760s] INFO:colcon.colcon_core.shell:Creating package script '/home/ckl/RM/Combat_vision2026/install/rm_serial_driver/share/rm_serial_driver/package.sh'
[0.761s] INFO:colcon.colcon_core.shell:Creating package script '/home/ckl/RM/Combat_vision2026/install/rm_serial_driver/share/rm_serial_driver/package.bash'
[0.761s] INFO:colcon.colcon_core.shell:Creating package script '/home/ckl/RM/Combat_vision2026/install/rm_serial_driver/share/rm_serial_driver/package.zsh'
[0.761s] Level 1:colcon.colcon_core.environment:create_file_with_runtime_dependencies(/home/ckl/RM/Combat_vision2026/install/rm_serial_driver/share/colcon-core/packages/rm_serial_driver)
[0.762s] Level 1:colcon.colcon_core.environment:create_environment_scripts_only(rm_serial_driver)
[0.762s] Level 1:colcon.colcon_core.environment:checking '/home/ckl/RM/Combat_vision2026/install/rm_serial_driver' for CMake module files
[0.763s] Level 1:colcon.colcon_core.environment:checking '/home/ckl/RM/Combat_vision2026/install/rm_serial_driver' for CMake config files
[0.763s] Level 1:colcon.colcon_core.shell:create_environment_hook('rm_serial_driver', 'cmake_prefix_path')
[0.763s] INFO:colcon.colcon_core.shell:Creating environment hook '/home/ckl/RM/Combat_vision2026/install/rm_serial_driver/share/rm_serial_driver/hook/cmake_prefix_path.ps1'
[0.764s] INFO:colcon.colcon_core.shell:Creating environment descriptor '/home/ckl/RM/Combat_vision2026/install/rm_serial_driver/share/rm_serial_driver/hook/cmake_prefix_path.dsv'
[0.764s] INFO:colcon.colcon_core.shell:Creating environment hook '/home/ckl/RM/Combat_vision2026/install/rm_serial_driver/share/rm_serial_driver/hook/cmake_prefix_path.sh'
[0.766s] Level 1:colcon.colcon_core.environment:checking '/home/ckl/RM/Combat_vision2026/install/rm_serial_driver/lib'
[0.766s] Level 1:colcon.colcon_core.shell:create_environment_hook('rm_serial_driver', 'ld_library_path_lib')
[0.766s] INFO:colcon.colcon_core.shell:Creating environment hook '/home/ckl/RM/Combat_vision2026/install/rm_serial_driver/share/rm_serial_driver/hook/ld_library_path_lib.ps1'
[0.766s] INFO:colcon.colcon_core.shell:Creating environment descriptor '/home/ckl/RM/Combat_vision2026/install/rm_serial_driver/share/rm_serial_driver/hook/ld_library_path_lib.dsv'
[0.767s] INFO:colcon.colcon_core.shell:Creating environment hook '/home/ckl/RM/Combat_vision2026/install/rm_serial_driver/share/rm_serial_driver/hook/ld_library_path_lib.sh'
[0.767s] Level 1:colcon.colcon_core.environment:checking '/home/ckl/RM/Combat_vision2026/install/rm_serial_driver/bin'
[0.767s] Level 1:colcon.colcon_core.environment:checking '/home/ckl/RM/Combat_vision2026/install/rm_serial_driver/lib/pkgconfig/rm_serial_driver.pc'
[0.767s] Level 1:colcon.colcon_core.environment:checking '/home/ckl/RM/Combat_vision2026/install/rm_serial_driver/lib/python3.10/site-packages'
[0.767s] Level 1:colcon.colcon_core.environment:checking '/home/ckl/RM/Combat_vision2026/install/rm_serial_driver/bin'
[0.768s] INFO:colcon.colcon_core.shell:Creating package script '/home/ckl/RM/Combat_vision2026/install/rm_serial_driver/share/rm_serial_driver/package.ps1'
[0.768s] INFO:colcon.colcon_core.shell:Creating package descriptor '/home/ckl/RM/Combat_vision2026/install/rm_serial_driver/share/rm_serial_driver/package.dsv'
[0.769s] INFO:colcon.colcon_core.shell:Creating package script '/home/ckl/RM/Combat_vision2026/install/rm_serial_driver/share/rm_serial_driver/package.sh'
[0.770s] INFO:colcon.colcon_core.shell:Creating package script '/home/ckl/RM/Combat_vision2026/install/rm_serial_driver/share/rm_serial_driver/package.bash'
[0.770s] INFO:colcon.colcon_core.shell:Creating package script '/home/ckl/RM/Combat_vision2026/install/rm_serial_driver/share/rm_serial_driver/package.zsh'
[0.770s] Level 1:colcon.colcon_core.environment:create_file_with_runtime_dependencies(/home/ckl/RM/Combat_vision2026/install/rm_serial_driver/share/colcon-core/packages/rm_serial_driver)
[0.772s] DEBUG:colcon.colcon_core.event_handler.log_command:Invoked command in '/home/ckl/RM/Combat_vision2026/build/armor_detector' returned '0': CMAKE_PREFIX_PATH=/home/ckl/RM/Combat_vision2026/install/rm_utils:/home/ckl/RM/Combat_vision2026/install/rm_interfaces:/home/ckl/RM/Combat_vision2026/install/rm_bringup:/home/ckl/RM/Combat_vision2026/install/rm_serial_driver:/home/ckl/RM/Combat_vision2026/install/rm_auto_aim:/home/ckl/RM/Combat_vision2026/install/armor_solver:/home/ckl/RM/Combat_vision2026/install/armor_detector:/home/ckl/RM/Combat_vision2026/install/rm_robot_description:/home/ckl/RM/Combat_vision2026/install/hik_camera:/opt/ros/humble LD_LIBRARY_PATH=/home/ckl/RM/Combat_vision2026/install/rm_utils/lib:/home/ckl/RM/Combat_vision2026/install/rm_interfaces/lib:/home/ckl/RM/Combat_vision2026/install/rm_serial_driver/lib:/home/ckl/RM/Combat_vision2026/install/armor_solver/lib:/home/ckl/RM/Combat_vision2026/install/armor_detector/lib:/home/ckl/RM/Combat_vision2026/install/hik_camera/lib:/opt/MVS/lib/64:/opt/MVS/lib/32:/opt/MVS/lib/64:/opt/MVS/lib/32:/opt/MVS/lib/64:/opt/MVS/lib/32:/opt/ros/humble/opt/rviz_ogre_vendor/lib:/opt/ros/humble/lib/x86_64-linux-gnu:/opt/ros/humble/lib:/opt/MVS/lib/64:/opt/MVS/lib/32:/opt/MVS/lib/64:/opt/MVS/lib/32:/opt/MVS/lib/64:/opt/MVS/lib/32 /usr/bin/cmake --build /home/ckl/RM/Combat_vision2026/build/armor_detector -- -j16 -l16
[0.773s] DEBUG:colcon.colcon_core.event_handler.log_command:Invoking command in '/home/ckl/RM/Combat_vision2026/build/armor_detector': CMAKE_PREFIX_PATH=/home/ckl/RM/Combat_vision2026/install/rm_utils:/home/ckl/RM/Combat_vision2026/install/rm_interfaces:/home/ckl/RM/Combat_vision2026/install/rm_bringup:/home/ckl/RM/Combat_vision2026/install/rm_serial_driver:/home/ckl/RM/Combat_vision2026/install/rm_auto_aim:/home/ckl/RM/Combat_vision2026/install/armor_solver:/home/ckl/RM/Combat_vision2026/install/armor_detector:/home/ckl/RM/Combat_vision2026/install/rm_robot_description:/home/ckl/RM/Combat_vision2026/install/hik_camera:/opt/ros/humble LD_LIBRARY_PATH=/home/ckl/RM/Combat_vision2026/install/rm_utils/lib:/home/ckl/RM/Combat_vision2026/install/rm_interfaces/lib:/home/ckl/RM/Combat_vision2026/install/rm_serial_driver/lib:/home/ckl/RM/Combat_vision2026/install/armor_solver/lib:/home/ckl/RM/Combat_vision2026/install/armor_detector/lib:/home/ckl/RM/Combat_vision2026/install/hik_camera/lib:/opt/MVS/lib/64:/opt/MVS/lib/32:/opt/MVS/lib/64:/opt/MVS/lib/32:/opt/MVS/lib/64:/opt/MVS/lib/32:/opt/ros/humble/opt/rviz_ogre_vendor/lib:/opt/ros/humble/lib/x86_64-linux-gnu:/opt/ros/humble/lib:/opt/MVS/lib/64:/opt/MVS/lib/32:/opt/MVS/lib/64:/opt/MVS/lib/32:/opt/MVS/lib/64:/opt/MVS/lib/32 /usr/bin/cmake --install /home/ckl/RM/Combat_vision2026/build/armor_detector
[0.782s] Level 1:colcon.colcon_core.environment:create_environment_scripts_only(armor_detector)
[0.782s] Level 1:colcon.colcon_core.environment:checking '/home/ckl/RM/Combat_vision2026/install/armor_detector' for CMake module files
[0.782s] DEBUG:colcon.colcon_core.event_handler.log_command:Invoked command in '/home/ckl/RM/Combat_vision2026/build/armor_detector' returned '0': CMAKE_PREFIX_PATH=/home/ckl/RM/Combat_vision2026/install/rm_utils:/home/ckl/RM/Combat_vision2026/install/rm_interfaces:/home/ckl/RM/Combat_vision2026/install/rm_bringup:/home/ckl/RM/Combat_vision2026/install/rm_serial_driver:/home/ckl/RM/Combat_vision2026/install/rm_auto_aim:/home/ckl/RM/Combat_vision2026/install/armor_solver:/home/ckl/RM/Combat_vision2026/install/armor_detector:/home/ckl/RM/Combat_vision2026/install/rm_robot_description:/home/ckl/RM/Combat_vision2026/install/hik_camera:/opt/ros/humble LD_LIBRARY_PATH=/home/ckl/RM/Combat_vision2026/install/rm_utils/lib:/home/ckl/RM/Combat_vision2026/install/rm_interfaces/lib:/home/ckl/RM/Combat_vision2026/install/rm_serial_driver/lib:/home/ckl/RM/Combat_vision2026/install/armor_solver/lib:/home/ckl/RM/Combat_vision2026/install/armor_detector/lib:/home/ckl/RM/Combat_vision2026/install/hik_camera/lib:/opt/MVS/lib/64:/opt/MVS/lib/32:/opt/MVS/lib/64:/opt/MVS/lib/32:/opt/MVS/lib/64:/opt/MVS/lib/32:/opt/ros/humble/opt/rviz_ogre_vendor/lib:/opt/ros/humble/lib/x86_64-linux-gnu:/opt/ros/humble/lib:/opt/MVS/lib/64:/opt/MVS/lib/32:/opt/MVS/lib/64:/opt/MVS/lib/32:/opt/MVS/lib/64:/opt/MVS/lib/32 /usr/bin/cmake --install /home/ckl/RM/Combat_vision2026/build/armor_detector
[0.783s] Level 1:colcon.colcon_core.environment:checking '/home/ckl/RM/Combat_vision2026/install/armor_detector' for CMake config files
[0.783s] Level 1:colcon.colcon_core.shell:create_environment_hook('armor_detector', 'cmake_prefix_path')
[0.783s] INFO:colcon.colcon_core.shell:Creating environment hook '/home/ckl/RM/Combat_vision2026/install/armor_detector/share/armor_detector/hook/cmake_prefix_path.ps1'
[0.784s] INFO:colcon.colcon_core.shell:Creating environment descriptor '/home/ckl/RM/Combat_vision2026/install/armor_detector/share/armor_detector/hook/cmake_prefix_path.dsv'
[0.784s] INFO:colcon.colcon_core.shell:Creating environment hook '/home/ckl/RM/Combat_vision2026/install/armor_detector/share/armor_detector/hook/cmake_prefix_path.sh'
[0.784s] Level 1:colcon.colcon_core.environment:checking '/home/ckl/RM/Combat_vision2026/install/armor_detector/lib'
[0.784s] Level 1:colcon.colcon_core.shell:create_environment_hook('armor_detector', 'ld_library_path_lib')
[0.785s] INFO:colcon.colcon_core.shell:Creating environment hook '/home/ckl/RM/Combat_vision2026/install/armor_detector/share/armor_detector/hook/ld_library_path_lib.ps1'
[0.785s] INFO:colcon.colcon_core.shell:Creating environment descriptor '/home/ckl/RM/Combat_vision2026/install/armor_detector/share/armor_detector/hook/ld_library_path_lib.dsv'
[0.785s] INFO:colcon.colcon_core.shell:Creating environment hook '/home/ckl/RM/Combat_vision2026/install/armor_detector/share/armor_detector/hook/ld_library_path_lib.sh'
[0.785s] Level 1:colcon.colcon_core.environment:checking '/home/ckl/RM/Combat_vision2026/install/armor_detector/bin'
[0.785s] Level 1:colcon.colcon_core.environment:checking '/home/ckl/RM/Combat_vision2026/install/armor_detector/lib/pkgconfig/armor_detector.pc'
[0.786s] Level 1:colcon.colcon_core.environment:checking '/home/ckl/RM/Combat_vision2026/install/armor_detector/lib/python3.10/site-packages'
[0.786s] Level 1:colcon.colcon_core.environment:checking '/home/ckl/RM/Combat_vision2026/install/armor_detector/bin'
[0.786s] INFO:colcon.colcon_core.shell:Creating package script '/home/ckl/RM/Combat_vision2026/install/armor_detector/share/armor_detector/package.ps1'
[0.786s] INFO:colcon.colcon_core.shell:Creating package descriptor '/home/ckl/RM/Combat_vision2026/install/armor_detector/share/armor_detector/package.dsv'
[0.787s] INFO:colcon.colcon_core.shell:Creating package script '/home/ckl/RM/Combat_vision2026/install/armor_detector/share/armor_detector/package.sh'
[0.787s] INFO:colcon.colcon_core.shell:Creating package script '/home/ckl/RM/Combat_vision2026/install/armor_detector/share/armor_detector/package.bash'
[0.788s] INFO:colcon.colcon_core.shell:Creating package script '/home/ckl/RM/Combat_vision2026/install/armor_detector/share/armor_detector/package.zsh'
[0.788s] Level 1:colcon.colcon_core.environment:create_file_with_runtime_dependencies(/home/ckl/RM/Combat_vision2026/install/armor_detector/share/colcon-core/packages/armor_detector)
[0.788s] Level 1:colcon.colcon_core.environment:create_environment_scripts_only(armor_detector)
[0.789s] Level 1:colcon.colcon_core.environment:checking '/home/ckl/RM/Combat_vision2026/install/armor_detector' for CMake module files
[0.789s] Level 1:colcon.colcon_core.environment:checking '/home/ckl/RM/Combat_vision2026/install/armor_detector' for CMake config files
[0.790s] Level 1:colcon.colcon_core.shell:create_environment_hook('armor_detector', 'cmake_prefix_path')
[0.790s] INFO:colcon.colcon_core.shell:Creating environment hook '/home/ckl/RM/Combat_vision2026/install/armor_detector/share/armor_detector/hook/cmake_prefix_path.ps1'
[0.790s] INFO:colcon.colcon_core.shell:Creating environment descriptor '/home/ckl/RM/Combat_vision2026/install/armor_detector/share/armor_detector/hook/cmake_prefix_path.dsv'
[0.791s] INFO:colcon.colcon_core.shell:Creating environment hook '/home/ckl/RM/Combat_vision2026/install/armor_detector/share/armor_detector/hook/cmake_prefix_path.sh'
[0.791s] Level 1:colcon.colcon_core.environment:checking '/home/ckl/RM/Combat_vision2026/install/armor_detector/lib'
[0.791s] Level 1:colcon.colcon_core.shell:create_environment_hook('armor_detector', 'ld_library_path_lib')
[0.791s] INFO:colcon.colcon_core.shell:Creating environment hook '/home/ckl/RM/Combat_vision2026/install/armor_detector/share/armor_detector/hook/ld_library_path_lib.ps1'
[0.792s] INFO:colcon.colcon_core.shell:Creating environment descriptor '/home/ckl/RM/Combat_vision2026/install/armor_detector/share/armor_detector/hook/ld_library_path_lib.dsv'
[0.792s] INFO:colcon.colcon_core.shell:Creating environment hook '/home/ckl/RM/Combat_vision2026/install/armor_detector/share/armor_detector/hook/ld_library_path_lib.sh'
[0.792s] Level 1:colcon.colcon_core.environment:checking '/home/ckl/RM/Combat_vision2026/install/armor_detector/bin'
[0.793s] Level 1:colcon.colcon_core.environment:checking '/home/ckl/RM/Combat_vision2026/install/armor_detector/lib/pkgconfig/armor_detector.pc'
[0.793s] Level 1:colcon.colcon_core.environment:checking '/home/ckl/RM/Combat_vision2026/install/armor_detector/lib/python3.10/site-packages'
[0.793s] Level 1:colcon.colcon_core.environment:checking '/home/ckl/RM/Combat_vision2026/install/armor_detector/bin'
[0.793s] INFO:colcon.colcon_core.shell:Creating package script '/home/ckl/RM/Combat_vision2026/install/armor_detector/share/armor_detector/package.ps1'
[0.794s] INFO:colcon.colcon_core.shell:Creating package descriptor '/home/ckl/RM/Combat_vision2026/install/armor_detector/share/armor_detector/package.dsv'
[0.794s] INFO:colcon.colcon_core.shell:Creating package script '/home/ckl/RM/Combat_vision2026/install/armor_detector/share/armor_detector/package.sh'
[0.795s] INFO:colcon.colcon_core.shell:Creating package script '/home/ckl/RM/Combat_vision2026/install/armor_detector/share/armor_detector/package.bash'
[0.795s] INFO:colcon.colcon_core.shell:Creating package script '/home/ckl/RM/Combat_vision2026/install/armor_detector/share/armor_detector/package.zsh'
[0.795s] Level 1:colcon.colcon_core.environment:create_file_with_runtime_dependencies(/home/ckl/RM/Combat_vision2026/install/armor_detector/share/colcon-core/packages/armor_detector)
[0.796s] INFO:colcon.colcon_ros.task.ament_cmake.build:Building ROS package in '/home/ckl/RM/Combat_vision2026/src/rm_auto_aim/rm_auto_aim' with build type 'ament_cmake'
[0.796s] INFO:colcon.colcon_cmake.task.cmake.build:Building CMake package in '/home/ckl/RM/Combat_vision2026/src/rm_auto_aim/rm_auto_aim'
[0.796s] INFO:colcon.colcon_core.shell:Skip shell extension 'powershell' for command environment: Not usable outside of PowerShell
[0.796s] DEBUG:colcon.colcon_core.shell:Skip shell extension 'dsv' for command environment
[0.818s] DEBUG:colcon.colcon_core.event_handler.log_command:Invoking command in '/home/ckl/RM/Combat_vision2026/build/rm_auto_aim': CMAKE_PREFIX_PATH=/home/ckl/RM/Combat_vision2026/install/armor_solver:/home/ckl/RM/Combat_vision2026/install/armor_detector:/home/ckl/RM/Combat_vision2026/install/rm_utils:/home/ckl/RM/Combat_vision2026/install/rm_interfaces:/home/ckl/RM/Combat_vision2026/install/rm_bringup:/home/ckl/RM/Combat_vision2026/install/rm_serial_driver:/home/ckl/RM/Combat_vision2026/install/rm_auto_aim:/home/ckl/RM/Combat_vision2026/install/rm_robot_description:/home/ckl/RM/Combat_vision2026/install/hik_camera:/opt/ros/humble LD_LIBRARY_PATH=/home/ckl/RM/Combat_vision2026/install/armor_solver/lib:/home/ckl/RM/Combat_vision2026/install/armor_detector/lib:/home/ckl/RM/Combat_vision2026/install/rm_utils/lib:/home/ckl/RM/Combat_vision2026/install/rm_interfaces/lib:/home/ckl/RM/Combat_vision2026/install/rm_serial_driver/lib:/home/ckl/RM/Combat_vision2026/install/hik_camera/lib:/opt/MVS/lib/64:/opt/MVS/lib/32:/opt/MVS/lib/64:/opt/MVS/lib/32:/opt/MVS/lib/64:/opt/MVS/lib/32:/opt/ros/humble/opt/rviz_ogre_vendor/lib:/opt/ros/humble/lib/x86_64-linux-gnu:/opt/ros/humble/lib:/opt/MVS/lib/64:/opt/MVS/lib/32:/opt/MVS/lib/64:/opt/MVS/lib/32:/opt/MVS/lib/64:/opt/MVS/lib/32 /usr/bin/cmake --build /home/ckl/RM/Combat_vision2026/build/rm_auto_aim -- -j16 -l16
[0.841s] DEBUG:colcon.colcon_core.event_handler.log_command:Invoked command in '/home/ckl/RM/Combat_vision2026/build/rm_auto_aim' returned '0': CMAKE_PREFIX_PATH=/home/ckl/RM/Combat_vision2026/install/armor_solver:/home/ckl/RM/Combat_vision2026/install/armor_detector:/home/ckl/RM/Combat_vision2026/install/rm_utils:/home/ckl/RM/Combat_vision2026/install/rm_interfaces:/home/ckl/RM/Combat_vision2026/install/rm_bringup:/home/ckl/RM/Combat_vision2026/install/rm_serial_driver:/home/ckl/RM/Combat_vision2026/install/rm_auto_aim:/home/ckl/RM/Combat_vision2026/install/rm_robot_description:/home/ckl/RM/Combat_vision2026/install/hik_camera:/opt/ros/humble LD_LIBRARY_PATH=/home/ckl/RM/Combat_vision2026/install/armor_solver/lib:/home/ckl/RM/Combat_vision2026/install/armor_detector/lib:/home/ckl/RM/Combat_vision2026/install/rm_utils/lib:/home/ckl/RM/Combat_vision2026/install/rm_interfaces/lib:/home/ckl/RM/Combat_vision2026/install/rm_serial_driver/lib:/home/ckl/RM/Combat_vision2026/install/hik_camera/lib:/opt/MVS/lib/64:/opt/MVS/lib/32:/opt/MVS/lib/64:/opt/MVS/lib/32:/opt/MVS/lib/64:/opt/MVS/lib/32:/opt/ros/humble/opt/rviz_ogre_vendor/lib:/opt/ros/humble/lib/x86_64-linux-gnu:/opt/ros/humble/lib:/opt/MVS/lib/64:/opt/MVS/lib/32:/opt/MVS/lib/64:/opt/MVS/lib/32:/opt/MVS/lib/64:/opt/MVS/lib/32 /usr/bin/cmake --build /home/ckl/RM/Combat_vision2026/build/rm_auto_aim -- -j16 -l16
[0.842s] DEBUG:colcon.colcon_core.event_handler.log_command:Invoking command in '/home/ckl/RM/Combat_vision2026/build/rm_auto_aim': CMAKE_PREFIX_PATH=/home/ckl/RM/Combat_vision2026/install/armor_solver:/home/ckl/RM/Combat_vision2026/install/armor_detector:/home/ckl/RM/Combat_vision2026/install/rm_utils:/home/ckl/RM/Combat_vision2026/install/rm_interfaces:/home/ckl/RM/Combat_vision2026/install/rm_bringup:/home/ckl/RM/Combat_vision2026/install/rm_serial_driver:/home/ckl/RM/Combat_vision2026/install/rm_auto_aim:/home/ckl/RM/Combat_vision2026/install/rm_robot_description:/home/ckl/RM/Combat_vision2026/install/hik_camera:/opt/ros/humble LD_LIBRARY_PATH=/home/ckl/RM/Combat_vision2026/install/armor_solver/lib:/home/ckl/RM/Combat_vision2026/install/armor_detector/lib:/home/ckl/RM/Combat_vision2026/install/rm_utils/lib:/home/ckl/RM/Combat_vision2026/install/rm_interfaces/lib:/home/ckl/RM/Combat_vision2026/install/rm_serial_driver/lib:/home/ckl/RM/Combat_vision2026/install/hik_camera/lib:/opt/MVS/lib/64:/opt/MVS/lib/32:/opt/MVS/lib/64:/opt/MVS/lib/32:/opt/MVS/lib/64:/opt/MVS/lib/32:/opt/ros/humble/opt/rviz_ogre_vendor/lib:/opt/ros/humble/lib/x86_64-linux-gnu:/opt/ros/humble/lib:/opt/MVS/lib/64:/opt/MVS/lib/32:/opt/MVS/lib/64:/opt/MVS/lib/32:/opt/MVS/lib/64:/opt/MVS/lib/32 /usr/bin/cmake --install /home/ckl/RM/Combat_vision2026/build/rm_auto_aim
[0.848s] Level 1:colcon.colcon_core.environment:create_environment_scripts_only(rm_auto_aim)
[0.848s] Level 1:colcon.colcon_core.environment:checking '/home/ckl/RM/Combat_vision2026/install/rm_auto_aim' for CMake module files
[0.848s] DEBUG:colcon.colcon_core.event_handler.log_command:Invoked command in '/home/ckl/RM/Combat_vision2026/build/rm_auto_aim' returned '0': CMAKE_PREFIX_PATH=/home/ckl/RM/Combat_vision2026/install/armor_solver:/home/ckl/RM/Combat_vision2026/install/armor_detector:/home/ckl/RM/Combat_vision2026/install/rm_utils:/home/ckl/RM/Combat_vision2026/install/rm_interfaces:/home/ckl/RM/Combat_vision2026/install/rm_bringup:/home/ckl/RM/Combat_vision2026/install/rm_serial_driver:/home/ckl/RM/Combat_vision2026/install/rm_auto_aim:/home/ckl/RM/Combat_vision2026/install/rm_robot_description:/home/ckl/RM/Combat_vision2026/install/hik_camera:/opt/ros/humble LD_LIBRARY_PATH=/home/ckl/RM/Combat_vision2026/install/armor_solver/lib:/home/ckl/RM/Combat_vision2026/install/armor_detector/lib:/home/ckl/RM/Combat_vision2026/install/rm_utils/lib:/home/ckl/RM/Combat_vision2026/install/rm_interfaces/lib:/home/ckl/RM/Combat_vision2026/install/rm_serial_driver/lib:/home/ckl/RM/Combat_vision2026/install/hik_camera/lib:/opt/MVS/lib/64:/opt/MVS/lib/32:/opt/MVS/lib/64:/opt/MVS/lib/32:/opt/MVS/lib/64:/opt/MVS/lib/32:/opt/ros/humble/opt/rviz_ogre_vendor/lib:/opt/ros/humble/lib/x86_64-linux-gnu:/opt/ros/humble/lib:/opt/MVS/lib/64:/opt/MVS/lib/32:/opt/MVS/lib/64:/opt/MVS/lib/32:/opt/MVS/lib/64:/opt/MVS/lib/32 /usr/bin/cmake --install /home/ckl/RM/Combat_vision2026/build/rm_auto_aim
[0.849s] Level 1:colcon.colcon_core.environment:checking '/home/ckl/RM/Combat_vision2026/install/rm_auto_aim' for CMake config files
[0.849s] Level 1:colcon.colcon_core.shell:create_environment_hook('rm_auto_aim', 'cmake_prefix_path')
[0.849s] INFO:colcon.colcon_core.shell:Creating environment hook '/home/ckl/RM/Combat_vision2026/install/rm_auto_aim/share/rm_auto_aim/hook/cmake_prefix_path.ps1'
[0.849s] INFO:colcon.colcon_core.shell:Creating environment descriptor '/home/ckl/RM/Combat_vision2026/install/rm_auto_aim/share/rm_auto_aim/hook/cmake_prefix_path.dsv'
[0.850s] INFO:colcon.colcon_core.shell:Creating environment hook '/home/ckl/RM/Combat_vision2026/install/rm_auto_aim/share/rm_auto_aim/hook/cmake_prefix_path.sh'
[0.850s] Level 1:colcon.colcon_core.environment:checking '/home/ckl/RM/Combat_vision2026/install/rm_auto_aim/bin'
[0.850s] Level 1:colcon.colcon_core.environment:checking '/home/ckl/RM/Combat_vision2026/install/rm_auto_aim/lib/pkgconfig/rm_auto_aim.pc'
[0.850s] Level 1:colcon.colcon_core.environment:checking '/home/ckl/RM/Combat_vision2026/install/rm_auto_aim/lib/python3.10/site-packages'
[0.850s] Level 1:colcon.colcon_core.environment:checking '/home/ckl/RM/Combat_vision2026/install/rm_auto_aim/bin'
[0.851s] INFO:colcon.colcon_core.shell:Creating package script '/home/ckl/RM/Combat_vision2026/install/rm_auto_aim/share/rm_auto_aim/package.ps1'
[0.851s] INFO:colcon.colcon_core.shell:Creating package descriptor '/home/ckl/RM/Combat_vision2026/install/rm_auto_aim/share/rm_auto_aim/package.dsv'
[0.851s] INFO:colcon.colcon_core.shell:Creating package script '/home/ckl/RM/Combat_vision2026/install/rm_auto_aim/share/rm_auto_aim/package.sh'
[0.851s] INFO:colcon.colcon_core.shell:Creating package script '/home/ckl/RM/Combat_vision2026/install/rm_auto_aim/share/rm_auto_aim/package.bash'
[0.852s] INFO:colcon.colcon_core.shell:Creating package script '/home/ckl/RM/Combat_vision2026/install/rm_auto_aim/share/rm_auto_aim/package.zsh'
[0.852s] Level 1:colcon.colcon_core.environment:create_file_with_runtime_dependencies(/home/ckl/RM/Combat_vision2026/install/rm_auto_aim/share/colcon-core/packages/rm_auto_aim)
[0.852s] Level 1:colcon.colcon_core.environment:create_environment_scripts_only(rm_auto_aim)
[0.852s] Level 1:colcon.colcon_core.environment:checking '/home/ckl/RM/Combat_vision2026/install/rm_auto_aim' for CMake module files
[0.853s] Level 1:colcon.colcon_core.environment:checking '/home/ckl/RM/Combat_vision2026/install/rm_auto_aim' for CMake config files
[0.853s] Level 1:colcon.colcon_core.shell:create_environment_hook('rm_auto_aim', 'cmake_prefix_path')
[0.853s] INFO:colcon.colcon_core.shell:Creating environment hook '/home/ckl/RM/Combat_vision2026/install/rm_auto_aim/share/rm_auto_aim/hook/cmake_prefix_path.ps1'
[0.853s] INFO:colcon.colcon_core.shell:Creating environment descriptor '/home/ckl/RM/Combat_vision2026/install/rm_auto_aim/share/rm_auto_aim/hook/cmake_prefix_path.dsv'
[0.854s] INFO:colcon.colcon_core.shell:Creating environment hook '/home/ckl/RM/Combat_vision2026/install/rm_auto_aim/share/rm_auto_aim/hook/cmake_prefix_path.sh'
[0.854s] Level 1:colcon.colcon_core.environment:checking '/home/ckl/RM/Combat_vision2026/install/rm_auto_aim/bin'
[0.854s] Level 1:colcon.colcon_core.environment:checking '/home/ckl/RM/Combat_vision2026/install/rm_auto_aim/lib/pkgconfig/rm_auto_aim.pc'
[0.854s] Level 1:colcon.colcon_core.environment:checking '/home/ckl/RM/Combat_vision2026/install/rm_auto_aim/lib/python3.10/site-packages'
[0.854s] Level 1:colcon.colcon_core.environment:checking '/home/ckl/RM/Combat_vision2026/install/rm_auto_aim/bin'
[0.854s] INFO:colcon.colcon_core.shell:Creating package script '/home/ckl/RM/Combat_vision2026/install/rm_auto_aim/share/rm_auto_aim/package.ps1'
[0.855s] INFO:colcon.colcon_core.shell:Creating package descriptor '/home/ckl/RM/Combat_vision2026/install/rm_auto_aim/share/rm_auto_aim/package.dsv'
[0.855s] INFO:colcon.colcon_core.shell:Creating package script '/home/ckl/RM/Combat_vision2026/install/rm_auto_aim/share/rm_auto_aim/package.sh'
[0.855s] INFO:colcon.colcon_core.shell:Creating package script '/home/ckl/RM/Combat_vision2026/install/rm_auto_aim/share/rm_auto_aim/package.bash'
[0.856s] INFO:colcon.colcon_core.shell:Creating package script '/home/ckl/RM/Combat_vision2026/install/rm_auto_aim/share/rm_auto_aim/package.zsh'
[0.856s] Level 1:colcon.colcon_core.environment:create_file_with_runtime_dependencies(/home/ckl/RM/Combat_vision2026/install/rm_auto_aim/share/colcon-core/packages/rm_auto_aim)
[0.856s] INFO:colcon.colcon_ros.task.ament_cmake.build:Building ROS package in '/home/ckl/RM/Combat_vision2026/src/rm_bringup' with build type 'ament_cmake'
[0.856s] INFO:colcon.colcon_cmake.task.cmake.build:Building CMake package in '/home/ckl/RM/Combat_vision2026/src/rm_bringup'
[0.856s] INFO:colcon.colcon_core.shell:Skip shell extension 'powershell' for command environment: Not usable outside of PowerShell
[0.856s] DEBUG:colcon.colcon_core.shell:Skip shell extension 'dsv' for command environment
[0.881s] DEBUG:colcon.colcon_core.event_handler.log_command:Invoking command in '/home/ckl/RM/Combat_vision2026/build/rm_bringup': CMAKE_PREFIX_PATH=/home/ckl/RM/Combat_vision2026/install/rm_auto_aim:/home/ckl/RM/Combat_vision2026/install/rm_serial_driver:/home/ckl/RM/Combat_vision2026/install/armor_solver:/home/ckl/RM/Combat_vision2026/install/armor_detector:/home/ckl/RM/Combat_vision2026/install/rm_utils:/home/ckl/RM/Combat_vision2026/install/rm_interfaces:/home/ckl/RM/Combat_vision2026/install/rm_bringup:/home/ckl/RM/Combat_vision2026/install/rm_robot_description:/home/ckl/RM/Combat_vision2026/install/hik_camera:/opt/ros/humble LD_LIBRARY_PATH=/home/ckl/RM/Combat_vision2026/install/rm_serial_driver/lib:/home/ckl/RM/Combat_vision2026/install/armor_solver/lib:/home/ckl/RM/Combat_vision2026/install/armor_detector/lib:/home/ckl/RM/Combat_vision2026/install/rm_utils/lib:/home/ckl/RM/Combat_vision2026/install/rm_interfaces/lib:/home/ckl/RM/Combat_vision2026/install/hik_camera/lib:/opt/MVS/lib/64:/opt/MVS/lib/32:/opt/MVS/lib/64:/opt/MVS/lib/32:/opt/MVS/lib/64:/opt/MVS/lib/32:/opt/ros/humble/opt/rviz_ogre_vendor/lib:/opt/ros/humble/lib/x86_64-linux-gnu:/opt/ros/humble/lib:/opt/MVS/lib/64:/opt/MVS/lib/32:/opt/MVS/lib/64:/opt/MVS/lib/32:/opt/MVS/lib/64:/opt/MVS/lib/32 /usr/bin/cmake --build /home/ckl/RM/Combat_vision2026/build/rm_bringup -- -j16 -l16
[0.904s] DEBUG:colcon.colcon_core.event_handler.log_command:Invoked command in '/home/ckl/RM/Combat_vision2026/build/rm_bringup' returned '0': CMAKE_PREFIX_PATH=/home/ckl/RM/Combat_vision2026/install/rm_auto_aim:/home/ckl/RM/Combat_vision2026/install/rm_serial_driver:/home/ckl/RM/Combat_vision2026/install/armor_solver:/home/ckl/RM/Combat_vision2026/install/armor_detector:/home/ckl/RM/Combat_vision2026/install/rm_utils:/home/ckl/RM/Combat_vision2026/install/rm_interfaces:/home/ckl/RM/Combat_vision2026/install/rm_bringup:/home/ckl/RM/Combat_vision2026/install/rm_robot_description:/home/ckl/RM/Combat_vision2026/install/hik_camera:/opt/ros/humble LD_LIBRARY_PATH=/home/ckl/RM/Combat_vision2026/install/rm_serial_driver/lib:/home/ckl/RM/Combat_vision2026/install/armor_solver/lib:/home/ckl/RM/Combat_vision2026/install/armor_detector/lib:/home/ckl/RM/Combat_vision2026/install/rm_utils/lib:/home/ckl/RM/Combat_vision2026/install/rm_interfaces/lib:/home/ckl/RM/Combat_vision2026/install/hik_camera/lib:/opt/MVS/lib/64:/opt/MVS/lib/32:/opt/MVS/lib/64:/opt/MVS/lib/32:/opt/MVS/lib/64:/opt/MVS/lib/32:/opt/ros/humble/opt/rviz_ogre_vendor/lib:/opt/ros/humble/lib/x86_64-linux-gnu:/opt/ros/humble/lib:/opt/MVS/lib/64:/opt/MVS/lib/32:/opt/MVS/lib/64:/opt/MVS/lib/32:/opt/MVS/lib/64:/opt/MVS/lib/32 /usr/bin/cmake --build /home/ckl/RM/Combat_vision2026/build/rm_bringup -- -j16 -l16
[0.906s] DEBUG:colcon.colcon_core.event_handler.log_command:Invoking command in '/home/ckl/RM/Combat_vision2026/build/rm_bringup': CMAKE_PREFIX_PATH=/home/ckl/RM/Combat_vision2026/install/rm_auto_aim:/home/ckl/RM/Combat_vision2026/install/rm_serial_driver:/home/ckl/RM/Combat_vision2026/install/armor_solver:/home/ckl/RM/Combat_vision2026/install/armor_detector:/home/ckl/RM/Combat_vision2026/install/rm_utils:/home/ckl/RM/Combat_vision2026/install/rm_interfaces:/home/ckl/RM/Combat_vision2026/install/rm_bringup:/home/ckl/RM/Combat_vision2026/install/rm_robot_description:/home/ckl/RM/Combat_vision2026/install/hik_camera:/opt/ros/humble LD_LIBRARY_PATH=/home/ckl/RM/Combat_vision2026/install/rm_serial_driver/lib:/home/ckl/RM/Combat_vision2026/install/armor_solver/lib:/home/ckl/RM/Combat_vision2026/install/armor_detector/lib:/home/ckl/RM/Combat_vision2026/install/rm_utils/lib:/home/ckl/RM/Combat_vision2026/install/rm_interfaces/lib:/home/ckl/RM/Combat_vision2026/install/hik_camera/lib:/opt/MVS/lib/64:/opt/MVS/lib/32:/opt/MVS/lib/64:/opt/MVS/lib/32:/opt/MVS/lib/64:/opt/MVS/lib/32:/opt/ros/humble/opt/rviz_ogre_vendor/lib:/opt/ros/humble/lib/x86_64-linux-gnu:/opt/ros/humble/lib:/opt/MVS/lib/64:/opt/MVS/lib/32:/opt/MVS/lib/64:/opt/MVS/lib/32:/opt/MVS/lib/64:/opt/MVS/lib/32 /usr/bin/cmake --install /home/ckl/RM/Combat_vision2026/build/rm_bringup
[0.912s] Level 1:colcon.colcon_core.environment:create_environment_scripts_only(rm_bringup)
[0.912s] Level 1:colcon.colcon_core.environment:checking '/home/ckl/RM/Combat_vision2026/install/rm_bringup' for CMake module files
[0.912s] DEBUG:colcon.colcon_core.event_handler.log_command:Invoked command in '/home/ckl/RM/Combat_vision2026/build/rm_bringup' returned '0': CMAKE_PREFIX_PATH=/home/ckl/RM/Combat_vision2026/install/rm_auto_aim:/home/ckl/RM/Combat_vision2026/install/rm_serial_driver:/home/ckl/RM/Combat_vision2026/install/armor_solver:/home/ckl/RM/Combat_vision2026/install/armor_detector:/home/ckl/RM/Combat_vision2026/install/rm_utils:/home/ckl/RM/Combat_vision2026/install/rm_interfaces:/home/ckl/RM/Combat_vision2026/install/rm_bringup:/home/ckl/RM/Combat_vision2026/install/rm_robot_description:/home/ckl/RM/Combat_vision2026/install/hik_camera:/opt/ros/humble LD_LIBRARY_PATH=/home/ckl/RM/Combat_vision2026/install/rm_serial_driver/lib:/home/ckl/RM/Combat_vision2026/install/armor_solver/lib:/home/ckl/RM/Combat_vision2026/install/armor_detector/lib:/home/ckl/RM/Combat_vision2026/install/rm_utils/lib:/home/ckl/RM/Combat_vision2026/install/rm_interfaces/lib:/home/ckl/RM/Combat_vision2026/install/hik_camera/lib:/opt/MVS/lib/64:/opt/MVS/lib/32:/opt/MVS/lib/64:/opt/MVS/lib/32:/opt/MVS/lib/64:/opt/MVS/lib/32:/opt/ros/humble/opt/rviz_ogre_vendor/lib:/opt/ros/humble/lib/x86_64-linux-gnu:/opt/ros/humble/lib:/opt/MVS/lib/64:/opt/MVS/lib/32:/opt/MVS/lib/64:/opt/MVS/lib/32:/opt/MVS/lib/64:/opt/MVS/lib/32 /usr/bin/cmake --install /home/ckl/RM/Combat_vision2026/build/rm_bringup
[0.912s] Level 1:colcon.colcon_core.environment:checking '/home/ckl/RM/Combat_vision2026/install/rm_bringup' for CMake config files
[0.913s] Level 1:colcon.colcon_core.shell:create_environment_hook('rm_bringup', 'cmake_prefix_path')
[0.913s] INFO:colcon.colcon_core.shell:Creating environment hook '/home/ckl/RM/Combat_vision2026/install/rm_bringup/share/rm_bringup/hook/cmake_prefix_path.ps1'
[0.913s] INFO:colcon.colcon_core.shell:Creating environment descriptor '/home/ckl/RM/Combat_vision2026/install/rm_bringup/share/rm_bringup/hook/cmake_prefix_path.dsv'
[0.913s] INFO:colcon.colcon_core.shell:Creating environment hook '/home/ckl/RM/Combat_vision2026/install/rm_bringup/share/rm_bringup/hook/cmake_prefix_path.sh'
[0.914s] Level 1:colcon.colcon_core.environment:checking '/home/ckl/RM/Combat_vision2026/install/rm_bringup/bin'
[0.914s] Level 1:colcon.colcon_core.environment:checking '/home/ckl/RM/Combat_vision2026/install/rm_bringup/lib/pkgconfig/rm_bringup.pc'
[0.914s] Level 1:colcon.colcon_core.environment:checking '/home/ckl/RM/Combat_vision2026/install/rm_bringup/lib/python3.10/site-packages'
[0.914s] Level 1:colcon.colcon_core.environment:checking '/home/ckl/RM/Combat_vision2026/install/rm_bringup/bin'
[0.914s] INFO:colcon.colcon_core.shell:Creating package script '/home/ckl/RM/Combat_vision2026/install/rm_bringup/share/rm_bringup/package.ps1'
[0.915s] INFO:colcon.colcon_core.shell:Creating package descriptor '/home/ckl/RM/Combat_vision2026/install/rm_bringup/share/rm_bringup/package.dsv'
[0.915s] INFO:colcon.colcon_core.shell:Creating package script '/home/ckl/RM/Combat_vision2026/install/rm_bringup/share/rm_bringup/package.sh'
[0.916s] INFO:colcon.colcon_core.shell:Creating package script '/home/ckl/RM/Combat_vision2026/install/rm_bringup/share/rm_bringup/package.bash'
[0.916s] INFO:colcon.colcon_core.shell:Creating package script '/home/ckl/RM/Combat_vision2026/install/rm_bringup/share/rm_bringup/package.zsh'
[0.916s] Level 1:colcon.colcon_core.environment:create_file_with_runtime_dependencies(/home/ckl/RM/Combat_vision2026/install/rm_bringup/share/colcon-core/packages/rm_bringup)
[0.917s] Level 1:colcon.colcon_core.environment:create_environment_scripts_only(rm_bringup)
[0.917s] Level 1:colcon.colcon_core.environment:checking '/home/ckl/RM/Combat_vision2026/install/rm_bringup' for CMake module files
[0.917s] Level 1:colcon.colcon_core.environment:checking '/home/ckl/RM/Combat_vision2026/install/rm_bringup' for CMake config files
[0.918s] Level 1:colcon.colcon_core.shell:create_environment_hook('rm_bringup', 'cmake_prefix_path')
[0.918s] INFO:colcon.colcon_core.shell:Creating environment hook '/home/ckl/RM/Combat_vision2026/install/rm_bringup/share/rm_bringup/hook/cmake_prefix_path.ps1'
[0.918s] INFO:colcon.colcon_core.shell:Creating environment descriptor '/home/ckl/RM/Combat_vision2026/install/rm_bringup/share/rm_bringup/hook/cmake_prefix_path.dsv'
[0.918s] INFO:colcon.colcon_core.shell:Creating environment hook '/home/ckl/RM/Combat_vision2026/install/rm_bringup/share/rm_bringup/hook/cmake_prefix_path.sh'
[0.919s] Level 1:colcon.colcon_core.environment:checking '/home/ckl/RM/Combat_vision2026/install/rm_bringup/bin'
[0.919s] Level 1:colcon.colcon_core.environment:checking '/home/ckl/RM/Combat_vision2026/install/rm_bringup/lib/pkgconfig/rm_bringup.pc'
[0.919s] Level 1:colcon.colcon_core.environment:checking '/home/ckl/RM/Combat_vision2026/install/rm_bringup/lib/python3.10/site-packages'
[0.919s] Level 1:colcon.colcon_core.environment:checking '/home/ckl/RM/Combat_vision2026/install/rm_bringup/bin'
[0.919s] INFO:colcon.colcon_core.shell:Creating package script '/home/ckl/RM/Combat_vision2026/install/rm_bringup/share/rm_bringup/package.ps1'
[0.919s] INFO:colcon.colcon_core.shell:Creating package descriptor '/home/ckl/RM/Combat_vision2026/install/rm_bringup/share/rm_bringup/package.dsv'
[0.920s] INFO:colcon.colcon_core.shell:Creating package script '/home/ckl/RM/Combat_vision2026/install/rm_bringup/share/rm_bringup/package.sh'
[0.920s] INFO:colcon.colcon_core.shell:Creating package script '/home/ckl/RM/Combat_vision2026/install/rm_bringup/share/rm_bringup/package.bash'
[0.920s] INFO:colcon.colcon_core.shell:Creating package script '/home/ckl/RM/Combat_vision2026/install/rm_bringup/share/rm_bringup/package.zsh'
[0.921s] Level 1:colcon.colcon_core.environment:create_file_with_runtime_dependencies(/home/ckl/RM/Combat_vision2026/install/rm_bringup/share/colcon-core/packages/rm_bringup)
[0.921s] DEBUG:colcon.colcon_parallel_executor.executor.parallel:closing loop
[0.921s] DEBUG:colcon.colcon_parallel_executor.executor.parallel:loop closed
[0.921s] DEBUG:colcon.colcon_parallel_executor.executor.parallel:run_until_complete finished with '0'
[0.921s] DEBUG:colcon.colcon_core.event_reactor:joining thread
[0.927s] INFO:colcon.colcon_core.plugin_system:Skipping extension 'colcon_notification.desktop_notification.terminal_notifier': Not used on non-Darwin systems
[0.927s] INFO:colcon.colcon_core.plugin_system:Skipping extension 'colcon_notification.desktop_notification.win32': Not used on non-Windows systems
[0.927s] INFO:colcon.colcon_notification.desktop_notification:Sending desktop notification using 'notify2'
[0.938s] DEBUG:colcon.colcon_core.event_reactor:joined thread
[0.938s] INFO:colcon.colcon_core.shell:Creating prefix script '/home/ckl/RM/Combat_vision2026/install/local_setup.ps1'
[0.939s] INFO:colcon.colcon_core.shell:Creating prefix util module '/home/ckl/RM/Combat_vision2026/install/_local_setup_util_ps1.py'
[0.940s] INFO:colcon.colcon_core.shell:Creating prefix chain script '/home/ckl/RM/Combat_vision2026/install/setup.ps1'
[0.942s] INFO:colcon.colcon_core.shell:Creating prefix script '/home/ckl/RM/Combat_vision2026/install/local_setup.sh'
[0.942s] INFO:colcon.colcon_core.shell:Creating prefix util module '/home/ckl/RM/Combat_vision2026/install/_local_setup_util_sh.py'
[0.942s] INFO:colcon.colcon_core.shell:Creating prefix chain script '/home/ckl/RM/Combat_vision2026/install/setup.sh'
[0.943s] INFO:colcon.colcon_core.shell:Creating prefix script '/home/ckl/RM/Combat_vision2026/install/local_setup.bash'
[0.944s] INFO:colcon.colcon_core.shell:Creating prefix chain script '/home/ckl/RM/Combat_vision2026/install/setup.bash'
[0.945s] INFO:colcon.colcon_core.shell:Creating prefix script '/home/ckl/RM/Combat_vision2026/install/local_setup.zsh'
[0.945s] INFO:colcon.colcon_core.shell:Creating prefix chain script '/home/ckl/RM/Combat_vision2026/install/setup.zsh'
