[0.079s] DEBUG:colcon:Command line arguments: ['/usr/bin/colcon', 'build']
[0.079s] DEBUG:colcon:Parsed command line arguments: Namespace(log_base=None, log_level=None, verb_name='build', build_base='build', install_base='install', merge_install=False, symlink_install=False, test_result_base=None, continue_on_error=False, executor='parallel', parallel_workers=16, event_handlers=None, ignore_user_meta=False, metas=['./colcon.meta'], base_paths=['.'], packages_ignore=None, packages_ignore_regex=None, paths=None, packages_up_to=None, packages_up_to_regex=None, packages_above=None, packages_above_and_dependencies=None, packages_above_depth=None, packages_select_by_dep=None, packages_skip_by_dep=None, packages_skip_up_to=None, packages_select_build_failed=False, packages_skip_build_finished=False, packages_select_test_failures=False, packages_skip_test_passed=False, packages_select=None, packages_skip=None, packages_select_regex=None, packages_skip_regex=None, packages_start=None, packages_end=None, allow_overriding=[], cmake_args=None, cmake_target=None, cmake_target_skip_unavailable=False, cmake_clean_cache=False, cmake_clean_first=False, cmake_force_configure=False, ament_cmake_args=None, catkin_cmake_args=None, catkin_skip_building_tests=False, verb_parser=<colcon_defaults.argument_parser.defaults.DefaultArgumentsDecorator object at 0x770ae572fd60>, verb_extension=<colcon_core.verb.build.BuildVerb object at 0x770ae5879240>, main=<bound method BuildVerb.main of <colcon_core.verb.build.BuildVerb object at 0x770ae5879240>>)
[0.211s] Level 1:colcon.colcon_core.package_discovery:discover_packages(colcon_meta) check parameters
[0.211s] Level 1:colcon.colcon_core.package_discovery:discover_packages(recursive) check parameters
[0.211s] Level 1:colcon.colcon_core.package_discovery:discover_packages(ignore) check parameters
[0.211s] Level 1:colcon.colcon_core.package_discovery:discover_packages(path) check parameters
[0.211s] Level 1:colcon.colcon_core.package_discovery:discover_packages(colcon_meta) discover
[0.211s] Level 1:colcon.colcon_core.package_discovery:discover_packages(recursive) discover
[0.211s] INFO:colcon.colcon_core.package_discovery:Crawling recursively for packages in '/home/ckl/RM/Combat_vision2026'
[0.211s] Level 1:colcon.colcon_core.package_identification:_identify(.) by extensions ['ignore', 'ignore_ament_install']
[0.211s] Level 1:colcon.colcon_core.package_identification:_identify(.) by extension 'ignore'
[0.211s] Level 1:colcon.colcon_core.package_identification:_identify(.) by extension 'ignore_ament_install'
[0.211s] Level 1:colcon.colcon_core.package_identification:_identify(.) by extensions ['colcon_pkg']
[0.211s] Level 1:colcon.colcon_core.package_identification:_identify(.) by extension 'colcon_pkg'
[0.211s] Level 1:colcon.colcon_core.package_identification:_identify(.) by extensions ['colcon_meta']
[0.211s] Level 1:colcon.colcon_core.package_identification:_identify(.) by extension 'colcon_meta'
[0.211s] Level 1:colcon.colcon_core.package_identification:_identify(.) by extensions ['ros']
[0.211s] Level 1:colcon.colcon_core.package_identification:_identify(.) by extension 'ros'
[0.220s] Level 1:colcon.colcon_core.package_identification:_identify(.) by extensions ['cmake', 'python']
[0.220s] Level 1:colcon.colcon_core.package_identification:_identify(.) by extension 'cmake'
[0.220s] Level 1:colcon.colcon_core.package_identification:_identify(.) by extension 'python'
[0.220s] Level 1:colcon.colcon_core.package_identification:_identify(.) by extensions ['python_setup_py']
[0.220s] Level 1:colcon.colcon_core.package_identification:_identify(.) by extension 'python_setup_py'
[0.220s] Level 1:colcon.colcon_core.package_identification:_identify(build) by extensions ['ignore', 'ignore_ament_install']
[0.220s] Level 1:colcon.colcon_core.package_identification:_identify(build) by extension 'ignore'
[0.220s] Level 1:colcon.colcon_core.package_identification:_identify(build) ignored
[0.220s] Level 1:colcon.colcon_core.package_identification:_identify(install) by extensions ['ignore', 'ignore_ament_install']
[0.220s] Level 1:colcon.colcon_core.package_identification:_identify(install) by extension 'ignore'
[0.220s] Level 1:colcon.colcon_core.package_identification:_identify(install) ignored
[0.220s] Level 1:colcon.colcon_core.package_identification:_identify(log) by extensions ['ignore', 'ignore_ament_install']
[0.221s] Level 1:colcon.colcon_core.package_identification:_identify(log) by extension 'ignore'
[0.221s] Level 1:colcon.colcon_core.package_identification:_identify(log) ignored
[0.221s] Level 1:colcon.colcon_core.package_identification:_identify(src) by extensions ['ignore', 'ignore_ament_install']
[0.221s] Level 1:colcon.colcon_core.package_identification:_identify(src) by extension 'ignore'
[0.221s] Level 1:colcon.colcon_core.package_identification:_identify(src) by extension 'ignore_ament_install'
[0.221s] Level 1:colcon.colcon_core.package_identification:_identify(src) by extensions ['colcon_pkg']
[0.221s] Level 1:colcon.colcon_core.package_identification:_identify(src) by extension 'colcon_pkg'
[0.221s] Level 1:colcon.colcon_core.package_identification:_identify(src) by extensions ['colcon_meta']
[0.221s] Level 1:colcon.colcon_core.package_identification:_identify(src) by extension 'colcon_meta'
[0.221s] Level 1:colcon.colcon_core.package_identification:_identify(src) by extensions ['ros']
[0.221s] Level 1:colcon.colcon_core.package_identification:_identify(src) by extension 'ros'
[0.221s] Level 1:colcon.colcon_core.package_identification:_identify(src) by extensions ['cmake', 'python']
[0.221s] Level 1:colcon.colcon_core.package_identification:_identify(src) by extension 'cmake'
[0.221s] Level 1:colcon.colcon_core.package_identification:_identify(src) by extension 'python'
[0.221s] Level 1:colcon.colcon_core.package_identification:_identify(src) by extensions ['python_setup_py']
[0.221s] Level 1:colcon.colcon_core.package_identification:_identify(src) by extension 'python_setup_py'
[0.221s] Level 1:colcon.colcon_core.package_identification:_identify(src/rm_auto_aim) by extensions ['ignore', 'ignore_ament_install']
[0.221s] Level 1:colcon.colcon_core.package_identification:_identify(src/rm_auto_aim) by extension 'ignore'
[0.221s] Level 1:colcon.colcon_core.package_identification:_identify(src/rm_auto_aim) by extension 'ignore_ament_install'
[0.221s] Level 1:colcon.colcon_core.package_identification:_identify(src/rm_auto_aim) by extensions ['colcon_pkg']
[0.221s] Level 1:colcon.colcon_core.package_identification:_identify(src/rm_auto_aim) by extension 'colcon_pkg'
[0.221s] Level 1:colcon.colcon_core.package_identification:_identify(src/rm_auto_aim) by extensions ['colcon_meta']
[0.221s] Level 1:colcon.colcon_core.package_identification:_identify(src/rm_auto_aim) by extension 'colcon_meta'
[0.222s] Level 1:colcon.colcon_core.package_identification:_identify(src/rm_auto_aim) by extensions ['ros']
[0.222s] Level 1:colcon.colcon_core.package_identification:_identify(src/rm_auto_aim) by extension 'ros'
[0.222s] Level 1:colcon.colcon_core.package_identification:_identify(src/rm_auto_aim) by extensions ['cmake', 'python']
[0.222s] Level 1:colcon.colcon_core.package_identification:_identify(src/rm_auto_aim) by extension 'cmake'
[0.222s] Level 1:colcon.colcon_core.package_identification:_identify(src/rm_auto_aim) by extension 'python'
[0.222s] Level 1:colcon.colcon_core.package_identification:_identify(src/rm_auto_aim) by extensions ['python_setup_py']
[0.222s] Level 1:colcon.colcon_core.package_identification:_identify(src/rm_auto_aim) by extension 'python_setup_py'
[0.222s] Level 1:colcon.colcon_core.package_identification:_identify(src/rm_auto_aim/armor_detector) by extensions ['ignore', 'ignore_ament_install']
[0.222s] Level 1:colcon.colcon_core.package_identification:_identify(src/rm_auto_aim/armor_detector) by extension 'ignore'
[0.222s] Level 1:colcon.colcon_core.package_identification:_identify(src/rm_auto_aim/armor_detector) by extension 'ignore_ament_install'
[0.222s] Level 1:colcon.colcon_core.package_identification:_identify(src/rm_auto_aim/armor_detector) by extensions ['colcon_pkg']
[0.222s] Level 1:colcon.colcon_core.package_identification:_identify(src/rm_auto_aim/armor_detector) by extension 'colcon_pkg'
[0.222s] Level 1:colcon.colcon_core.package_identification:_identify(src/rm_auto_aim/armor_detector) by extensions ['colcon_meta']
[0.222s] Level 1:colcon.colcon_core.package_identification:_identify(src/rm_auto_aim/armor_detector) by extension 'colcon_meta'
[0.222s] Level 1:colcon.colcon_core.package_identification:_identify(src/rm_auto_aim/armor_detector) by extensions ['ros']
[0.222s] Level 1:colcon.colcon_core.package_identification:_identify(src/rm_auto_aim/armor_detector) by extension 'ros'
[0.225s] DEBUG:colcon.colcon_core.package_identification:Package 'src/rm_auto_aim/armor_detector' with type 'ros.ament_cmake' and name 'armor_detector'
[0.225s] Level 1:colcon.colcon_core.package_identification:_identify(src/rm_auto_aim/armor_solver) by extensions ['ignore', 'ignore_ament_install']
[0.225s] Level 1:colcon.colcon_core.package_identification:_identify(src/rm_auto_aim/armor_solver) by extension 'ignore'
[0.225s] Level 1:colcon.colcon_core.package_identification:_identify(src/rm_auto_aim/armor_solver) by extension 'ignore_ament_install'
[0.225s] Level 1:colcon.colcon_core.package_identification:_identify(src/rm_auto_aim/armor_solver) by extensions ['colcon_pkg']
[0.225s] Level 1:colcon.colcon_core.package_identification:_identify(src/rm_auto_aim/armor_solver) by extension 'colcon_pkg'
[0.225s] Level 1:colcon.colcon_core.package_identification:_identify(src/rm_auto_aim/armor_solver) by extensions ['colcon_meta']
[0.225s] Level 1:colcon.colcon_core.package_identification:_identify(src/rm_auto_aim/armor_solver) by extension 'colcon_meta'
[0.225s] Level 1:colcon.colcon_core.package_identification:_identify(src/rm_auto_aim/armor_solver) by extensions ['ros']
[0.225s] Level 1:colcon.colcon_core.package_identification:_identify(src/rm_auto_aim/armor_solver) by extension 'ros'
[0.226s] DEBUG:colcon.colcon_core.package_identification:Package 'src/rm_auto_aim/armor_solver' with type 'ros.ament_cmake' and name 'armor_solver'
[0.226s] Level 1:colcon.colcon_core.package_identification:_identify(src/rm_auto_aim/rm_auto_aim) by extensions ['ignore', 'ignore_ament_install']
[0.226s] Level 1:colcon.colcon_core.package_identification:_identify(src/rm_auto_aim/rm_auto_aim) by extension 'ignore'
[0.226s] Level 1:colcon.colcon_core.package_identification:_identify(src/rm_auto_aim/rm_auto_aim) by extension 'ignore_ament_install'
[0.226s] Level 1:colcon.colcon_core.package_identification:_identify(src/rm_auto_aim/rm_auto_aim) by extensions ['colcon_pkg']
[0.226s] Level 1:colcon.colcon_core.package_identification:_identify(src/rm_auto_aim/rm_auto_aim) by extension 'colcon_pkg'
[0.226s] Level 1:colcon.colcon_core.package_identification:_identify(src/rm_auto_aim/rm_auto_aim) by extensions ['colcon_meta']
[0.226s] Level 1:colcon.colcon_core.package_identification:_identify(src/rm_auto_aim/rm_auto_aim) by extension 'colcon_meta'
[0.226s] Level 1:colcon.colcon_core.package_identification:_identify(src/rm_auto_aim/rm_auto_aim) by extensions ['ros']
[0.226s] Level 1:colcon.colcon_core.package_identification:_identify(src/rm_auto_aim/rm_auto_aim) by extension 'ros'
[0.227s] DEBUG:colcon.colcon_core.package_identification:Package 'src/rm_auto_aim/rm_auto_aim' with type 'ros.ament_cmake' and name 'rm_auto_aim'
[0.227s] Level 1:colcon.colcon_core.package_identification:_identify(src/rm_bringup) by extensions ['ignore', 'ignore_ament_install']
[0.227s] Level 1:colcon.colcon_core.package_identification:_identify(src/rm_bringup) by extension 'ignore'
[0.227s] Level 1:colcon.colcon_core.package_identification:_identify(src/rm_bringup) by extension 'ignore_ament_install'
[0.227s] Level 1:colcon.colcon_core.package_identification:_identify(src/rm_bringup) by extensions ['colcon_pkg']
[0.227s] Level 1:colcon.colcon_core.package_identification:_identify(src/rm_bringup) by extension 'colcon_pkg'
[0.227s] Level 1:colcon.colcon_core.package_identification:_identify(src/rm_bringup) by extensions ['colcon_meta']
[0.227s] Level 1:colcon.colcon_core.package_identification:_identify(src/rm_bringup) by extension 'colcon_meta'
[0.227s] Level 1:colcon.colcon_core.package_identification:_identify(src/rm_bringup) by extensions ['ros']
[0.227s] Level 1:colcon.colcon_core.package_identification:_identify(src/rm_bringup) by extension 'ros'
[0.228s] DEBUG:colcon.colcon_core.package_identification:Package 'src/rm_bringup' with type 'ros.ament_cmake' and name 'rm_bringup'
[0.228s] Level 1:colcon.colcon_core.package_identification:_identify(src/rm_hardware_driver) by extensions ['ignore', 'ignore_ament_install']
[0.228s] Level 1:colcon.colcon_core.package_identification:_identify(src/rm_hardware_driver) by extension 'ignore'
[0.228s] Level 1:colcon.colcon_core.package_identification:_identify(src/rm_hardware_driver) by extension 'ignore_ament_install'
[0.228s] Level 1:colcon.colcon_core.package_identification:_identify(src/rm_hardware_driver) by extensions ['colcon_pkg']
[0.228s] Level 1:colcon.colcon_core.package_identification:_identify(src/rm_hardware_driver) by extension 'colcon_pkg'
[0.228s] Level 1:colcon.colcon_core.package_identification:_identify(src/rm_hardware_driver) by extensions ['colcon_meta']
[0.228s] Level 1:colcon.colcon_core.package_identification:_identify(src/rm_hardware_driver) by extension 'colcon_meta'
[0.228s] Level 1:colcon.colcon_core.package_identification:_identify(src/rm_hardware_driver) by extensions ['ros']
[0.228s] Level 1:colcon.colcon_core.package_identification:_identify(src/rm_hardware_driver) by extension 'ros'
[0.228s] Level 1:colcon.colcon_core.package_identification:_identify(src/rm_hardware_driver) by extensions ['cmake', 'python']
[0.228s] Level 1:colcon.colcon_core.package_identification:_identify(src/rm_hardware_driver) by extension 'cmake'
[0.228s] Level 1:colcon.colcon_core.package_identification:_identify(src/rm_hardware_driver) by extension 'python'
[0.228s] Level 1:colcon.colcon_core.package_identification:_identify(src/rm_hardware_driver) by extensions ['python_setup_py']
[0.228s] Level 1:colcon.colcon_core.package_identification:_identify(src/rm_hardware_driver) by extension 'python_setup_py'
[0.229s] Level 1:colcon.colcon_core.package_identification:_identify(src/rm_hardware_driver/rm_serial_driver) by extensions ['ignore', 'ignore_ament_install']
[0.229s] Level 1:colcon.colcon_core.package_identification:_identify(src/rm_hardware_driver/rm_serial_driver) by extension 'ignore'
[0.229s] Level 1:colcon.colcon_core.package_identification:_identify(src/rm_hardware_driver/rm_serial_driver) by extension 'ignore_ament_install'
[0.229s] Level 1:colcon.colcon_core.package_identification:_identify(src/rm_hardware_driver/rm_serial_driver) by extensions ['colcon_pkg']
[0.229s] Level 1:colcon.colcon_core.package_identification:_identify(src/rm_hardware_driver/rm_serial_driver) by extension 'colcon_pkg'
[0.229s] Level 1:colcon.colcon_core.package_identification:_identify(src/rm_hardware_driver/rm_serial_driver) by extensions ['colcon_meta']
[0.229s] Level 1:colcon.colcon_core.package_identification:_identify(src/rm_hardware_driver/rm_serial_driver) by extension 'colcon_meta'
[0.229s] Level 1:colcon.colcon_core.package_identification:_identify(src/rm_hardware_driver/rm_serial_driver) by extensions ['ros']
[0.229s] Level 1:colcon.colcon_core.package_identification:_identify(src/rm_hardware_driver/rm_serial_driver) by extension 'ros'
[0.230s] DEBUG:colcon.colcon_core.package_identification:Package 'src/rm_hardware_driver/rm_serial_driver' with type 'ros.ament_cmake' and name 'rm_serial_driver'
[0.230s] Level 1:colcon.colcon_core.package_identification:_identify(src/rm_hardware_driver/ros2_hik_camera) by extensions ['ignore', 'ignore_ament_install']
[0.230s] Level 1:colcon.colcon_core.package_identification:_identify(src/rm_hardware_driver/ros2_hik_camera) by extension 'ignore'
[0.230s] Level 1:colcon.colcon_core.package_identification:_identify(src/rm_hardware_driver/ros2_hik_camera) by extension 'ignore_ament_install'
[0.230s] Level 1:colcon.colcon_core.package_identification:_identify(src/rm_hardware_driver/ros2_hik_camera) by extensions ['colcon_pkg']
[0.230s] Level 1:colcon.colcon_core.package_identification:_identify(src/rm_hardware_driver/ros2_hik_camera) by extension 'colcon_pkg'
[0.230s] Level 1:colcon.colcon_core.package_identification:_identify(src/rm_hardware_driver/ros2_hik_camera) by extensions ['colcon_meta']
[0.230s] Level 1:colcon.colcon_core.package_identification:_identify(src/rm_hardware_driver/ros2_hik_camera) by extension 'colcon_meta'
[0.230s] Level 1:colcon.colcon_core.package_identification:_identify(src/rm_hardware_driver/ros2_hik_camera) by extensions ['ros']
[0.230s] Level 1:colcon.colcon_core.package_identification:_identify(src/rm_hardware_driver/ros2_hik_camera) by extension 'ros'
[0.231s] DEBUG:colcon.colcon_core.package_identification:Package 'src/rm_hardware_driver/ros2_hik_camera' with type 'ros.ament_cmake' and name 'hik_camera'
[0.231s] Level 1:colcon.colcon_core.package_identification:_identify(src/rm_interfaces) by extensions ['ignore', 'ignore_ament_install']
[0.231s] Level 1:colcon.colcon_core.package_identification:_identify(src/rm_interfaces) by extension 'ignore'
[0.231s] Level 1:colcon.colcon_core.package_identification:_identify(src/rm_interfaces) by extension 'ignore_ament_install'
[0.231s] Level 1:colcon.colcon_core.package_identification:_identify(src/rm_interfaces) by extensions ['colcon_pkg']
[0.231s] Level 1:colcon.colcon_core.package_identification:_identify(src/rm_interfaces) by extension 'colcon_pkg'
[0.231s] Level 1:colcon.colcon_core.package_identification:_identify(src/rm_interfaces) by extensions ['colcon_meta']
[0.231s] Level 1:colcon.colcon_core.package_identification:_identify(src/rm_interfaces) by extension 'colcon_meta'
[0.231s] Level 1:colcon.colcon_core.package_identification:_identify(src/rm_interfaces) by extensions ['ros']
[0.231s] Level 1:colcon.colcon_core.package_identification:_identify(src/rm_interfaces) by extension 'ros'
[0.231s] DEBUG:colcon.colcon_core.package_identification:Package 'src/rm_interfaces' with type 'ros.ament_cmake' and name 'rm_interfaces'
[0.232s] Level 1:colcon.colcon_core.package_identification:_identify(src/rm_robot_description) by extensions ['ignore', 'ignore_ament_install']
[0.232s] Level 1:colcon.colcon_core.package_identification:_identify(src/rm_robot_description) by extension 'ignore'
[0.232s] Level 1:colcon.colcon_core.package_identification:_identify(src/rm_robot_description) by extension 'ignore_ament_install'
[0.232s] Level 1:colcon.colcon_core.package_identification:_identify(src/rm_robot_description) by extensions ['colcon_pkg']
[0.232s] Level 1:colcon.colcon_core.package_identification:_identify(src/rm_robot_description) by extension 'colcon_pkg'
[0.232s] Level 1:colcon.colcon_core.package_identification:_identify(src/rm_robot_description) by extensions ['colcon_meta']
[0.232s] Level 1:colcon.colcon_core.package_identification:_identify(src/rm_robot_description) by extension 'colcon_meta'
[0.232s] Level 1:colcon.colcon_core.package_identification:_identify(src/rm_robot_description) by extensions ['ros']
[0.232s] Level 1:colcon.colcon_core.package_identification:_identify(src/rm_robot_description) by extension 'ros'
[0.232s] DEBUG:colcon.colcon_core.package_identification:Package 'src/rm_robot_description' with type 'ros.ament_cmake' and name 'rm_robot_description'
[0.232s] Level 1:colcon.colcon_core.package_identification:_identify(src/rm_upstart) by extensions ['ignore', 'ignore_ament_install']
[0.232s] Level 1:colcon.colcon_core.package_identification:_identify(src/rm_upstart) by extension 'ignore'
[0.232s] Level 1:colcon.colcon_core.package_identification:_identify(src/rm_upstart) by extension 'ignore_ament_install'
[0.232s] Level 1:colcon.colcon_core.package_identification:_identify(src/rm_upstart) by extensions ['colcon_pkg']
[0.232s] Level 1:colcon.colcon_core.package_identification:_identify(src/rm_upstart) by extension 'colcon_pkg'
[0.232s] Level 1:colcon.colcon_core.package_identification:_identify(src/rm_upstart) by extensions ['colcon_meta']
[0.232s] Level 1:colcon.colcon_core.package_identification:_identify(src/rm_upstart) by extension 'colcon_meta'
[0.232s] Level 1:colcon.colcon_core.package_identification:_identify(src/rm_upstart) by extensions ['ros']
[0.233s] Level 1:colcon.colcon_core.package_identification:_identify(src/rm_upstart) by extension 'ros'
[0.233s] Level 1:colcon.colcon_core.package_identification:_identify(src/rm_upstart) by extensions ['cmake', 'python']
[0.233s] Level 1:colcon.colcon_core.package_identification:_identify(src/rm_upstart) by extension 'cmake'
[0.233s] Level 1:colcon.colcon_core.package_identification:_identify(src/rm_upstart) by extension 'python'
[0.233s] Level 1:colcon.colcon_core.package_identification:_identify(src/rm_upstart) by extensions ['python_setup_py']
[0.233s] Level 1:colcon.colcon_core.package_identification:_identify(src/rm_upstart) by extension 'python_setup_py'
[0.233s] Level 1:colcon.colcon_core.package_identification:_identify(src/rm_utils) by extensions ['ignore', 'ignore_ament_install']
[0.233s] Level 1:colcon.colcon_core.package_identification:_identify(src/rm_utils) by extension 'ignore'
[0.233s] Level 1:colcon.colcon_core.package_identification:_identify(src/rm_utils) by extension 'ignore_ament_install'
[0.233s] Level 1:colcon.colcon_core.package_identification:_identify(src/rm_utils) by extensions ['colcon_pkg']
[0.233s] Level 1:colcon.colcon_core.package_identification:_identify(src/rm_utils) by extension 'colcon_pkg'
[0.233s] Level 1:colcon.colcon_core.package_identification:_identify(src/rm_utils) by extensions ['colcon_meta']
[0.233s] Level 1:colcon.colcon_core.package_identification:_identify(src/rm_utils) by extension 'colcon_meta'
[0.233s] Level 1:colcon.colcon_core.package_identification:_identify(src/rm_utils) by extensions ['ros']
[0.233s] Level 1:colcon.colcon_core.package_identification:_identify(src/rm_utils) by extension 'ros'
[0.234s] DEBUG:colcon.colcon_core.package_identification:Package 'src/rm_utils' with type 'ros.ament_cmake' and name 'rm_utils'
[0.234s] Level 1:colcon.colcon_core.package_discovery:discover_packages(recursive) using defaults
[0.234s] Level 1:colcon.colcon_core.package_discovery:discover_packages(ignore) discover
[0.234s] Level 1:colcon.colcon_core.package_discovery:discover_packages(ignore) using defaults
[0.234s] Level 1:colcon.colcon_core.package_discovery:discover_packages(path) discover
[0.234s] Level 1:colcon.colcon_core.package_discovery:discover_packages(path) using defaults
[0.262s] Level 1:colcon.colcon_core.package_discovery:discover_packages(prefix_path) check parameters
[0.262s] Level 1:colcon.colcon_core.package_discovery:discover_packages(prefix_path) discover
[0.264s] DEBUG:colcon.colcon_installed_package_information.package_discovery:Found 9 installed packages in /home/ckl/RM/Combat_vision2026/install
[0.265s] DEBUG:colcon.colcon_installed_package_information.package_discovery:Found 322 installed packages in /opt/ros/humble
[0.266s] Level 1:colcon.colcon_core.package_discovery:discover_packages(prefix_path) using defaults
[0.298s] Level 5:colcon.colcon_core.verb:set package 'hik_camera' build argument 'cmake_args' from command line to 'None'
[0.298s] Level 5:colcon.colcon_core.verb:set package 'hik_camera' build argument 'cmake_target' from command line to 'None'
[0.298s] Level 5:colcon.colcon_core.verb:set package 'hik_camera' build argument 'cmake_target_skip_unavailable' from command line to 'False'
[0.298s] Level 5:colcon.colcon_core.verb:set package 'hik_camera' build argument 'cmake_clean_cache' from command line to 'False'
[0.298s] Level 5:colcon.colcon_core.verb:set package 'hik_camera' build argument 'cmake_clean_first' from command line to 'False'
[0.298s] Level 5:colcon.colcon_core.verb:set package 'hik_camera' build argument 'cmake_force_configure' from command line to 'False'
[0.298s] Level 5:colcon.colcon_core.verb:set package 'hik_camera' build argument 'ament_cmake_args' from command line to 'None'
[0.298s] Level 5:colcon.colcon_core.verb:set package 'hik_camera' build argument 'catkin_cmake_args' from command line to 'None'
[0.298s] Level 5:colcon.colcon_core.verb:set package 'hik_camera' build argument 'catkin_skip_building_tests' from command line to 'False'
[0.298s] DEBUG:colcon.colcon_core.verb:Building package 'hik_camera' with the following arguments: {'ament_cmake_args': None, 'build_base': '/home/ckl/RM/Combat_vision2026/build/hik_camera', 'catkin_cmake_args': None, 'catkin_skip_building_tests': False, 'cmake_args': None, 'cmake_clean_cache': False, 'cmake_clean_first': False, 'cmake_force_configure': False, 'cmake_target': None, 'cmake_target_skip_unavailable': False, 'install_base': '/home/ckl/RM/Combat_vision2026/install/hik_camera', 'merge_install': False, 'path': '/home/ckl/RM/Combat_vision2026/src/rm_hardware_driver/ros2_hik_camera', 'symlink_install': False, 'test_result_base': None}
[0.298s] Level 5:colcon.colcon_core.verb:set package 'rm_interfaces' build argument 'cmake_args' from command line to 'None'
[0.298s] Level 5:colcon.colcon_core.verb:set package 'rm_interfaces' build argument 'cmake_target' from command line to 'None'
[0.298s] Level 5:colcon.colcon_core.verb:set package 'rm_interfaces' build argument 'cmake_target_skip_unavailable' from command line to 'False'
[0.298s] Level 5:colcon.colcon_core.verb:set package 'rm_interfaces' build argument 'cmake_clean_cache' from command line to 'False'
[0.298s] Level 5:colcon.colcon_core.verb:set package 'rm_interfaces' build argument 'cmake_clean_first' from command line to 'False'
[0.298s] Level 5:colcon.colcon_core.verb:set package 'rm_interfaces' build argument 'cmake_force_configure' from command line to 'False'
[0.298s] Level 5:colcon.colcon_core.verb:set package 'rm_interfaces' build argument 'ament_cmake_args' from command line to 'None'
[0.298s] Level 5:colcon.colcon_core.verb:set package 'rm_interfaces' build argument 'catkin_cmake_args' from command line to 'None'
[0.298s] Level 5:colcon.colcon_core.verb:set package 'rm_interfaces' build argument 'catkin_skip_building_tests' from command line to 'False'
[0.298s] DEBUG:colcon.colcon_core.verb:Building package 'rm_interfaces' with the following arguments: {'ament_cmake_args': None, 'build_base': '/home/ckl/RM/Combat_vision2026/build/rm_interfaces', 'catkin_cmake_args': None, 'catkin_skip_building_tests': False, 'cmake_args': None, 'cmake_clean_cache': False, 'cmake_clean_first': False, 'cmake_force_configure': False, 'cmake_target': None, 'cmake_target_skip_unavailable': False, 'install_base': '/home/ckl/RM/Combat_vision2026/install/rm_interfaces', 'merge_install': False, 'path': '/home/ckl/RM/Combat_vision2026/src/rm_interfaces', 'symlink_install': False, 'test_result_base': None}
[0.299s] Level 5:colcon.colcon_core.verb:set package 'rm_robot_description' build argument 'cmake_args' from command line to 'None'
[0.299s] Level 5:colcon.colcon_core.verb:set package 'rm_robot_description' build argument 'cmake_target' from command line to 'None'
[0.299s] Level 5:colcon.colcon_core.verb:set package 'rm_robot_description' build argument 'cmake_target_skip_unavailable' from command line to 'False'
[0.299s] Level 5:colcon.colcon_core.verb:set package 'rm_robot_description' build argument 'cmake_clean_cache' from command line to 'False'
[0.299s] Level 5:colcon.colcon_core.verb:set package 'rm_robot_description' build argument 'cmake_clean_first' from command line to 'False'
[0.299s] Level 5:colcon.colcon_core.verb:set package 'rm_robot_description' build argument 'cmake_force_configure' from command line to 'False'
[0.299s] Level 5:colcon.colcon_core.verb:set package 'rm_robot_description' build argument 'ament_cmake_args' from command line to 'None'
[0.299s] Level 5:colcon.colcon_core.verb:set package 'rm_robot_description' build argument 'catkin_cmake_args' from command line to 'None'
[0.299s] Level 5:colcon.colcon_core.verb:set package 'rm_robot_description' build argument 'catkin_skip_building_tests' from command line to 'False'
[0.299s] DEBUG:colcon.colcon_core.verb:Building package 'rm_robot_description' with the following arguments: {'ament_cmake_args': None, 'build_base': '/home/ckl/RM/Combat_vision2026/build/rm_robot_description', 'catkin_cmake_args': None, 'catkin_skip_building_tests': False, 'cmake_args': None, 'cmake_clean_cache': False, 'cmake_clean_first': False, 'cmake_force_configure': False, 'cmake_target': None, 'cmake_target_skip_unavailable': False, 'install_base': '/home/ckl/RM/Combat_vision2026/install/rm_robot_description', 'merge_install': False, 'path': '/home/ckl/RM/Combat_vision2026/src/rm_robot_description', 'symlink_install': False, 'test_result_base': None}
[0.299s] Level 5:colcon.colcon_core.verb:set package 'rm_utils' build argument 'cmake_args' from command line to 'None'
[0.299s] Level 5:colcon.colcon_core.verb:set package 'rm_utils' build argument 'cmake_target' from command line to 'None'
[0.299s] Level 5:colcon.colcon_core.verb:set package 'rm_utils' build argument 'cmake_target_skip_unavailable' from command line to 'False'
[0.299s] Level 5:colcon.colcon_core.verb:set package 'rm_utils' build argument 'cmake_clean_cache' from command line to 'False'
[0.299s] Level 5:colcon.colcon_core.verb:set package 'rm_utils' build argument 'cmake_clean_first' from command line to 'False'
[0.299s] Level 5:colcon.colcon_core.verb:set package 'rm_utils' build argument 'cmake_force_configure' from command line to 'False'
[0.299s] Level 5:colcon.colcon_core.verb:set package 'rm_utils' build argument 'ament_cmake_args' from command line to 'None'
[0.299s] Level 5:colcon.colcon_core.verb:set package 'rm_utils' build argument 'catkin_cmake_args' from command line to 'None'
[0.299s] Level 5:colcon.colcon_core.verb:set package 'rm_utils' build argument 'catkin_skip_building_tests' from command line to 'False'
[0.299s] DEBUG:colcon.colcon_core.verb:Building package 'rm_utils' with the following arguments: {'ament_cmake_args': None, 'build_base': '/home/ckl/RM/Combat_vision2026/build/rm_utils', 'catkin_cmake_args': None, 'catkin_skip_building_tests': False, 'cmake_args': None, 'cmake_clean_cache': False, 'cmake_clean_first': False, 'cmake_force_configure': False, 'cmake_target': None, 'cmake_target_skip_unavailable': False, 'install_base': '/home/ckl/RM/Combat_vision2026/install/rm_utils', 'merge_install': False, 'path': '/home/ckl/RM/Combat_vision2026/src/rm_utils', 'symlink_install': False, 'test_result_base': None}
[0.300s] Level 5:colcon.colcon_core.verb:set package 'armor_detector' build argument 'cmake_args' from command line to 'None'
[0.300s] Level 5:colcon.colcon_core.verb:set package 'armor_detector' build argument 'cmake_target' from command line to 'None'
[0.300s] Level 5:colcon.colcon_core.verb:set package 'armor_detector' build argument 'cmake_target_skip_unavailable' from command line to 'False'
[0.300s] Level 5:colcon.colcon_core.verb:set package 'armor_detector' build argument 'cmake_clean_cache' from command line to 'False'
[0.300s] Level 5:colcon.colcon_core.verb:set package 'armor_detector' build argument 'cmake_clean_first' from command line to 'False'
[0.300s] Level 5:colcon.colcon_core.verb:set package 'armor_detector' build argument 'cmake_force_configure' from command line to 'False'
[0.300s] Level 5:colcon.colcon_core.verb:set package 'armor_detector' build argument 'ament_cmake_args' from command line to 'None'
[0.300s] Level 5:colcon.colcon_core.verb:set package 'armor_detector' build argument 'catkin_cmake_args' from command line to 'None'
[0.300s] Level 5:colcon.colcon_core.verb:set package 'armor_detector' build argument 'catkin_skip_building_tests' from command line to 'False'
[0.300s] DEBUG:colcon.colcon_core.verb:Building package 'armor_detector' with the following arguments: {'ament_cmake_args': None, 'build_base': '/home/ckl/RM/Combat_vision2026/build/armor_detector', 'catkin_cmake_args': None, 'catkin_skip_building_tests': False, 'cmake_args': None, 'cmake_clean_cache': False, 'cmake_clean_first': False, 'cmake_force_configure': False, 'cmake_target': None, 'cmake_target_skip_unavailable': False, 'install_base': '/home/ckl/RM/Combat_vision2026/install/armor_detector', 'merge_install': False, 'path': '/home/ckl/RM/Combat_vision2026/src/rm_auto_aim/armor_detector', 'symlink_install': False, 'test_result_base': None}
[0.300s] Level 5:colcon.colcon_core.verb:set package 'armor_solver' build argument 'cmake_args' from command line to 'None'
[0.300s] Level 5:colcon.colcon_core.verb:set package 'armor_solver' build argument 'cmake_target' from command line to 'None'
[0.300s] Level 5:colcon.colcon_core.verb:set package 'armor_solver' build argument 'cmake_target_skip_unavailable' from command line to 'False'
[0.300s] Level 5:colcon.colcon_core.verb:set package 'armor_solver' build argument 'cmake_clean_cache' from command line to 'False'
[0.300s] Level 5:colcon.colcon_core.verb:set package 'armor_solver' build argument 'cmake_clean_first' from command line to 'False'
[0.300s] Level 5:colcon.colcon_core.verb:set package 'armor_solver' build argument 'cmake_force_configure' from command line to 'False'
[0.300s] Level 5:colcon.colcon_core.verb:set package 'armor_solver' build argument 'ament_cmake_args' from command line to 'None'
[0.300s] Level 5:colcon.colcon_core.verb:set package 'armor_solver' build argument 'catkin_cmake_args' from command line to 'None'
[0.300s] Level 5:colcon.colcon_core.verb:set package 'armor_solver' build argument 'catkin_skip_building_tests' from command line to 'False'
[0.300s] DEBUG:colcon.colcon_core.verb:Building package 'armor_solver' with the following arguments: {'ament_cmake_args': None, 'build_base': '/home/ckl/RM/Combat_vision2026/build/armor_solver', 'catkin_cmake_args': None, 'catkin_skip_building_tests': False, 'cmake_args': None, 'cmake_clean_cache': False, 'cmake_clean_first': False, 'cmake_force_configure': False, 'cmake_target': None, 'cmake_target_skip_unavailable': False, 'install_base': '/home/ckl/RM/Combat_vision2026/install/armor_solver', 'merge_install': False, 'path': '/home/ckl/RM/Combat_vision2026/src/rm_auto_aim/armor_solver', 'symlink_install': False, 'test_result_base': None}
[0.300s] Level 5:colcon.colcon_core.verb:set package 'rm_serial_driver' build argument 'cmake_args' from command line to 'None'
[0.300s] Level 5:colcon.colcon_core.verb:set package 'rm_serial_driver' build argument 'cmake_target' from command line to 'None'
[0.300s] Level 5:colcon.colcon_core.verb:set package 'rm_serial_driver' build argument 'cmake_target_skip_unavailable' from command line to 'False'
[0.300s] Level 5:colcon.colcon_core.verb:set package 'rm_serial_driver' build argument 'cmake_clean_cache' from command line to 'False'
[0.300s] Level 5:colcon.colcon_core.verb:set package 'rm_serial_driver' build argument 'cmake_clean_first' from command line to 'False'
[0.300s] Level 5:colcon.colcon_core.verb:set package 'rm_serial_driver' build argument 'cmake_force_configure' from command line to 'False'
[0.300s] Level 5:colcon.colcon_core.verb:set package 'rm_serial_driver' build argument 'ament_cmake_args' from command line to 'None'
[0.301s] Level 5:colcon.colcon_core.verb:set package 'rm_serial_driver' build argument 'catkin_cmake_args' from command line to 'None'
[0.301s] Level 5:colcon.colcon_core.verb:set package 'rm_serial_driver' build argument 'catkin_skip_building_tests' from command line to 'False'
[0.301s] DEBUG:colcon.colcon_core.verb:Building package 'rm_serial_driver' with the following arguments: {'ament_cmake_args': None, 'build_base': '/home/ckl/RM/Combat_vision2026/build/rm_serial_driver', 'catkin_cmake_args': None, 'catkin_skip_building_tests': False, 'cmake_args': None, 'cmake_clean_cache': False, 'cmake_clean_first': False, 'cmake_force_configure': False, 'cmake_target': None, 'cmake_target_skip_unavailable': False, 'install_base': '/home/ckl/RM/Combat_vision2026/install/rm_serial_driver', 'merge_install': False, 'path': '/home/ckl/RM/Combat_vision2026/src/rm_hardware_driver/rm_serial_driver', 'symlink_install': False, 'test_result_base': None}
[0.301s] Level 5:colcon.colcon_core.verb:set package 'rm_auto_aim' build argument 'cmake_args' from command line to 'None'
[0.301s] Level 5:colcon.colcon_core.verb:set package 'rm_auto_aim' build argument 'cmake_target' from command line to 'None'
[0.301s] Level 5:colcon.colcon_core.verb:set package 'rm_auto_aim' build argument 'cmake_target_skip_unavailable' from command line to 'False'
[0.301s] Level 5:colcon.colcon_core.verb:set package 'rm_auto_aim' build argument 'cmake_clean_cache' from command line to 'False'
[0.301s] Level 5:colcon.colcon_core.verb:set package 'rm_auto_aim' build argument 'cmake_clean_first' from command line to 'False'
[0.301s] Level 5:colcon.colcon_core.verb:set package 'rm_auto_aim' build argument 'cmake_force_configure' from command line to 'False'
[0.301s] Level 5:colcon.colcon_core.verb:set package 'rm_auto_aim' build argument 'ament_cmake_args' from command line to 'None'
[0.301s] Level 5:colcon.colcon_core.verb:set package 'rm_auto_aim' build argument 'catkin_cmake_args' from command line to 'None'
[0.301s] Level 5:colcon.colcon_core.verb:set package 'rm_auto_aim' build argument 'catkin_skip_building_tests' from command line to 'False'
[0.301s] DEBUG:colcon.colcon_core.verb:Building package 'rm_auto_aim' with the following arguments: {'ament_cmake_args': None, 'build_base': '/home/ckl/RM/Combat_vision2026/build/rm_auto_aim', 'catkin_cmake_args': None, 'catkin_skip_building_tests': False, 'cmake_args': None, 'cmake_clean_cache': False, 'cmake_clean_first': False, 'cmake_force_configure': False, 'cmake_target': None, 'cmake_target_skip_unavailable': False, 'install_base': '/home/ckl/RM/Combat_vision2026/install/rm_auto_aim', 'merge_install': False, 'path': '/home/ckl/RM/Combat_vision2026/src/rm_auto_aim/rm_auto_aim', 'symlink_install': False, 'test_result_base': None}
[0.301s] Level 5:colcon.colcon_core.verb:set package 'rm_bringup' build argument 'cmake_args' from command line to 'None'
[0.301s] Level 5:colcon.colcon_core.verb:set package 'rm_bringup' build argument 'cmake_target' from command line to 'None'
[0.301s] Level 5:colcon.colcon_core.verb:set package 'rm_bringup' build argument 'cmake_target_skip_unavailable' from command line to 'False'
[0.301s] Level 5:colcon.colcon_core.verb:set package 'rm_bringup' build argument 'cmake_clean_cache' from command line to 'False'
[0.301s] Level 5:colcon.colcon_core.verb:set package 'rm_bringup' build argument 'cmake_clean_first' from command line to 'False'
[0.301s] Level 5:colcon.colcon_core.verb:set package 'rm_bringup' build argument 'cmake_force_configure' from command line to 'False'
[0.301s] Level 5:colcon.colcon_core.verb:set package 'rm_bringup' build argument 'ament_cmake_args' from command line to 'None'
[0.301s] Level 5:colcon.colcon_core.verb:set package 'rm_bringup' build argument 'catkin_cmake_args' from command line to 'None'
[0.301s] Level 5:colcon.colcon_core.verb:set package 'rm_bringup' build argument 'catkin_skip_building_tests' from command line to 'False'
[0.301s] DEBUG:colcon.colcon_core.verb:Building package 'rm_bringup' with the following arguments: {'ament_cmake_args': None, 'build_base': '/home/ckl/RM/Combat_vision2026/build/rm_bringup', 'catkin_cmake_args': None, 'catkin_skip_building_tests': False, 'cmake_args': None, 'cmake_clean_cache': False, 'cmake_clean_first': False, 'cmake_force_configure': False, 'cmake_target': None, 'cmake_target_skip_unavailable': False, 'install_base': '/home/ckl/RM/Combat_vision2026/install/rm_bringup', 'merge_install': False, 'path': '/home/ckl/RM/Combat_vision2026/src/rm_bringup', 'symlink_install': False, 'test_result_base': None}
[0.301s] INFO:colcon.colcon_core.executor:Executing jobs using 'parallel' executor
[0.302s] DEBUG:colcon.colcon_parallel_executor.executor.parallel:run_until_complete
[0.302s] INFO:colcon.colcon_ros.task.ament_cmake.build:Building ROS package in '/home/ckl/RM/Combat_vision2026/src/rm_interfaces' with build type 'ament_cmake'
[0.302s] INFO:colcon.colcon_cmake.task.cmake.build:Building CMake package in '/home/ckl/RM/Combat_vision2026/src/rm_interfaces'
[0.304s] INFO:colcon.colcon_core.plugin_system:Skipping extension 'colcon_core.shell.bat': Not used on non-Windows systems
[0.304s] INFO:colcon.colcon_core.shell:Skip shell extension 'powershell' for command environment: Not usable outside of PowerShell
[0.304s] DEBUG:colcon.colcon_core.shell:Skip shell extension 'dsv' for command environment
[0.308s] INFO:colcon.colcon_ros.task.ament_cmake.build:Building ROS package in '/home/ckl/RM/Combat_vision2026/src/rm_utils' with build type 'ament_cmake'
[0.308s] INFO:colcon.colcon_cmake.task.cmake.build:Building CMake package in '/home/ckl/RM/Combat_vision2026/src/rm_utils'
[0.308s] INFO:colcon.colcon_core.shell:Skip shell extension 'powershell' for command environment: Not usable outside of PowerShell
[0.308s] DEBUG:colcon.colcon_core.shell:Skip shell extension 'dsv' for command environment
[0.312s] INFO:colcon.colcon_ros.task.ament_cmake.build:Building ROS package in '/home/ckl/RM/Combat_vision2026/src/rm_hardware_driver/ros2_hik_camera' with build type 'ament_cmake'
[0.312s] INFO:colcon.colcon_cmake.task.cmake.build:Building CMake package in '/home/ckl/RM/Combat_vision2026/src/rm_hardware_driver/ros2_hik_camera'
[0.312s] INFO:colcon.colcon_core.shell:Skip shell extension 'powershell' for command environment: Not usable outside of PowerShell
[0.312s] DEBUG:colcon.colcon_core.shell:Skip shell extension 'dsv' for command environment
[0.316s] INFO:colcon.colcon_ros.task.ament_cmake.build:Building ROS package in '/home/ckl/RM/Combat_vision2026/src/rm_robot_description' with build type 'ament_cmake'
[0.316s] INFO:colcon.colcon_cmake.task.cmake.build:Building CMake package in '/home/ckl/RM/Combat_vision2026/src/rm_robot_description'
[0.316s] INFO:colcon.colcon_core.shell:Skip shell extension 'powershell' for command environment: Not usable outside of PowerShell
[0.316s] DEBUG:colcon.colcon_core.shell:Skip shell extension 'dsv' for command environment
[0.324s] DEBUG:colcon.colcon_core.event_handler.log_command:Invoking command in '/home/ckl/RM/Combat_vision2026/build/rm_interfaces': CMAKE_PREFIX_PATH=${CMAKE_PREFIX_PATH}:/opt/ros/humble /usr/bin/cmake --build /home/ckl/RM/Combat_vision2026/build/rm_interfaces -- -j16 -l16
[0.328s] DEBUG:colcon.colcon_core.event_handler.log_command:Invoking command in '/home/ckl/RM/Combat_vision2026/build/rm_utils': CMAKE_PREFIX_PATH=${CMAKE_PREFIX_PATH}:/opt/ros/humble /usr/bin/cmake --build /home/ckl/RM/Combat_vision2026/build/rm_utils -- -j16 -l16
[0.331s] DEBUG:colcon.colcon_core.event_handler.log_command:Invoking command in '/home/ckl/RM/Combat_vision2026/build/hik_camera': CMAKE_PREFIX_PATH=${CMAKE_PREFIX_PATH}:/opt/ros/humble /usr/bin/cmake --build /home/ckl/RM/Combat_vision2026/build/hik_camera -- -j16 -l16
[0.336s] DEBUG:colcon.colcon_core.event_handler.log_command:Invoking command in '/home/ckl/RM/Combat_vision2026/build/rm_robot_description': CMAKE_PREFIX_PATH=${CMAKE_PREFIX_PATH}:/opt/ros/humble /usr/bin/cmake --build /home/ckl/RM/Combat_vision2026/build/rm_robot_description -- -j16 -l16
[0.355s] DEBUG:colcon.colcon_core.event_handler.log_command:Invoked command in '/home/ckl/RM/Combat_vision2026/build/rm_robot_description' returned '0': CMAKE_PREFIX_PATH=${CMAKE_PREFIX_PATH}:/opt/ros/humble /usr/bin/cmake --build /home/ckl/RM/Combat_vision2026/build/rm_robot_description -- -j16 -l16
[0.361s] DEBUG:colcon.colcon_core.event_handler.log_command:Invoking command in '/home/ckl/RM/Combat_vision2026/build/rm_robot_description': CMAKE_PREFIX_PATH=${CMAKE_PREFIX_PATH}:/opt/ros/humble /usr/bin/cmake --install /home/ckl/RM/Combat_vision2026/build/rm_robot_description
[0.368s] Level 1:colcon.colcon_core.environment:create_environment_scripts_only(rm_robot_description)
[0.368s] DEBUG:colcon.colcon_core.event_handler.log_command:Invoked command in '/home/ckl/RM/Combat_vision2026/build/rm_robot_description' returned '0': CMAKE_PREFIX_PATH=${CMAKE_PREFIX_PATH}:/opt/ros/humble /usr/bin/cmake --install /home/ckl/RM/Combat_vision2026/build/rm_robot_description
[0.371s] Level 1:colcon.colcon_core.environment:checking '/home/ckl/RM/Combat_vision2026/install/rm_robot_description' for CMake module files
[0.371s] Level 1:colcon.colcon_core.environment:checking '/home/ckl/RM/Combat_vision2026/install/rm_robot_description' for CMake config files
[0.372s] Level 1:colcon.colcon_core.shell:create_environment_hook('rm_robot_description', 'cmake_prefix_path')
[0.372s] INFO:colcon.colcon_core.shell:Creating environment hook '/home/ckl/RM/Combat_vision2026/install/rm_robot_description/share/rm_robot_description/hook/cmake_prefix_path.ps1'
[0.372s] INFO:colcon.colcon_core.shell:Creating environment descriptor '/home/ckl/RM/Combat_vision2026/install/rm_robot_description/share/rm_robot_description/hook/cmake_prefix_path.dsv'
[0.373s] INFO:colcon.colcon_core.shell:Creating environment hook '/home/ckl/RM/Combat_vision2026/install/rm_robot_description/share/rm_robot_description/hook/cmake_prefix_path.sh'
[0.374s] Level 1:colcon.colcon_core.environment:checking '/home/ckl/RM/Combat_vision2026/install/rm_robot_description/bin'
[0.374s] Level 1:colcon.colcon_core.environment:checking '/home/ckl/RM/Combat_vision2026/install/rm_robot_description/lib/pkgconfig/rm_robot_description.pc'
[0.374s] Level 1:colcon.colcon_core.environment:checking '/home/ckl/RM/Combat_vision2026/install/rm_robot_description/lib/python3.10/site-packages'
[0.374s] Level 1:colcon.colcon_core.environment:checking '/home/ckl/RM/Combat_vision2026/install/rm_robot_description/bin'
[0.375s] INFO:colcon.colcon_core.shell:Creating package script '/home/ckl/RM/Combat_vision2026/install/rm_robot_description/share/rm_robot_description/package.ps1'
[0.376s] INFO:colcon.colcon_core.shell:Creating package descriptor '/home/ckl/RM/Combat_vision2026/install/rm_robot_description/share/rm_robot_description/package.dsv'
[0.376s] INFO:colcon.colcon_core.shell:Creating package script '/home/ckl/RM/Combat_vision2026/install/rm_robot_description/share/rm_robot_description/package.sh'
[0.377s] INFO:colcon.colcon_core.shell:Creating package script '/home/ckl/RM/Combat_vision2026/install/rm_robot_description/share/rm_robot_description/package.bash'
[0.378s] INFO:colcon.colcon_core.shell:Creating package script '/home/ckl/RM/Combat_vision2026/install/rm_robot_description/share/rm_robot_description/package.zsh'
[0.379s] Level 1:colcon.colcon_core.environment:create_file_with_runtime_dependencies(/home/ckl/RM/Combat_vision2026/install/rm_robot_description/share/colcon-core/packages/rm_robot_description)
[0.379s] Level 1:colcon.colcon_core.environment:create_environment_scripts_only(rm_robot_description)
[0.379s] Level 1:colcon.colcon_core.environment:checking '/home/ckl/RM/Combat_vision2026/install/rm_robot_description' for CMake module files
[0.380s] Level 1:colcon.colcon_core.environment:checking '/home/ckl/RM/Combat_vision2026/install/rm_robot_description' for CMake config files
[0.380s] Level 1:colcon.colcon_core.shell:create_environment_hook('rm_robot_description', 'cmake_prefix_path')
[0.380s] INFO:colcon.colcon_core.shell:Creating environment hook '/home/ckl/RM/Combat_vision2026/install/rm_robot_description/share/rm_robot_description/hook/cmake_prefix_path.ps1'
[0.381s] INFO:colcon.colcon_core.shell:Creating environment descriptor '/home/ckl/RM/Combat_vision2026/install/rm_robot_description/share/rm_robot_description/hook/cmake_prefix_path.dsv'
[0.381s] INFO:colcon.colcon_core.shell:Creating environment hook '/home/ckl/RM/Combat_vision2026/install/rm_robot_description/share/rm_robot_description/hook/cmake_prefix_path.sh'
[0.381s] Level 1:colcon.colcon_core.environment:checking '/home/ckl/RM/Combat_vision2026/install/rm_robot_description/bin'
[0.381s] Level 1:colcon.colcon_core.environment:checking '/home/ckl/RM/Combat_vision2026/install/rm_robot_description/lib/pkgconfig/rm_robot_description.pc'
[0.381s] Level 1:colcon.colcon_core.environment:checking '/home/ckl/RM/Combat_vision2026/install/rm_robot_description/lib/python3.10/site-packages'
[0.382s] Level 1:colcon.colcon_core.environment:checking '/home/ckl/RM/Combat_vision2026/install/rm_robot_description/bin'
[0.382s] INFO:colcon.colcon_core.shell:Creating package script '/home/ckl/RM/Combat_vision2026/install/rm_robot_description/share/rm_robot_description/package.ps1'
[0.382s] INFO:colcon.colcon_core.shell:Creating package descriptor '/home/ckl/RM/Combat_vision2026/install/rm_robot_description/share/rm_robot_description/package.dsv'
[0.383s] INFO:colcon.colcon_core.shell:Creating package script '/home/ckl/RM/Combat_vision2026/install/rm_robot_description/share/rm_robot_description/package.sh'
[0.383s] INFO:colcon.colcon_core.shell:Creating package script '/home/ckl/RM/Combat_vision2026/install/rm_robot_description/share/rm_robot_description/package.bash'
[0.383s] INFO:colcon.colcon_core.shell:Creating package script '/home/ckl/RM/Combat_vision2026/install/rm_robot_description/share/rm_robot_description/package.zsh'
[0.384s] Level 1:colcon.colcon_core.environment:create_file_with_runtime_dependencies(/home/ckl/RM/Combat_vision2026/install/rm_robot_description/share/colcon-core/packages/rm_robot_description)
[0.386s] DEBUG:colcon.colcon_core.event_handler.log_command:Invoked command in '/home/ckl/RM/Combat_vision2026/build/hik_camera' returned '0': CMAKE_PREFIX_PATH=${CMAKE_PREFIX_PATH}:/opt/ros/humble /usr/bin/cmake --build /home/ckl/RM/Combat_vision2026/build/hik_camera -- -j16 -l16
[0.387s] DEBUG:colcon.colcon_core.event_handler.log_command:Invoking command in '/home/ckl/RM/Combat_vision2026/build/hik_camera': CMAKE_PREFIX_PATH=${CMAKE_PREFIX_PATH}:/opt/ros/humble /usr/bin/cmake --install /home/ckl/RM/Combat_vision2026/build/hik_camera
[0.387s] DEBUG:colcon.colcon_core.event_handler.log_command:Invoked command in '/home/ckl/RM/Combat_vision2026/build/rm_utils' returned '0': CMAKE_PREFIX_PATH=${CMAKE_PREFIX_PATH}:/opt/ros/humble /usr/bin/cmake --build /home/ckl/RM/Combat_vision2026/build/rm_utils -- -j16 -l16
[0.389s] DEBUG:colcon.colcon_core.event_handler.log_command:Invoking command in '/home/ckl/RM/Combat_vision2026/build/rm_utils': CMAKE_PREFIX_PATH=${CMAKE_PREFIX_PATH}:/opt/ros/humble /usr/bin/cmake --install /home/ckl/RM/Combat_vision2026/build/rm_utils
[0.394s] Level 1:colcon.colcon_core.environment:create_environment_scripts_only(hik_camera)
[0.394s] Level 1:colcon.colcon_core.environment:checking '/home/ckl/RM/Combat_vision2026/install/hik_camera' for CMake module files
[0.395s] DEBUG:colcon.colcon_core.event_handler.log_command:Invoked command in '/home/ckl/RM/Combat_vision2026/build/hik_camera' returned '0': CMAKE_PREFIX_PATH=${CMAKE_PREFIX_PATH}:/opt/ros/humble /usr/bin/cmake --install /home/ckl/RM/Combat_vision2026/build/hik_camera
[0.396s] Level 1:colcon.colcon_core.environment:checking '/home/ckl/RM/Combat_vision2026/install/hik_camera' for CMake config files
[0.397s] Level 1:colcon.colcon_core.shell:create_environment_hook('hik_camera', 'cmake_prefix_path')
[0.397s] INFO:colcon.colcon_core.shell:Creating environment hook '/home/ckl/RM/Combat_vision2026/install/hik_camera/share/hik_camera/hook/cmake_prefix_path.ps1'
[0.397s] INFO:colcon.colcon_core.shell:Creating environment descriptor '/home/ckl/RM/Combat_vision2026/install/hik_camera/share/hik_camera/hook/cmake_prefix_path.dsv'
[0.398s] INFO:colcon.colcon_core.shell:Creating environment hook '/home/ckl/RM/Combat_vision2026/install/hik_camera/share/hik_camera/hook/cmake_prefix_path.sh'
[0.398s] Level 1:colcon.colcon_core.environment:checking '/home/ckl/RM/Combat_vision2026/install/hik_camera/lib'
[0.398s] Level 1:colcon.colcon_core.shell:create_environment_hook('hik_camera', 'ld_library_path_lib')
[0.398s] INFO:colcon.colcon_core.shell:Creating environment hook '/home/ckl/RM/Combat_vision2026/install/hik_camera/share/hik_camera/hook/ld_library_path_lib.ps1'
[0.399s] INFO:colcon.colcon_core.shell:Creating environment descriptor '/home/ckl/RM/Combat_vision2026/install/hik_camera/share/hik_camera/hook/ld_library_path_lib.dsv'
[0.399s] INFO:colcon.colcon_core.shell:Creating environment hook '/home/ckl/RM/Combat_vision2026/install/hik_camera/share/hik_camera/hook/ld_library_path_lib.sh'
[0.399s] Level 1:colcon.colcon_core.environment:checking '/home/ckl/RM/Combat_vision2026/install/hik_camera/bin'
[0.399s] Level 1:colcon.colcon_core.environment:checking '/home/ckl/RM/Combat_vision2026/install/hik_camera/lib/pkgconfig/hik_camera.pc'
[0.399s] Level 1:colcon.colcon_core.environment:checking '/home/ckl/RM/Combat_vision2026/install/hik_camera/lib/python3.10/site-packages'
[0.399s] Level 1:colcon.colcon_core.environment:checking '/home/ckl/RM/Combat_vision2026/install/hik_camera/bin'
[0.400s] INFO:colcon.colcon_core.shell:Creating package script '/home/ckl/RM/Combat_vision2026/install/hik_camera/share/hik_camera/package.ps1'
[0.400s] INFO:colcon.colcon_core.shell:Creating package descriptor '/home/ckl/RM/Combat_vision2026/install/hik_camera/share/hik_camera/package.dsv'
[0.400s] INFO:colcon.colcon_core.shell:Creating package script '/home/ckl/RM/Combat_vision2026/install/hik_camera/share/hik_camera/package.sh'
[0.401s] INFO:colcon.colcon_core.shell:Creating package script '/home/ckl/RM/Combat_vision2026/install/hik_camera/share/hik_camera/package.bash'
[0.401s] INFO:colcon.colcon_core.shell:Creating package script '/home/ckl/RM/Combat_vision2026/install/hik_camera/share/hik_camera/package.zsh'
[0.401s] Level 1:colcon.colcon_core.environment:create_file_with_runtime_dependencies(/home/ckl/RM/Combat_vision2026/install/hik_camera/share/colcon-core/packages/hik_camera)
[0.402s] Level 1:colcon.colcon_core.environment:create_environment_scripts_only(hik_camera)
[0.402s] Level 1:colcon.colcon_core.environment:checking '/home/ckl/RM/Combat_vision2026/install/hik_camera' for CMake module files
[0.402s] Level 1:colcon.colcon_core.environment:checking '/home/ckl/RM/Combat_vision2026/install/hik_camera' for CMake config files
[0.403s] Level 1:colcon.colcon_core.shell:create_environment_hook('hik_camera', 'cmake_prefix_path')
[0.403s] INFO:colcon.colcon_core.shell:Creating environment hook '/home/ckl/RM/Combat_vision2026/install/hik_camera/share/hik_camera/hook/cmake_prefix_path.ps1'
[0.404s] INFO:colcon.colcon_core.shell:Creating environment descriptor '/home/ckl/RM/Combat_vision2026/install/hik_camera/share/hik_camera/hook/cmake_prefix_path.dsv'
[0.404s] INFO:colcon.colcon_core.shell:Creating environment hook '/home/ckl/RM/Combat_vision2026/install/hik_camera/share/hik_camera/hook/cmake_prefix_path.sh'
[0.405s] Level 1:colcon.colcon_core.environment:checking '/home/ckl/RM/Combat_vision2026/install/hik_camera/lib'
[0.405s] Level 1:colcon.colcon_core.shell:create_environment_hook('hik_camera', 'ld_library_path_lib')
[0.405s] INFO:colcon.colcon_core.shell:Creating environment hook '/home/ckl/RM/Combat_vision2026/install/hik_camera/share/hik_camera/hook/ld_library_path_lib.ps1'
[0.405s] INFO:colcon.colcon_core.shell:Creating environment descriptor '/home/ckl/RM/Combat_vision2026/install/hik_camera/share/hik_camera/hook/ld_library_path_lib.dsv'
[0.406s] INFO:colcon.colcon_core.shell:Creating environment hook '/home/ckl/RM/Combat_vision2026/install/hik_camera/share/hik_camera/hook/ld_library_path_lib.sh'
[0.406s] Level 1:colcon.colcon_core.environment:checking '/home/ckl/RM/Combat_vision2026/install/hik_camera/bin'
[0.406s] Level 1:colcon.colcon_core.environment:checking '/home/ckl/RM/Combat_vision2026/install/hik_camera/lib/pkgconfig/hik_camera.pc'
[0.406s] Level 1:colcon.colcon_core.environment:checking '/home/ckl/RM/Combat_vision2026/install/hik_camera/lib/python3.10/site-packages'
[0.406s] Level 1:colcon.colcon_core.environment:checking '/home/ckl/RM/Combat_vision2026/install/hik_camera/bin'
[0.407s] INFO:colcon.colcon_core.shell:Creating package script '/home/ckl/RM/Combat_vision2026/install/hik_camera/share/hik_camera/package.ps1'
[0.407s] INFO:colcon.colcon_core.shell:Creating package descriptor '/home/ckl/RM/Combat_vision2026/install/hik_camera/share/hik_camera/package.dsv'
[0.408s] INFO:colcon.colcon_core.shell:Creating package script '/home/ckl/RM/Combat_vision2026/install/hik_camera/share/hik_camera/package.sh'
[0.408s] INFO:colcon.colcon_core.shell:Creating package script '/home/ckl/RM/Combat_vision2026/install/hik_camera/share/hik_camera/package.bash'
[0.409s] INFO:colcon.colcon_core.shell:Creating package script '/home/ckl/RM/Combat_vision2026/install/hik_camera/share/hik_camera/package.zsh'
[0.409s] Level 1:colcon.colcon_core.environment:create_file_with_runtime_dependencies(/home/ckl/RM/Combat_vision2026/install/hik_camera/share/colcon-core/packages/hik_camera)
[0.410s] Level 1:colcon.colcon_core.environment:create_environment_scripts_only(rm_utils)
[0.410s] Level 1:colcon.colcon_core.environment:checking '/home/ckl/RM/Combat_vision2026/install/rm_utils' for CMake module files
[0.411s] DEBUG:colcon.colcon_core.event_handler.log_command:Invoked command in '/home/ckl/RM/Combat_vision2026/build/rm_utils' returned '0': CMAKE_PREFIX_PATH=${CMAKE_PREFIX_PATH}:/opt/ros/humble /usr/bin/cmake --install /home/ckl/RM/Combat_vision2026/build/rm_utils
[0.411s] Level 1:colcon.colcon_core.environment:checking '/home/ckl/RM/Combat_vision2026/install/rm_utils' for CMake config files
[0.412s] Level 1:colcon.colcon_core.shell:create_environment_hook('rm_utils', 'cmake_prefix_path')
[0.412s] INFO:colcon.colcon_core.shell:Creating environment hook '/home/ckl/RM/Combat_vision2026/install/rm_utils/share/rm_utils/hook/cmake_prefix_path.ps1'
[0.413s] INFO:colcon.colcon_core.shell:Creating environment descriptor '/home/ckl/RM/Combat_vision2026/install/rm_utils/share/rm_utils/hook/cmake_prefix_path.dsv'
[0.413s] INFO:colcon.colcon_core.shell:Creating environment hook '/home/ckl/RM/Combat_vision2026/install/rm_utils/share/rm_utils/hook/cmake_prefix_path.sh'
[0.414s] Level 1:colcon.colcon_core.environment:checking '/home/ckl/RM/Combat_vision2026/install/rm_utils/lib'
[0.414s] Level 1:colcon.colcon_core.shell:create_environment_hook('rm_utils', 'ld_library_path_lib')
[0.414s] INFO:colcon.colcon_core.shell:Creating environment hook '/home/ckl/RM/Combat_vision2026/install/rm_utils/share/rm_utils/hook/ld_library_path_lib.ps1'
[0.414s] INFO:colcon.colcon_core.shell:Creating environment descriptor '/home/ckl/RM/Combat_vision2026/install/rm_utils/share/rm_utils/hook/ld_library_path_lib.dsv'
[0.415s] INFO:colcon.colcon_core.shell:Creating environment hook '/home/ckl/RM/Combat_vision2026/install/rm_utils/share/rm_utils/hook/ld_library_path_lib.sh'
[0.415s] Level 1:colcon.colcon_core.environment:checking '/home/ckl/RM/Combat_vision2026/install/rm_utils/bin'
[0.415s] Level 1:colcon.colcon_core.environment:checking '/home/ckl/RM/Combat_vision2026/install/rm_utils/lib/pkgconfig/rm_utils.pc'
[0.415s] Level 1:colcon.colcon_core.environment:checking '/home/ckl/RM/Combat_vision2026/install/rm_utils/lib/python3.10/site-packages'
[0.416s] Level 1:colcon.colcon_core.environment:checking '/home/ckl/RM/Combat_vision2026/install/rm_utils/bin'
[0.416s] INFO:colcon.colcon_core.shell:Creating package script '/home/ckl/RM/Combat_vision2026/install/rm_utils/share/rm_utils/package.ps1'
[0.416s] INFO:colcon.colcon_core.shell:Creating package descriptor '/home/ckl/RM/Combat_vision2026/install/rm_utils/share/rm_utils/package.dsv'
[0.417s] INFO:colcon.colcon_core.shell:Creating package script '/home/ckl/RM/Combat_vision2026/install/rm_utils/share/rm_utils/package.sh'
[0.417s] INFO:colcon.colcon_core.shell:Creating package script '/home/ckl/RM/Combat_vision2026/install/rm_utils/share/rm_utils/package.bash'
[0.418s] INFO:colcon.colcon_core.shell:Creating package script '/home/ckl/RM/Combat_vision2026/install/rm_utils/share/rm_utils/package.zsh'
[0.418s] Level 1:colcon.colcon_core.environment:create_file_with_runtime_dependencies(/home/ckl/RM/Combat_vision2026/install/rm_utils/share/colcon-core/packages/rm_utils)
[0.418s] Level 1:colcon.colcon_core.environment:create_environment_scripts_only(rm_utils)
[0.419s] Level 1:colcon.colcon_core.environment:checking '/home/ckl/RM/Combat_vision2026/install/rm_utils' for CMake module files
[0.419s] Level 1:colcon.colcon_core.environment:checking '/home/ckl/RM/Combat_vision2026/install/rm_utils' for CMake config files
[0.420s] Level 1:colcon.colcon_core.shell:create_environment_hook('rm_utils', 'cmake_prefix_path')
[0.420s] INFO:colcon.colcon_core.shell:Creating environment hook '/home/ckl/RM/Combat_vision2026/install/rm_utils/share/rm_utils/hook/cmake_prefix_path.ps1'
[0.420s] INFO:colcon.colcon_core.shell:Creating environment descriptor '/home/ckl/RM/Combat_vision2026/install/rm_utils/share/rm_utils/hook/cmake_prefix_path.dsv'
[0.421s] INFO:colcon.colcon_core.shell:Creating environment hook '/home/ckl/RM/Combat_vision2026/install/rm_utils/share/rm_utils/hook/cmake_prefix_path.sh'
[0.421s] Level 1:colcon.colcon_core.environment:checking '/home/ckl/RM/Combat_vision2026/install/rm_utils/lib'
[0.421s] Level 1:colcon.colcon_core.shell:create_environment_hook('rm_utils', 'ld_library_path_lib')
[0.421s] INFO:colcon.colcon_core.shell:Creating environment hook '/home/ckl/RM/Combat_vision2026/install/rm_utils/share/rm_utils/hook/ld_library_path_lib.ps1'
[0.422s] INFO:colcon.colcon_core.shell:Creating environment descriptor '/home/ckl/RM/Combat_vision2026/install/rm_utils/share/rm_utils/hook/ld_library_path_lib.dsv'
[0.422s] INFO:colcon.colcon_core.shell:Creating environment hook '/home/ckl/RM/Combat_vision2026/install/rm_utils/share/rm_utils/hook/ld_library_path_lib.sh'
[0.422s] Level 1:colcon.colcon_core.environment:checking '/home/ckl/RM/Combat_vision2026/install/rm_utils/bin'
[0.422s] Level 1:colcon.colcon_core.environment:checking '/home/ckl/RM/Combat_vision2026/install/rm_utils/lib/pkgconfig/rm_utils.pc'
[0.423s] Level 1:colcon.colcon_core.environment:checking '/home/ckl/RM/Combat_vision2026/install/rm_utils/lib/python3.10/site-packages'
[0.423s] Level 1:colcon.colcon_core.environment:checking '/home/ckl/RM/Combat_vision2026/install/rm_utils/bin'
[0.423s] INFO:colcon.colcon_core.shell:Creating package script '/home/ckl/RM/Combat_vision2026/install/rm_utils/share/rm_utils/package.ps1'
[0.423s] INFO:colcon.colcon_core.shell:Creating package descriptor '/home/ckl/RM/Combat_vision2026/install/rm_utils/share/rm_utils/package.dsv'
[0.424s] INFO:colcon.colcon_core.shell:Creating package script '/home/ckl/RM/Combat_vision2026/install/rm_utils/share/rm_utils/package.sh'
[0.424s] INFO:colcon.colcon_core.shell:Creating package script '/home/ckl/RM/Combat_vision2026/install/rm_utils/share/rm_utils/package.bash'
[0.425s] INFO:colcon.colcon_core.shell:Creating package script '/home/ckl/RM/Combat_vision2026/install/rm_utils/share/rm_utils/package.zsh'
[0.425s] Level 1:colcon.colcon_core.environment:create_file_with_runtime_dependencies(/home/ckl/RM/Combat_vision2026/install/rm_utils/share/colcon-core/packages/rm_utils)
[0.600s] DEBUG:colcon.colcon_core.event_handler.log_command:Invoked command in '/home/ckl/RM/Combat_vision2026/build/rm_interfaces' returned '0': CMAKE_PREFIX_PATH=${CMAKE_PREFIX_PATH}:/opt/ros/humble /usr/bin/cmake --build /home/ckl/RM/Combat_vision2026/build/rm_interfaces -- -j16 -l16
[0.601s] DEBUG:colcon.colcon_core.event_handler.log_command:Invoking command in '/home/ckl/RM/Combat_vision2026/build/rm_interfaces': CMAKE_PREFIX_PATH=${CMAKE_PREFIX_PATH}:/opt/ros/humble /usr/bin/cmake --install /home/ckl/RM/Combat_vision2026/build/rm_interfaces
[0.661s] Level 1:colcon.colcon_core.environment:create_environment_scripts_only(rm_interfaces)
[0.662s] Level 1:colcon.colcon_core.environment:checking '/home/ckl/RM/Combat_vision2026/install/rm_interfaces' for CMake module files
[0.662s] DEBUG:colcon.colcon_core.event_handler.log_command:Invoked command in '/home/ckl/RM/Combat_vision2026/build/rm_interfaces' returned '0': CMAKE_PREFIX_PATH=${CMAKE_PREFIX_PATH}:/opt/ros/humble /usr/bin/cmake --install /home/ckl/RM/Combat_vision2026/build/rm_interfaces
[0.663s] Level 1:colcon.colcon_core.environment:checking '/home/ckl/RM/Combat_vision2026/install/rm_interfaces' for CMake config files
[0.664s] Level 1:colcon.colcon_core.shell:create_environment_hook('rm_interfaces', 'cmake_prefix_path')
[0.664s] INFO:colcon.colcon_core.shell:Creating environment hook '/home/ckl/RM/Combat_vision2026/install/rm_interfaces/share/rm_interfaces/hook/cmake_prefix_path.ps1'
[0.664s] INFO:colcon.colcon_core.shell:Creating environment descriptor '/home/ckl/RM/Combat_vision2026/install/rm_interfaces/share/rm_interfaces/hook/cmake_prefix_path.dsv'
[0.665s] INFO:colcon.colcon_core.shell:Creating environment hook '/home/ckl/RM/Combat_vision2026/install/rm_interfaces/share/rm_interfaces/hook/cmake_prefix_path.sh'
[0.665s] Level 1:colcon.colcon_core.environment:checking '/home/ckl/RM/Combat_vision2026/install/rm_interfaces/lib'
[0.665s] Level 1:colcon.colcon_core.shell:create_environment_hook('rm_interfaces', 'ld_library_path_lib')
[0.665s] INFO:colcon.colcon_core.shell:Creating environment hook '/home/ckl/RM/Combat_vision2026/install/rm_interfaces/share/rm_interfaces/hook/ld_library_path_lib.ps1'
[0.666s] INFO:colcon.colcon_core.shell:Creating environment descriptor '/home/ckl/RM/Combat_vision2026/install/rm_interfaces/share/rm_interfaces/hook/ld_library_path_lib.dsv'
[0.666s] INFO:colcon.colcon_core.shell:Creating environment hook '/home/ckl/RM/Combat_vision2026/install/rm_interfaces/share/rm_interfaces/hook/ld_library_path_lib.sh'
[0.666s] Level 1:colcon.colcon_core.environment:checking '/home/ckl/RM/Combat_vision2026/install/rm_interfaces/bin'
[0.666s] Level 1:colcon.colcon_core.environment:checking '/home/ckl/RM/Combat_vision2026/install/rm_interfaces/lib/pkgconfig/rm_interfaces.pc'
[0.666s] Level 1:colcon.colcon_core.environment:checking '/home/ckl/RM/Combat_vision2026/install/rm_interfaces/lib/python3.10/site-packages'
[0.666s] Level 1:colcon.colcon_core.environment:checking '/home/ckl/RM/Combat_vision2026/install/rm_interfaces/bin'
[0.667s] INFO:colcon.colcon_core.shell:Creating package script '/home/ckl/RM/Combat_vision2026/install/rm_interfaces/share/rm_interfaces/package.ps1'
[0.667s] INFO:colcon.colcon_core.shell:Creating package descriptor '/home/ckl/RM/Combat_vision2026/install/rm_interfaces/share/rm_interfaces/package.dsv'
[0.667s] INFO:colcon.colcon_core.shell:Creating package script '/home/ckl/RM/Combat_vision2026/install/rm_interfaces/share/rm_interfaces/package.sh'
[0.668s] INFO:colcon.colcon_core.shell:Creating package script '/home/ckl/RM/Combat_vision2026/install/rm_interfaces/share/rm_interfaces/package.bash'
[0.668s] INFO:colcon.colcon_core.shell:Creating package script '/home/ckl/RM/Combat_vision2026/install/rm_interfaces/share/rm_interfaces/package.zsh'
[0.669s] Level 1:colcon.colcon_core.environment:create_file_with_runtime_dependencies(/home/ckl/RM/Combat_vision2026/install/rm_interfaces/share/colcon-core/packages/rm_interfaces)
[0.669s] Level 1:colcon.colcon_core.environment:create_environment_scripts_only(rm_interfaces)
[0.669s] Level 1:colcon.colcon_core.environment:checking '/home/ckl/RM/Combat_vision2026/install/rm_interfaces' for CMake module files
[0.670s] Level 1:colcon.colcon_core.environment:checking '/home/ckl/RM/Combat_vision2026/install/rm_interfaces' for CMake config files
[0.671s] Level 1:colcon.colcon_core.shell:create_environment_hook('rm_interfaces', 'cmake_prefix_path')
[0.671s] INFO:colcon.colcon_core.shell:Creating environment hook '/home/ckl/RM/Combat_vision2026/install/rm_interfaces/share/rm_interfaces/hook/cmake_prefix_path.ps1'
[0.671s] INFO:colcon.colcon_core.shell:Creating environment descriptor '/home/ckl/RM/Combat_vision2026/install/rm_interfaces/share/rm_interfaces/hook/cmake_prefix_path.dsv'
[0.672s] INFO:colcon.colcon_core.shell:Creating environment hook '/home/ckl/RM/Combat_vision2026/install/rm_interfaces/share/rm_interfaces/hook/cmake_prefix_path.sh'
[0.672s] Level 1:colcon.colcon_core.environment:checking '/home/ckl/RM/Combat_vision2026/install/rm_interfaces/lib'
[0.672s] Level 1:colcon.colcon_core.shell:create_environment_hook('rm_interfaces', 'ld_library_path_lib')
[0.672s] INFO:colcon.colcon_core.shell:Creating environment hook '/home/ckl/RM/Combat_vision2026/install/rm_interfaces/share/rm_interfaces/hook/ld_library_path_lib.ps1'
[0.672s] INFO:colcon.colcon_core.shell:Creating environment descriptor '/home/ckl/RM/Combat_vision2026/install/rm_interfaces/share/rm_interfaces/hook/ld_library_path_lib.dsv'
[0.673s] INFO:colcon.colcon_core.shell:Creating environment hook '/home/ckl/RM/Combat_vision2026/install/rm_interfaces/share/rm_interfaces/hook/ld_library_path_lib.sh'
[0.673s] Level 1:colcon.colcon_core.environment:checking '/home/ckl/RM/Combat_vision2026/install/rm_interfaces/bin'
[0.673s] Level 1:colcon.colcon_core.environment:checking '/home/ckl/RM/Combat_vision2026/install/rm_interfaces/lib/pkgconfig/rm_interfaces.pc'
[0.673s] Level 1:colcon.colcon_core.environment:checking '/home/ckl/RM/Combat_vision2026/install/rm_interfaces/lib/python3.10/site-packages'
[0.673s] Level 1:colcon.colcon_core.environment:checking '/home/ckl/RM/Combat_vision2026/install/rm_interfaces/bin'
[0.674s] INFO:colcon.colcon_core.shell:Creating package script '/home/ckl/RM/Combat_vision2026/install/rm_interfaces/share/rm_interfaces/package.ps1'
[0.674s] INFO:colcon.colcon_core.shell:Creating package descriptor '/home/ckl/RM/Combat_vision2026/install/rm_interfaces/share/rm_interfaces/package.dsv'
[0.674s] INFO:colcon.colcon_core.shell:Creating package script '/home/ckl/RM/Combat_vision2026/install/rm_interfaces/share/rm_interfaces/package.sh'
[0.675s] INFO:colcon.colcon_core.shell:Creating package script '/home/ckl/RM/Combat_vision2026/install/rm_interfaces/share/rm_interfaces/package.bash'
[0.675s] INFO:colcon.colcon_core.shell:Creating package script '/home/ckl/RM/Combat_vision2026/install/rm_interfaces/share/rm_interfaces/package.zsh'
[0.675s] Level 1:colcon.colcon_core.environment:create_file_with_runtime_dependencies(/home/ckl/RM/Combat_vision2026/install/rm_interfaces/share/colcon-core/packages/rm_interfaces)
[0.676s] INFO:colcon.colcon_ros.task.ament_cmake.build:Building ROS package in '/home/ckl/RM/Combat_vision2026/src/rm_auto_aim/armor_detector' with build type 'ament_cmake'
[0.676s] INFO:colcon.colcon_cmake.task.cmake.build:Building CMake package in '/home/ckl/RM/Combat_vision2026/src/rm_auto_aim/armor_detector'
[0.676s] INFO:colcon.colcon_core.shell:Skip shell extension 'powershell' for command environment: Not usable outside of PowerShell
[0.676s] DEBUG:colcon.colcon_core.shell:Skip shell extension 'dsv' for command environment
[0.680s] INFO:colcon.colcon_ros.task.ament_cmake.build:Building ROS package in '/home/ckl/RM/Combat_vision2026/src/rm_auto_aim/armor_solver' with build type 'ament_cmake'
[0.680s] INFO:colcon.colcon_cmake.task.cmake.build:Building CMake package in '/home/ckl/RM/Combat_vision2026/src/rm_auto_aim/armor_solver'
[0.680s] INFO:colcon.colcon_core.shell:Skip shell extension 'powershell' for command environment: Not usable outside of PowerShell
[0.680s] DEBUG:colcon.colcon_core.shell:Skip shell extension 'dsv' for command environment
[0.684s] INFO:colcon.colcon_ros.task.ament_cmake.build:Building ROS package in '/home/ckl/RM/Combat_vision2026/src/rm_hardware_driver/rm_serial_driver' with build type 'ament_cmake'
[0.684s] INFO:colcon.colcon_cmake.task.cmake.build:Building CMake package in '/home/ckl/RM/Combat_vision2026/src/rm_hardware_driver/rm_serial_driver'
[0.684s] INFO:colcon.colcon_core.shell:Skip shell extension 'powershell' for command environment: Not usable outside of PowerShell
[0.684s] DEBUG:colcon.colcon_core.shell:Skip shell extension 'dsv' for command environment
[0.697s] DEBUG:colcon.colcon_core.event_handler.log_command:Invoking command in '/home/ckl/RM/Combat_vision2026/build/armor_detector': CMAKE_PREFIX_PATH=/home/ckl/RM/Combat_vision2026/install/rm_utils:/home/ckl/RM/Combat_vision2026/install/rm_interfaces:/home/ckl/RM/Combat_vision2026/install/rm_bringup:/home/ckl/RM/Combat_vision2026/install/rm_serial_driver:/home/ckl/RM/Combat_vision2026/install/rm_auto_aim:/home/ckl/RM/Combat_vision2026/install/armor_solver:/home/ckl/RM/Combat_vision2026/install/armor_detector:/home/ckl/RM/Combat_vision2026/install/rm_robot_description:/home/ckl/RM/Combat_vision2026/install/hik_camera:/opt/ros/humble LD_LIBRARY_PATH=/home/ckl/RM/Combat_vision2026/install/rm_utils/lib:/home/ckl/RM/Combat_vision2026/install/rm_interfaces/lib:/home/ckl/RM/Combat_vision2026/install/rm_serial_driver/lib:/home/ckl/RM/Combat_vision2026/install/armor_solver/lib:/home/ckl/RM/Combat_vision2026/install/armor_detector/lib:/home/ckl/RM/Combat_vision2026/install/hik_camera/lib:/opt/MVS/lib/64:/opt/MVS/lib/32:/opt/MVS/lib/64:/opt/MVS/lib/32:/opt/MVS/lib/64:/opt/MVS/lib/32:/opt/ros/humble/opt/rviz_ogre_vendor/lib:/opt/ros/humble/lib/x86_64-linux-gnu:/opt/ros/humble/lib:/opt/MVS/lib/64:/opt/MVS/lib/32:/opt/MVS/lib/64:/opt/MVS/lib/32:/opt/MVS/lib/64:/opt/MVS/lib/32 /usr/bin/cmake --build /home/ckl/RM/Combat_vision2026/build/armor_detector -- -j16 -l16
[0.700s] DEBUG:colcon.colcon_core.event_handler.log_command:Invoking command in '/home/ckl/RM/Combat_vision2026/build/armor_solver': CMAKE_PREFIX_PATH=/home/ckl/RM/Combat_vision2026/install/rm_utils:/home/ckl/RM/Combat_vision2026/install/rm_interfaces:/home/ckl/RM/Combat_vision2026/install/rm_bringup:/home/ckl/RM/Combat_vision2026/install/rm_serial_driver:/home/ckl/RM/Combat_vision2026/install/rm_auto_aim:/home/ckl/RM/Combat_vision2026/install/armor_solver:/home/ckl/RM/Combat_vision2026/install/armor_detector:/home/ckl/RM/Combat_vision2026/install/rm_robot_description:/home/ckl/RM/Combat_vision2026/install/hik_camera:/opt/ros/humble LD_LIBRARY_PATH=/home/ckl/RM/Combat_vision2026/install/rm_utils/lib:/home/ckl/RM/Combat_vision2026/install/rm_interfaces/lib:/home/ckl/RM/Combat_vision2026/install/rm_serial_driver/lib:/home/ckl/RM/Combat_vision2026/install/armor_solver/lib:/home/ckl/RM/Combat_vision2026/install/armor_detector/lib:/home/ckl/RM/Combat_vision2026/install/hik_camera/lib:/opt/MVS/lib/64:/opt/MVS/lib/32:/opt/MVS/lib/64:/opt/MVS/lib/32:/opt/MVS/lib/64:/opt/MVS/lib/32:/opt/ros/humble/opt/rviz_ogre_vendor/lib:/opt/ros/humble/lib/x86_64-linux-gnu:/opt/ros/humble/lib:/opt/MVS/lib/64:/opt/MVS/lib/32:/opt/MVS/lib/64:/opt/MVS/lib/32:/opt/MVS/lib/64:/opt/MVS/lib/32 /usr/bin/cmake --build /home/ckl/RM/Combat_vision2026/build/armor_solver -- -j16 -l16
[0.703s] DEBUG:colcon.colcon_core.event_handler.log_command:Invoking command in '/home/ckl/RM/Combat_vision2026/build/rm_serial_driver': CMAKE_PREFIX_PATH=/home/ckl/RM/Combat_vision2026/install/rm_utils:/home/ckl/RM/Combat_vision2026/install/rm_interfaces:/home/ckl/RM/Combat_vision2026/install/rm_bringup:/home/ckl/RM/Combat_vision2026/install/rm_serial_driver:/home/ckl/RM/Combat_vision2026/install/rm_auto_aim:/home/ckl/RM/Combat_vision2026/install/armor_solver:/home/ckl/RM/Combat_vision2026/install/armor_detector:/home/ckl/RM/Combat_vision2026/install/rm_robot_description:/home/ckl/RM/Combat_vision2026/install/hik_camera:/opt/ros/humble LD_LIBRARY_PATH=/home/ckl/RM/Combat_vision2026/install/rm_utils/lib:/home/ckl/RM/Combat_vision2026/install/rm_interfaces/lib:/home/ckl/RM/Combat_vision2026/install/rm_serial_driver/lib:/home/ckl/RM/Combat_vision2026/install/armor_solver/lib:/home/ckl/RM/Combat_vision2026/install/armor_detector/lib:/home/ckl/RM/Combat_vision2026/install/hik_camera/lib:/opt/MVS/lib/64:/opt/MVS/lib/32:/opt/MVS/lib/64:/opt/MVS/lib/32:/opt/MVS/lib/64:/opt/MVS/lib/32:/opt/ros/humble/opt/rviz_ogre_vendor/lib:/opt/ros/humble/lib/x86_64-linux-gnu:/opt/ros/humble/lib:/opt/MVS/lib/64:/opt/MVS/lib/32:/opt/MVS/lib/64:/opt/MVS/lib/32:/opt/MVS/lib/64:/opt/MVS/lib/32 /usr/bin/cmake --build /home/ckl/RM/Combat_vision2026/build/rm_serial_driver -- -j16 -l16
[0.761s] DEBUG:colcon.colcon_core.event_handler.log_command:Invoked command in '/home/ckl/RM/Combat_vision2026/build/armor_solver' returned '0': CMAKE_PREFIX_PATH=/home/ckl/RM/Combat_vision2026/install/rm_utils:/home/ckl/RM/Combat_vision2026/install/rm_interfaces:/home/ckl/RM/Combat_vision2026/install/rm_bringup:/home/ckl/RM/Combat_vision2026/install/rm_serial_driver:/home/ckl/RM/Combat_vision2026/install/rm_auto_aim:/home/ckl/RM/Combat_vision2026/install/armor_solver:/home/ckl/RM/Combat_vision2026/install/armor_detector:/home/ckl/RM/Combat_vision2026/install/rm_robot_description:/home/ckl/RM/Combat_vision2026/install/hik_camera:/opt/ros/humble LD_LIBRARY_PATH=/home/ckl/RM/Combat_vision2026/install/rm_utils/lib:/home/ckl/RM/Combat_vision2026/install/rm_interfaces/lib:/home/ckl/RM/Combat_vision2026/install/rm_serial_driver/lib:/home/ckl/RM/Combat_vision2026/install/armor_solver/lib:/home/ckl/RM/Combat_vision2026/install/armor_detector/lib:/home/ckl/RM/Combat_vision2026/install/hik_camera/lib:/opt/MVS/lib/64:/opt/MVS/lib/32:/opt/MVS/lib/64:/opt/MVS/lib/32:/opt/MVS/lib/64:/opt/MVS/lib/32:/opt/ros/humble/opt/rviz_ogre_vendor/lib:/opt/ros/humble/lib/x86_64-linux-gnu:/opt/ros/humble/lib:/opt/MVS/lib/64:/opt/MVS/lib/32:/opt/MVS/lib/64:/opt/MVS/lib/32:/opt/MVS/lib/64:/opt/MVS/lib/32 /usr/bin/cmake --build /home/ckl/RM/Combat_vision2026/build/armor_solver -- -j16 -l16
[0.763s] DEBUG:colcon.colcon_core.event_handler.log_command:Invoking command in '/home/ckl/RM/Combat_vision2026/build/armor_solver': CMAKE_PREFIX_PATH=/home/ckl/RM/Combat_vision2026/install/rm_utils:/home/ckl/RM/Combat_vision2026/install/rm_interfaces:/home/ckl/RM/Combat_vision2026/install/rm_bringup:/home/ckl/RM/Combat_vision2026/install/rm_serial_driver:/home/ckl/RM/Combat_vision2026/install/rm_auto_aim:/home/ckl/RM/Combat_vision2026/install/armor_solver:/home/ckl/RM/Combat_vision2026/install/armor_detector:/home/ckl/RM/Combat_vision2026/install/rm_robot_description:/home/ckl/RM/Combat_vision2026/install/hik_camera:/opt/ros/humble LD_LIBRARY_PATH=/home/ckl/RM/Combat_vision2026/install/rm_utils/lib:/home/ckl/RM/Combat_vision2026/install/rm_interfaces/lib:/home/ckl/RM/Combat_vision2026/install/rm_serial_driver/lib:/home/ckl/RM/Combat_vision2026/install/armor_solver/lib:/home/ckl/RM/Combat_vision2026/install/armor_detector/lib:/home/ckl/RM/Combat_vision2026/install/hik_camera/lib:/opt/MVS/lib/64:/opt/MVS/lib/32:/opt/MVS/lib/64:/opt/MVS/lib/32:/opt/MVS/lib/64:/opt/MVS/lib/32:/opt/ros/humble/opt/rviz_ogre_vendor/lib:/opt/ros/humble/lib/x86_64-linux-gnu:/opt/ros/humble/lib:/opt/MVS/lib/64:/opt/MVS/lib/32:/opt/MVS/lib/64:/opt/MVS/lib/32:/opt/MVS/lib/64:/opt/MVS/lib/32 /usr/bin/cmake --install /home/ckl/RM/Combat_vision2026/build/armor_solver
[0.768s] Level 1:colcon.colcon_core.environment:create_environment_scripts_only(armor_solver)
[0.769s] Level 1:colcon.colcon_core.environment:checking '/home/ckl/RM/Combat_vision2026/install/armor_solver' for CMake module files
[0.769s] DEBUG:colcon.colcon_core.event_handler.log_command:Invoked command in '/home/ckl/RM/Combat_vision2026/build/armor_solver' returned '0': CMAKE_PREFIX_PATH=/home/ckl/RM/Combat_vision2026/install/rm_utils:/home/ckl/RM/Combat_vision2026/install/rm_interfaces:/home/ckl/RM/Combat_vision2026/install/rm_bringup:/home/ckl/RM/Combat_vision2026/install/rm_serial_driver:/home/ckl/RM/Combat_vision2026/install/rm_auto_aim:/home/ckl/RM/Combat_vision2026/install/armor_solver:/home/ckl/RM/Combat_vision2026/install/armor_detector:/home/ckl/RM/Combat_vision2026/install/rm_robot_description:/home/ckl/RM/Combat_vision2026/install/hik_camera:/opt/ros/humble LD_LIBRARY_PATH=/home/ckl/RM/Combat_vision2026/install/rm_utils/lib:/home/ckl/RM/Combat_vision2026/install/rm_interfaces/lib:/home/ckl/RM/Combat_vision2026/install/rm_serial_driver/lib:/home/ckl/RM/Combat_vision2026/install/armor_solver/lib:/home/ckl/RM/Combat_vision2026/install/armor_detector/lib:/home/ckl/RM/Combat_vision2026/install/hik_camera/lib:/opt/MVS/lib/64:/opt/MVS/lib/32:/opt/MVS/lib/64:/opt/MVS/lib/32:/opt/MVS/lib/64:/opt/MVS/lib/32:/opt/ros/humble/opt/rviz_ogre_vendor/lib:/opt/ros/humble/lib/x86_64-linux-gnu:/opt/ros/humble/lib:/opt/MVS/lib/64:/opt/MVS/lib/32:/opt/MVS/lib/64:/opt/MVS/lib/32:/opt/MVS/lib/64:/opt/MVS/lib/32 /usr/bin/cmake --install /home/ckl/RM/Combat_vision2026/build/armor_solver
[0.769s] Level 1:colcon.colcon_core.environment:checking '/home/ckl/RM/Combat_vision2026/install/armor_solver' for CMake config files
[0.770s] Level 1:colcon.colcon_core.shell:create_environment_hook('armor_solver', 'cmake_prefix_path')
[0.770s] INFO:colcon.colcon_core.shell:Creating environment hook '/home/ckl/RM/Combat_vision2026/install/armor_solver/share/armor_solver/hook/cmake_prefix_path.ps1'
[0.770s] INFO:colcon.colcon_core.shell:Creating environment descriptor '/home/ckl/RM/Combat_vision2026/install/armor_solver/share/armor_solver/hook/cmake_prefix_path.dsv'
[0.771s] INFO:colcon.colcon_core.shell:Creating environment hook '/home/ckl/RM/Combat_vision2026/install/armor_solver/share/armor_solver/hook/cmake_prefix_path.sh'
[0.771s] Level 1:colcon.colcon_core.environment:checking '/home/ckl/RM/Combat_vision2026/install/armor_solver/lib'
[0.771s] Level 1:colcon.colcon_core.shell:create_environment_hook('armor_solver', 'ld_library_path_lib')
[0.771s] INFO:colcon.colcon_core.shell:Creating environment hook '/home/ckl/RM/Combat_vision2026/install/armor_solver/share/armor_solver/hook/ld_library_path_lib.ps1'
[0.771s] INFO:colcon.colcon_core.shell:Creating environment descriptor '/home/ckl/RM/Combat_vision2026/install/armor_solver/share/armor_solver/hook/ld_library_path_lib.dsv'
[0.772s] INFO:colcon.colcon_core.shell:Creating environment hook '/home/ckl/RM/Combat_vision2026/install/armor_solver/share/armor_solver/hook/ld_library_path_lib.sh'
[0.772s] Level 1:colcon.colcon_core.environment:checking '/home/ckl/RM/Combat_vision2026/install/armor_solver/bin'
[0.772s] Level 1:colcon.colcon_core.environment:checking '/home/ckl/RM/Combat_vision2026/install/armor_solver/lib/pkgconfig/armor_solver.pc'
[0.772s] Level 1:colcon.colcon_core.environment:checking '/home/ckl/RM/Combat_vision2026/install/armor_solver/lib/python3.10/site-packages'
[0.772s] Level 1:colcon.colcon_core.environment:checking '/home/ckl/RM/Combat_vision2026/install/armor_solver/bin'
[0.773s] INFO:colcon.colcon_core.shell:Creating package script '/home/ckl/RM/Combat_vision2026/install/armor_solver/share/armor_solver/package.ps1'
[0.773s] INFO:colcon.colcon_core.shell:Creating package descriptor '/home/ckl/RM/Combat_vision2026/install/armor_solver/share/armor_solver/package.dsv'
[0.773s] INFO:colcon.colcon_core.shell:Creating package script '/home/ckl/RM/Combat_vision2026/install/armor_solver/share/armor_solver/package.sh'
[0.774s] INFO:colcon.colcon_core.shell:Creating package script '/home/ckl/RM/Combat_vision2026/install/armor_solver/share/armor_solver/package.bash'
[0.774s] INFO:colcon.colcon_core.shell:Creating package script '/home/ckl/RM/Combat_vision2026/install/armor_solver/share/armor_solver/package.zsh'
[0.774s] Level 1:colcon.colcon_core.environment:create_file_with_runtime_dependencies(/home/ckl/RM/Combat_vision2026/install/armor_solver/share/colcon-core/packages/armor_solver)
[0.775s] Level 1:colcon.colcon_core.environment:create_environment_scripts_only(armor_solver)
[0.775s] Level 1:colcon.colcon_core.environment:checking '/home/ckl/RM/Combat_vision2026/install/armor_solver' for CMake module files
[0.775s] Level 1:colcon.colcon_core.environment:checking '/home/ckl/RM/Combat_vision2026/install/armor_solver' for CMake config files
[0.776s] Level 1:colcon.colcon_core.shell:create_environment_hook('armor_solver', 'cmake_prefix_path')
[0.776s] INFO:colcon.colcon_core.shell:Creating environment hook '/home/ckl/RM/Combat_vision2026/install/armor_solver/share/armor_solver/hook/cmake_prefix_path.ps1'
[0.776s] INFO:colcon.colcon_core.shell:Creating environment descriptor '/home/ckl/RM/Combat_vision2026/install/armor_solver/share/armor_solver/hook/cmake_prefix_path.dsv'
[0.776s] INFO:colcon.colcon_core.shell:Creating environment hook '/home/ckl/RM/Combat_vision2026/install/armor_solver/share/armor_solver/hook/cmake_prefix_path.sh'
[0.777s] Level 1:colcon.colcon_core.environment:checking '/home/ckl/RM/Combat_vision2026/install/armor_solver/lib'
[0.777s] Level 1:colcon.colcon_core.shell:create_environment_hook('armor_solver', 'ld_library_path_lib')
[0.777s] INFO:colcon.colcon_core.shell:Creating environment hook '/home/ckl/RM/Combat_vision2026/install/armor_solver/share/armor_solver/hook/ld_library_path_lib.ps1'
[0.777s] INFO:colcon.colcon_core.shell:Creating environment descriptor '/home/ckl/RM/Combat_vision2026/install/armor_solver/share/armor_solver/hook/ld_library_path_lib.dsv'
[0.777s] INFO:colcon.colcon_core.shell:Creating environment hook '/home/ckl/RM/Combat_vision2026/install/armor_solver/share/armor_solver/hook/ld_library_path_lib.sh'
[0.778s] Level 1:colcon.colcon_core.environment:checking '/home/ckl/RM/Combat_vision2026/install/armor_solver/bin'
[0.778s] Level 1:colcon.colcon_core.environment:checking '/home/ckl/RM/Combat_vision2026/install/armor_solver/lib/pkgconfig/armor_solver.pc'
[0.778s] Level 1:colcon.colcon_core.environment:checking '/home/ckl/RM/Combat_vision2026/install/armor_solver/lib/python3.10/site-packages'
[0.779s] Level 1:colcon.colcon_core.environment:checking '/home/ckl/RM/Combat_vision2026/install/armor_solver/bin'
[0.779s] INFO:colcon.colcon_core.shell:Creating package script '/home/ckl/RM/Combat_vision2026/install/armor_solver/share/armor_solver/package.ps1'
[0.780s] INFO:colcon.colcon_core.shell:Creating package descriptor '/home/ckl/RM/Combat_vision2026/install/armor_solver/share/armor_solver/package.dsv'
[0.780s] INFO:colcon.colcon_core.shell:Creating package script '/home/ckl/RM/Combat_vision2026/install/armor_solver/share/armor_solver/package.sh'
[0.780s] INFO:colcon.colcon_core.shell:Creating package script '/home/ckl/RM/Combat_vision2026/install/armor_solver/share/armor_solver/package.bash'
[0.781s] INFO:colcon.colcon_core.shell:Creating package script '/home/ckl/RM/Combat_vision2026/install/armor_solver/share/armor_solver/package.zsh'
[0.781s] Level 1:colcon.colcon_core.environment:create_file_with_runtime_dependencies(/home/ckl/RM/Combat_vision2026/install/armor_solver/share/colcon-core/packages/armor_solver)
[0.786s] DEBUG:colcon.colcon_core.event_handler.log_command:Invoked command in '/home/ckl/RM/Combat_vision2026/build/rm_serial_driver' returned '0': CMAKE_PREFIX_PATH=/home/ckl/RM/Combat_vision2026/install/rm_utils:/home/ckl/RM/Combat_vision2026/install/rm_interfaces:/home/ckl/RM/Combat_vision2026/install/rm_bringup:/home/ckl/RM/Combat_vision2026/install/rm_serial_driver:/home/ckl/RM/Combat_vision2026/install/rm_auto_aim:/home/ckl/RM/Combat_vision2026/install/armor_solver:/home/ckl/RM/Combat_vision2026/install/armor_detector:/home/ckl/RM/Combat_vision2026/install/rm_robot_description:/home/ckl/RM/Combat_vision2026/install/hik_camera:/opt/ros/humble LD_LIBRARY_PATH=/home/ckl/RM/Combat_vision2026/install/rm_utils/lib:/home/ckl/RM/Combat_vision2026/install/rm_interfaces/lib:/home/ckl/RM/Combat_vision2026/install/rm_serial_driver/lib:/home/ckl/RM/Combat_vision2026/install/armor_solver/lib:/home/ckl/RM/Combat_vision2026/install/armor_detector/lib:/home/ckl/RM/Combat_vision2026/install/hik_camera/lib:/opt/MVS/lib/64:/opt/MVS/lib/32:/opt/MVS/lib/64:/opt/MVS/lib/32:/opt/MVS/lib/64:/opt/MVS/lib/32:/opt/ros/humble/opt/rviz_ogre_vendor/lib:/opt/ros/humble/lib/x86_64-linux-gnu:/opt/ros/humble/lib:/opt/MVS/lib/64:/opt/MVS/lib/32:/opt/MVS/lib/64:/opt/MVS/lib/32:/opt/MVS/lib/64:/opt/MVS/lib/32 /usr/bin/cmake --build /home/ckl/RM/Combat_vision2026/build/rm_serial_driver -- -j16 -l16
[0.788s] DEBUG:colcon.colcon_core.event_handler.log_command:Invoking command in '/home/ckl/RM/Combat_vision2026/build/rm_serial_driver': CMAKE_PREFIX_PATH=/home/ckl/RM/Combat_vision2026/install/rm_utils:/home/ckl/RM/Combat_vision2026/install/rm_interfaces:/home/ckl/RM/Combat_vision2026/install/rm_bringup:/home/ckl/RM/Combat_vision2026/install/rm_serial_driver:/home/ckl/RM/Combat_vision2026/install/rm_auto_aim:/home/ckl/RM/Combat_vision2026/install/armor_solver:/home/ckl/RM/Combat_vision2026/install/armor_detector:/home/ckl/RM/Combat_vision2026/install/rm_robot_description:/home/ckl/RM/Combat_vision2026/install/hik_camera:/opt/ros/humble LD_LIBRARY_PATH=/home/ckl/RM/Combat_vision2026/install/rm_utils/lib:/home/ckl/RM/Combat_vision2026/install/rm_interfaces/lib:/home/ckl/RM/Combat_vision2026/install/rm_serial_driver/lib:/home/ckl/RM/Combat_vision2026/install/armor_solver/lib:/home/ckl/RM/Combat_vision2026/install/armor_detector/lib:/home/ckl/RM/Combat_vision2026/install/hik_camera/lib:/opt/MVS/lib/64:/opt/MVS/lib/32:/opt/MVS/lib/64:/opt/MVS/lib/32:/opt/MVS/lib/64:/opt/MVS/lib/32:/opt/ros/humble/opt/rviz_ogre_vendor/lib:/opt/ros/humble/lib/x86_64-linux-gnu:/opt/ros/humble/lib:/opt/MVS/lib/64:/opt/MVS/lib/32:/opt/MVS/lib/64:/opt/MVS/lib/32:/opt/MVS/lib/64:/opt/MVS/lib/32 /usr/bin/cmake --install /home/ckl/RM/Combat_vision2026/build/rm_serial_driver
[0.795s] Level 1:colcon.colcon_core.environment:create_environment_scripts_only(rm_serial_driver)
[0.795s] Level 1:colcon.colcon_core.environment:checking '/home/ckl/RM/Combat_vision2026/install/rm_serial_driver' for CMake module files
[0.795s] DEBUG:colcon.colcon_core.event_handler.log_command:Invoked command in '/home/ckl/RM/Combat_vision2026/build/rm_serial_driver' returned '0': CMAKE_PREFIX_PATH=/home/ckl/RM/Combat_vision2026/install/rm_utils:/home/ckl/RM/Combat_vision2026/install/rm_interfaces:/home/ckl/RM/Combat_vision2026/install/rm_bringup:/home/ckl/RM/Combat_vision2026/install/rm_serial_driver:/home/ckl/RM/Combat_vision2026/install/rm_auto_aim:/home/ckl/RM/Combat_vision2026/install/armor_solver:/home/ckl/RM/Combat_vision2026/install/armor_detector:/home/ckl/RM/Combat_vision2026/install/rm_robot_description:/home/ckl/RM/Combat_vision2026/install/hik_camera:/opt/ros/humble LD_LIBRARY_PATH=/home/ckl/RM/Combat_vision2026/install/rm_utils/lib:/home/ckl/RM/Combat_vision2026/install/rm_interfaces/lib:/home/ckl/RM/Combat_vision2026/install/rm_serial_driver/lib:/home/ckl/RM/Combat_vision2026/install/armor_solver/lib:/home/ckl/RM/Combat_vision2026/install/armor_detector/lib:/home/ckl/RM/Combat_vision2026/install/hik_camera/lib:/opt/MVS/lib/64:/opt/MVS/lib/32:/opt/MVS/lib/64:/opt/MVS/lib/32:/opt/MVS/lib/64:/opt/MVS/lib/32:/opt/ros/humble/opt/rviz_ogre_vendor/lib:/opt/ros/humble/lib/x86_64-linux-gnu:/opt/ros/humble/lib:/opt/MVS/lib/64:/opt/MVS/lib/32:/opt/MVS/lib/64:/opt/MVS/lib/32:/opt/MVS/lib/64:/opt/MVS/lib/32 /usr/bin/cmake --install /home/ckl/RM/Combat_vision2026/build/rm_serial_driver
[0.796s] Level 1:colcon.colcon_core.environment:checking '/home/ckl/RM/Combat_vision2026/install/rm_serial_driver' for CMake config files
[0.796s] Level 1:colcon.colcon_core.shell:create_environment_hook('rm_serial_driver', 'cmake_prefix_path')
[0.796s] INFO:colcon.colcon_core.shell:Creating environment hook '/home/ckl/RM/Combat_vision2026/install/rm_serial_driver/share/rm_serial_driver/hook/cmake_prefix_path.ps1'
[0.797s] INFO:colcon.colcon_core.shell:Creating environment descriptor '/home/ckl/RM/Combat_vision2026/install/rm_serial_driver/share/rm_serial_driver/hook/cmake_prefix_path.dsv'
[0.797s] INFO:colcon.colcon_core.shell:Creating environment hook '/home/ckl/RM/Combat_vision2026/install/rm_serial_driver/share/rm_serial_driver/hook/cmake_prefix_path.sh'
[0.797s] Level 1:colcon.colcon_core.environment:checking '/home/ckl/RM/Combat_vision2026/install/rm_serial_driver/lib'
[0.797s] Level 1:colcon.colcon_core.shell:create_environment_hook('rm_serial_driver', 'ld_library_path_lib')
[0.798s] INFO:colcon.colcon_core.shell:Creating environment hook '/home/ckl/RM/Combat_vision2026/install/rm_serial_driver/share/rm_serial_driver/hook/ld_library_path_lib.ps1'
[0.798s] INFO:colcon.colcon_core.shell:Creating environment descriptor '/home/ckl/RM/Combat_vision2026/install/rm_serial_driver/share/rm_serial_driver/hook/ld_library_path_lib.dsv'
[0.799s] INFO:colcon.colcon_core.shell:Creating environment hook '/home/ckl/RM/Combat_vision2026/install/rm_serial_driver/share/rm_serial_driver/hook/ld_library_path_lib.sh'
[0.799s] Level 1:colcon.colcon_core.environment:checking '/home/ckl/RM/Combat_vision2026/install/rm_serial_driver/bin'
[0.799s] Level 1:colcon.colcon_core.environment:checking '/home/ckl/RM/Combat_vision2026/install/rm_serial_driver/lib/pkgconfig/rm_serial_driver.pc'
[0.799s] Level 1:colcon.colcon_core.environment:checking '/home/ckl/RM/Combat_vision2026/install/rm_serial_driver/lib/python3.10/site-packages'
[0.799s] Level 1:colcon.colcon_core.environment:checking '/home/ckl/RM/Combat_vision2026/install/rm_serial_driver/bin'
[0.800s] INFO:colcon.colcon_core.shell:Creating package script '/home/ckl/RM/Combat_vision2026/install/rm_serial_driver/share/rm_serial_driver/package.ps1'
[0.800s] INFO:colcon.colcon_core.shell:Creating package descriptor '/home/ckl/RM/Combat_vision2026/install/rm_serial_driver/share/rm_serial_driver/package.dsv'
[0.801s] INFO:colcon.colcon_core.shell:Creating package script '/home/ckl/RM/Combat_vision2026/install/rm_serial_driver/share/rm_serial_driver/package.sh'
[0.801s] INFO:colcon.colcon_core.shell:Creating package script '/home/ckl/RM/Combat_vision2026/install/rm_serial_driver/share/rm_serial_driver/package.bash'
[0.801s] INFO:colcon.colcon_core.shell:Creating package script '/home/ckl/RM/Combat_vision2026/install/rm_serial_driver/share/rm_serial_driver/package.zsh'
[0.802s] Level 1:colcon.colcon_core.environment:create_file_with_runtime_dependencies(/home/ckl/RM/Combat_vision2026/install/rm_serial_driver/share/colcon-core/packages/rm_serial_driver)
[0.802s] Level 1:colcon.colcon_core.environment:create_environment_scripts_only(rm_serial_driver)
[0.803s] Level 1:colcon.colcon_core.environment:checking '/home/ckl/RM/Combat_vision2026/install/rm_serial_driver' for CMake module files
[0.803s] Level 1:colcon.colcon_core.environment:checking '/home/ckl/RM/Combat_vision2026/install/rm_serial_driver' for CMake config files
[0.804s] Level 1:colcon.colcon_core.shell:create_environment_hook('rm_serial_driver', 'cmake_prefix_path')
[0.804s] INFO:colcon.colcon_core.shell:Creating environment hook '/home/ckl/RM/Combat_vision2026/install/rm_serial_driver/share/rm_serial_driver/hook/cmake_prefix_path.ps1'
[0.804s] INFO:colcon.colcon_core.shell:Creating environment descriptor '/home/ckl/RM/Combat_vision2026/install/rm_serial_driver/share/rm_serial_driver/hook/cmake_prefix_path.dsv'
[0.805s] INFO:colcon.colcon_core.shell:Creating environment hook '/home/ckl/RM/Combat_vision2026/install/rm_serial_driver/share/rm_serial_driver/hook/cmake_prefix_path.sh'
[0.805s] Level 1:colcon.colcon_core.environment:checking '/home/ckl/RM/Combat_vision2026/install/rm_serial_driver/lib'
[0.805s] Level 1:colcon.colcon_core.shell:create_environment_hook('rm_serial_driver', 'ld_library_path_lib')
[0.806s] INFO:colcon.colcon_core.shell:Creating environment hook '/home/ckl/RM/Combat_vision2026/install/rm_serial_driver/share/rm_serial_driver/hook/ld_library_path_lib.ps1'
[0.806s] INFO:colcon.colcon_core.shell:Creating environment descriptor '/home/ckl/RM/Combat_vision2026/install/rm_serial_driver/share/rm_serial_driver/hook/ld_library_path_lib.dsv'
[0.806s] INFO:colcon.colcon_core.shell:Creating environment hook '/home/ckl/RM/Combat_vision2026/install/rm_serial_driver/share/rm_serial_driver/hook/ld_library_path_lib.sh'
[0.807s] Level 1:colcon.colcon_core.environment:checking '/home/ckl/RM/Combat_vision2026/install/rm_serial_driver/bin'
[0.807s] Level 1:colcon.colcon_core.environment:checking '/home/ckl/RM/Combat_vision2026/install/rm_serial_driver/lib/pkgconfig/rm_serial_driver.pc'
[0.807s] Level 1:colcon.colcon_core.environment:checking '/home/ckl/RM/Combat_vision2026/install/rm_serial_driver/lib/python3.10/site-packages'
[0.807s] Level 1:colcon.colcon_core.environment:checking '/home/ckl/RM/Combat_vision2026/install/rm_serial_driver/bin'
[0.807s] INFO:colcon.colcon_core.shell:Creating package script '/home/ckl/RM/Combat_vision2026/install/rm_serial_driver/share/rm_serial_driver/package.ps1'
[0.808s] INFO:colcon.colcon_core.shell:Creating package descriptor '/home/ckl/RM/Combat_vision2026/install/rm_serial_driver/share/rm_serial_driver/package.dsv'
[0.808s] INFO:colcon.colcon_core.shell:Creating package script '/home/ckl/RM/Combat_vision2026/install/rm_serial_driver/share/rm_serial_driver/package.sh'
[0.808s] INFO:colcon.colcon_core.shell:Creating package script '/home/ckl/RM/Combat_vision2026/install/rm_serial_driver/share/rm_serial_driver/package.bash'
[0.809s] INFO:colcon.colcon_core.shell:Creating package script '/home/ckl/RM/Combat_vision2026/install/rm_serial_driver/share/rm_serial_driver/package.zsh'
[0.809s] Level 1:colcon.colcon_core.environment:create_file_with_runtime_dependencies(/home/ckl/RM/Combat_vision2026/install/rm_serial_driver/share/colcon-core/packages/rm_serial_driver)
[23.425s] DEBUG:colcon.colcon_core.event_handler.log_command:Invoked command in '/home/ckl/RM/Combat_vision2026/build/armor_detector' returned '0': CMAKE_PREFIX_PATH=/home/ckl/RM/Combat_vision2026/install/rm_utils:/home/ckl/RM/Combat_vision2026/install/rm_interfaces:/home/ckl/RM/Combat_vision2026/install/rm_bringup:/home/ckl/RM/Combat_vision2026/install/rm_serial_driver:/home/ckl/RM/Combat_vision2026/install/rm_auto_aim:/home/ckl/RM/Combat_vision2026/install/armor_solver:/home/ckl/RM/Combat_vision2026/install/armor_detector:/home/ckl/RM/Combat_vision2026/install/rm_robot_description:/home/ckl/RM/Combat_vision2026/install/hik_camera:/opt/ros/humble LD_LIBRARY_PATH=/home/ckl/RM/Combat_vision2026/install/rm_utils/lib:/home/ckl/RM/Combat_vision2026/install/rm_interfaces/lib:/home/ckl/RM/Combat_vision2026/install/rm_serial_driver/lib:/home/ckl/RM/Combat_vision2026/install/armor_solver/lib:/home/ckl/RM/Combat_vision2026/install/armor_detector/lib:/home/ckl/RM/Combat_vision2026/install/hik_camera/lib:/opt/MVS/lib/64:/opt/MVS/lib/32:/opt/MVS/lib/64:/opt/MVS/lib/32:/opt/MVS/lib/64:/opt/MVS/lib/32:/opt/ros/humble/opt/rviz_ogre_vendor/lib:/opt/ros/humble/lib/x86_64-linux-gnu:/opt/ros/humble/lib:/opt/MVS/lib/64:/opt/MVS/lib/32:/opt/MVS/lib/64:/opt/MVS/lib/32:/opt/MVS/lib/64:/opt/MVS/lib/32 /usr/bin/cmake --build /home/ckl/RM/Combat_vision2026/build/armor_detector -- -j16 -l16
[23.428s] DEBUG:colcon.colcon_core.event_handler.log_command:Invoking command in '/home/ckl/RM/Combat_vision2026/build/armor_detector': CMAKE_PREFIX_PATH=/home/ckl/RM/Combat_vision2026/install/rm_utils:/home/ckl/RM/Combat_vision2026/install/rm_interfaces:/home/ckl/RM/Combat_vision2026/install/rm_bringup:/home/ckl/RM/Combat_vision2026/install/rm_serial_driver:/home/ckl/RM/Combat_vision2026/install/rm_auto_aim:/home/ckl/RM/Combat_vision2026/install/armor_solver:/home/ckl/RM/Combat_vision2026/install/armor_detector:/home/ckl/RM/Combat_vision2026/install/rm_robot_description:/home/ckl/RM/Combat_vision2026/install/hik_camera:/opt/ros/humble LD_LIBRARY_PATH=/home/ckl/RM/Combat_vision2026/install/rm_utils/lib:/home/ckl/RM/Combat_vision2026/install/rm_interfaces/lib:/home/ckl/RM/Combat_vision2026/install/rm_serial_driver/lib:/home/ckl/RM/Combat_vision2026/install/armor_solver/lib:/home/ckl/RM/Combat_vision2026/install/armor_detector/lib:/home/ckl/RM/Combat_vision2026/install/hik_camera/lib:/opt/MVS/lib/64:/opt/MVS/lib/32:/opt/MVS/lib/64:/opt/MVS/lib/32:/opt/MVS/lib/64:/opt/MVS/lib/32:/opt/ros/humble/opt/rviz_ogre_vendor/lib:/opt/ros/humble/lib/x86_64-linux-gnu:/opt/ros/humble/lib:/opt/MVS/lib/64:/opt/MVS/lib/32:/opt/MVS/lib/64:/opt/MVS/lib/32:/opt/MVS/lib/64:/opt/MVS/lib/32 /usr/bin/cmake --install /home/ckl/RM/Combat_vision2026/build/armor_detector
[23.441s] Level 1:colcon.colcon_core.environment:create_environment_scripts_only(armor_detector)
[23.441s] Level 1:colcon.colcon_core.environment:checking '/home/ckl/RM/Combat_vision2026/install/armor_detector' for CMake module files
[23.442s] DEBUG:colcon.colcon_core.event_handler.log_command:Invoked command in '/home/ckl/RM/Combat_vision2026/build/armor_detector' returned '0': CMAKE_PREFIX_PATH=/home/ckl/RM/Combat_vision2026/install/rm_utils:/home/ckl/RM/Combat_vision2026/install/rm_interfaces:/home/ckl/RM/Combat_vision2026/install/rm_bringup:/home/ckl/RM/Combat_vision2026/install/rm_serial_driver:/home/ckl/RM/Combat_vision2026/install/rm_auto_aim:/home/ckl/RM/Combat_vision2026/install/armor_solver:/home/ckl/RM/Combat_vision2026/install/armor_detector:/home/ckl/RM/Combat_vision2026/install/rm_robot_description:/home/ckl/RM/Combat_vision2026/install/hik_camera:/opt/ros/humble LD_LIBRARY_PATH=/home/ckl/RM/Combat_vision2026/install/rm_utils/lib:/home/ckl/RM/Combat_vision2026/install/rm_interfaces/lib:/home/ckl/RM/Combat_vision2026/install/rm_serial_driver/lib:/home/ckl/RM/Combat_vision2026/install/armor_solver/lib:/home/ckl/RM/Combat_vision2026/install/armor_detector/lib:/home/ckl/RM/Combat_vision2026/install/hik_camera/lib:/opt/MVS/lib/64:/opt/MVS/lib/32:/opt/MVS/lib/64:/opt/MVS/lib/32:/opt/MVS/lib/64:/opt/MVS/lib/32:/opt/ros/humble/opt/rviz_ogre_vendor/lib:/opt/ros/humble/lib/x86_64-linux-gnu:/opt/ros/humble/lib:/opt/MVS/lib/64:/opt/MVS/lib/32:/opt/MVS/lib/64:/opt/MVS/lib/32:/opt/MVS/lib/64:/opt/MVS/lib/32 /usr/bin/cmake --install /home/ckl/RM/Combat_vision2026/build/armor_detector
[23.442s] Level 1:colcon.colcon_core.environment:checking '/home/ckl/RM/Combat_vision2026/install/armor_detector' for CMake config files
[23.442s] Level 1:colcon.colcon_core.shell:create_environment_hook('armor_detector', 'cmake_prefix_path')
[23.443s] INFO:colcon.colcon_core.shell:Creating environment hook '/home/ckl/RM/Combat_vision2026/install/armor_detector/share/armor_detector/hook/cmake_prefix_path.ps1'
[23.443s] INFO:colcon.colcon_core.shell:Creating environment descriptor '/home/ckl/RM/Combat_vision2026/install/armor_detector/share/armor_detector/hook/cmake_prefix_path.dsv'
[23.443s] INFO:colcon.colcon_core.shell:Creating environment hook '/home/ckl/RM/Combat_vision2026/install/armor_detector/share/armor_detector/hook/cmake_prefix_path.sh'
[23.444s] Level 1:colcon.colcon_core.environment:checking '/home/ckl/RM/Combat_vision2026/install/armor_detector/lib'
[23.444s] Level 1:colcon.colcon_core.shell:create_environment_hook('armor_detector', 'ld_library_path_lib')
[23.444s] INFO:colcon.colcon_core.shell:Creating environment hook '/home/ckl/RM/Combat_vision2026/install/armor_detector/share/armor_detector/hook/ld_library_path_lib.ps1'
[23.444s] INFO:colcon.colcon_core.shell:Creating environment descriptor '/home/ckl/RM/Combat_vision2026/install/armor_detector/share/armor_detector/hook/ld_library_path_lib.dsv'
[23.444s] INFO:colcon.colcon_core.shell:Creating environment hook '/home/ckl/RM/Combat_vision2026/install/armor_detector/share/armor_detector/hook/ld_library_path_lib.sh'
[23.445s] Level 1:colcon.colcon_core.environment:checking '/home/ckl/RM/Combat_vision2026/install/armor_detector/bin'
[23.445s] Level 1:colcon.colcon_core.environment:checking '/home/ckl/RM/Combat_vision2026/install/armor_detector/lib/pkgconfig/armor_detector.pc'
[23.445s] Level 1:colcon.colcon_core.environment:checking '/home/ckl/RM/Combat_vision2026/install/armor_detector/lib/python3.10/site-packages'
[23.445s] Level 1:colcon.colcon_core.environment:checking '/home/ckl/RM/Combat_vision2026/install/armor_detector/bin'
[23.445s] INFO:colcon.colcon_core.shell:Creating package script '/home/ckl/RM/Combat_vision2026/install/armor_detector/share/armor_detector/package.ps1'
[23.445s] INFO:colcon.colcon_core.shell:Creating package descriptor '/home/ckl/RM/Combat_vision2026/install/armor_detector/share/armor_detector/package.dsv'
[23.446s] INFO:colcon.colcon_core.shell:Creating package script '/home/ckl/RM/Combat_vision2026/install/armor_detector/share/armor_detector/package.sh'
[23.446s] INFO:colcon.colcon_core.shell:Creating package script '/home/ckl/RM/Combat_vision2026/install/armor_detector/share/armor_detector/package.bash'
[23.446s] INFO:colcon.colcon_core.shell:Creating package script '/home/ckl/RM/Combat_vision2026/install/armor_detector/share/armor_detector/package.zsh'
[23.447s] Level 1:colcon.colcon_core.environment:create_file_with_runtime_dependencies(/home/ckl/RM/Combat_vision2026/install/armor_detector/share/colcon-core/packages/armor_detector)
[23.447s] Level 1:colcon.colcon_core.environment:create_environment_scripts_only(armor_detector)
[23.447s] Level 1:colcon.colcon_core.environment:checking '/home/ckl/RM/Combat_vision2026/install/armor_detector' for CMake module files
[23.447s] Level 1:colcon.colcon_core.environment:checking '/home/ckl/RM/Combat_vision2026/install/armor_detector' for CMake config files
[23.448s] Level 1:colcon.colcon_core.shell:create_environment_hook('armor_detector', 'cmake_prefix_path')
[23.448s] INFO:colcon.colcon_core.shell:Creating environment hook '/home/ckl/RM/Combat_vision2026/install/armor_detector/share/armor_detector/hook/cmake_prefix_path.ps1'
[23.448s] INFO:colcon.colcon_core.shell:Creating environment descriptor '/home/ckl/RM/Combat_vision2026/install/armor_detector/share/armor_detector/hook/cmake_prefix_path.dsv'
[23.448s] INFO:colcon.colcon_core.shell:Creating environment hook '/home/ckl/RM/Combat_vision2026/install/armor_detector/share/armor_detector/hook/cmake_prefix_path.sh'
[23.449s] Level 1:colcon.colcon_core.environment:checking '/home/ckl/RM/Combat_vision2026/install/armor_detector/lib'
[23.449s] Level 1:colcon.colcon_core.shell:create_environment_hook('armor_detector', 'ld_library_path_lib')
[23.449s] INFO:colcon.colcon_core.shell:Creating environment hook '/home/ckl/RM/Combat_vision2026/install/armor_detector/share/armor_detector/hook/ld_library_path_lib.ps1'
[23.449s] INFO:colcon.colcon_core.shell:Creating environment descriptor '/home/ckl/RM/Combat_vision2026/install/armor_detector/share/armor_detector/hook/ld_library_path_lib.dsv'
[23.449s] INFO:colcon.colcon_core.shell:Creating environment hook '/home/ckl/RM/Combat_vision2026/install/armor_detector/share/armor_detector/hook/ld_library_path_lib.sh'
[23.450s] Level 1:colcon.colcon_core.environment:checking '/home/ckl/RM/Combat_vision2026/install/armor_detector/bin'
[23.450s] Level 1:colcon.colcon_core.environment:checking '/home/ckl/RM/Combat_vision2026/install/armor_detector/lib/pkgconfig/armor_detector.pc'
[23.450s] Level 1:colcon.colcon_core.environment:checking '/home/ckl/RM/Combat_vision2026/install/armor_detector/lib/python3.10/site-packages'
[23.450s] Level 1:colcon.colcon_core.environment:checking '/home/ckl/RM/Combat_vision2026/install/armor_detector/bin'
[23.450s] INFO:colcon.colcon_core.shell:Creating package script '/home/ckl/RM/Combat_vision2026/install/armor_detector/share/armor_detector/package.ps1'
[23.451s] INFO:colcon.colcon_core.shell:Creating package descriptor '/home/ckl/RM/Combat_vision2026/install/armor_detector/share/armor_detector/package.dsv'
[23.451s] INFO:colcon.colcon_core.shell:Creating package script '/home/ckl/RM/Combat_vision2026/install/armor_detector/share/armor_detector/package.sh'
[23.451s] INFO:colcon.colcon_core.shell:Creating package script '/home/ckl/RM/Combat_vision2026/install/armor_detector/share/armor_detector/package.bash'
[23.452s] INFO:colcon.colcon_core.shell:Creating package script '/home/ckl/RM/Combat_vision2026/install/armor_detector/share/armor_detector/package.zsh'
[23.452s] Level 1:colcon.colcon_core.environment:create_file_with_runtime_dependencies(/home/ckl/RM/Combat_vision2026/install/armor_detector/share/colcon-core/packages/armor_detector)
[23.452s] INFO:colcon.colcon_ros.task.ament_cmake.build:Building ROS package in '/home/ckl/RM/Combat_vision2026/src/rm_auto_aim/rm_auto_aim' with build type 'ament_cmake'
[23.452s] INFO:colcon.colcon_cmake.task.cmake.build:Building CMake package in '/home/ckl/RM/Combat_vision2026/src/rm_auto_aim/rm_auto_aim'
[23.452s] INFO:colcon.colcon_core.shell:Skip shell extension 'powershell' for command environment: Not usable outside of PowerShell
[23.452s] DEBUG:colcon.colcon_core.shell:Skip shell extension 'dsv' for command environment
[23.476s] DEBUG:colcon.colcon_core.event_handler.log_command:Invoking command in '/home/ckl/RM/Combat_vision2026/build/rm_auto_aim': CMAKE_PREFIX_PATH=/home/ckl/RM/Combat_vision2026/install/armor_solver:/home/ckl/RM/Combat_vision2026/install/armor_detector:/home/ckl/RM/Combat_vision2026/install/rm_utils:/home/ckl/RM/Combat_vision2026/install/rm_interfaces:/home/ckl/RM/Combat_vision2026/install/rm_bringup:/home/ckl/RM/Combat_vision2026/install/rm_serial_driver:/home/ckl/RM/Combat_vision2026/install/rm_auto_aim:/home/ckl/RM/Combat_vision2026/install/rm_robot_description:/home/ckl/RM/Combat_vision2026/install/hik_camera:/opt/ros/humble LD_LIBRARY_PATH=/home/ckl/RM/Combat_vision2026/install/armor_solver/lib:/home/ckl/RM/Combat_vision2026/install/armor_detector/lib:/home/ckl/RM/Combat_vision2026/install/rm_utils/lib:/home/ckl/RM/Combat_vision2026/install/rm_interfaces/lib:/home/ckl/RM/Combat_vision2026/install/rm_serial_driver/lib:/home/ckl/RM/Combat_vision2026/install/hik_camera/lib:/opt/MVS/lib/64:/opt/MVS/lib/32:/opt/MVS/lib/64:/opt/MVS/lib/32:/opt/MVS/lib/64:/opt/MVS/lib/32:/opt/ros/humble/opt/rviz_ogre_vendor/lib:/opt/ros/humble/lib/x86_64-linux-gnu:/opt/ros/humble/lib:/opt/MVS/lib/64:/opt/MVS/lib/32:/opt/MVS/lib/64:/opt/MVS/lib/32:/opt/MVS/lib/64:/opt/MVS/lib/32 /usr/bin/cmake --build /home/ckl/RM/Combat_vision2026/build/rm_auto_aim -- -j16 -l16
[23.498s] DEBUG:colcon.colcon_core.event_handler.log_command:Invoked command in '/home/ckl/RM/Combat_vision2026/build/rm_auto_aim' returned '0': CMAKE_PREFIX_PATH=/home/ckl/RM/Combat_vision2026/install/armor_solver:/home/ckl/RM/Combat_vision2026/install/armor_detector:/home/ckl/RM/Combat_vision2026/install/rm_utils:/home/ckl/RM/Combat_vision2026/install/rm_interfaces:/home/ckl/RM/Combat_vision2026/install/rm_bringup:/home/ckl/RM/Combat_vision2026/install/rm_serial_driver:/home/ckl/RM/Combat_vision2026/install/rm_auto_aim:/home/ckl/RM/Combat_vision2026/install/rm_robot_description:/home/ckl/RM/Combat_vision2026/install/hik_camera:/opt/ros/humble LD_LIBRARY_PATH=/home/ckl/RM/Combat_vision2026/install/armor_solver/lib:/home/ckl/RM/Combat_vision2026/install/armor_detector/lib:/home/ckl/RM/Combat_vision2026/install/rm_utils/lib:/home/ckl/RM/Combat_vision2026/install/rm_interfaces/lib:/home/ckl/RM/Combat_vision2026/install/rm_serial_driver/lib:/home/ckl/RM/Combat_vision2026/install/hik_camera/lib:/opt/MVS/lib/64:/opt/MVS/lib/32:/opt/MVS/lib/64:/opt/MVS/lib/32:/opt/MVS/lib/64:/opt/MVS/lib/32:/opt/ros/humble/opt/rviz_ogre_vendor/lib:/opt/ros/humble/lib/x86_64-linux-gnu:/opt/ros/humble/lib:/opt/MVS/lib/64:/opt/MVS/lib/32:/opt/MVS/lib/64:/opt/MVS/lib/32:/opt/MVS/lib/64:/opt/MVS/lib/32 /usr/bin/cmake --build /home/ckl/RM/Combat_vision2026/build/rm_auto_aim -- -j16 -l16
[23.500s] DEBUG:colcon.colcon_core.event_handler.log_command:Invoking command in '/home/ckl/RM/Combat_vision2026/build/rm_auto_aim': CMAKE_PREFIX_PATH=/home/ckl/RM/Combat_vision2026/install/armor_solver:/home/ckl/RM/Combat_vision2026/install/armor_detector:/home/ckl/RM/Combat_vision2026/install/rm_utils:/home/ckl/RM/Combat_vision2026/install/rm_interfaces:/home/ckl/RM/Combat_vision2026/install/rm_bringup:/home/ckl/RM/Combat_vision2026/install/rm_serial_driver:/home/ckl/RM/Combat_vision2026/install/rm_auto_aim:/home/ckl/RM/Combat_vision2026/install/rm_robot_description:/home/ckl/RM/Combat_vision2026/install/hik_camera:/opt/ros/humble LD_LIBRARY_PATH=/home/ckl/RM/Combat_vision2026/install/armor_solver/lib:/home/ckl/RM/Combat_vision2026/install/armor_detector/lib:/home/ckl/RM/Combat_vision2026/install/rm_utils/lib:/home/ckl/RM/Combat_vision2026/install/rm_interfaces/lib:/home/ckl/RM/Combat_vision2026/install/rm_serial_driver/lib:/home/ckl/RM/Combat_vision2026/install/hik_camera/lib:/opt/MVS/lib/64:/opt/MVS/lib/32:/opt/MVS/lib/64:/opt/MVS/lib/32:/opt/MVS/lib/64:/opt/MVS/lib/32:/opt/ros/humble/opt/rviz_ogre_vendor/lib:/opt/ros/humble/lib/x86_64-linux-gnu:/opt/ros/humble/lib:/opt/MVS/lib/64:/opt/MVS/lib/32:/opt/MVS/lib/64:/opt/MVS/lib/32:/opt/MVS/lib/64:/opt/MVS/lib/32 /usr/bin/cmake --install /home/ckl/RM/Combat_vision2026/build/rm_auto_aim
[23.505s] Level 1:colcon.colcon_core.environment:create_environment_scripts_only(rm_auto_aim)
[23.505s] Level 1:colcon.colcon_core.environment:checking '/home/ckl/RM/Combat_vision2026/install/rm_auto_aim' for CMake module files
[23.506s] DEBUG:colcon.colcon_core.event_handler.log_command:Invoked command in '/home/ckl/RM/Combat_vision2026/build/rm_auto_aim' returned '0': CMAKE_PREFIX_PATH=/home/ckl/RM/Combat_vision2026/install/armor_solver:/home/ckl/RM/Combat_vision2026/install/armor_detector:/home/ckl/RM/Combat_vision2026/install/rm_utils:/home/ckl/RM/Combat_vision2026/install/rm_interfaces:/home/ckl/RM/Combat_vision2026/install/rm_bringup:/home/ckl/RM/Combat_vision2026/install/rm_serial_driver:/home/ckl/RM/Combat_vision2026/install/rm_auto_aim:/home/ckl/RM/Combat_vision2026/install/rm_robot_description:/home/ckl/RM/Combat_vision2026/install/hik_camera:/opt/ros/humble LD_LIBRARY_PATH=/home/ckl/RM/Combat_vision2026/install/armor_solver/lib:/home/ckl/RM/Combat_vision2026/install/armor_detector/lib:/home/ckl/RM/Combat_vision2026/install/rm_utils/lib:/home/ckl/RM/Combat_vision2026/install/rm_interfaces/lib:/home/ckl/RM/Combat_vision2026/install/rm_serial_driver/lib:/home/ckl/RM/Combat_vision2026/install/hik_camera/lib:/opt/MVS/lib/64:/opt/MVS/lib/32:/opt/MVS/lib/64:/opt/MVS/lib/32:/opt/MVS/lib/64:/opt/MVS/lib/32:/opt/ros/humble/opt/rviz_ogre_vendor/lib:/opt/ros/humble/lib/x86_64-linux-gnu:/opt/ros/humble/lib:/opt/MVS/lib/64:/opt/MVS/lib/32:/opt/MVS/lib/64:/opt/MVS/lib/32:/opt/MVS/lib/64:/opt/MVS/lib/32 /usr/bin/cmake --install /home/ckl/RM/Combat_vision2026/build/rm_auto_aim
[23.506s] Level 1:colcon.colcon_core.environment:checking '/home/ckl/RM/Combat_vision2026/install/rm_auto_aim' for CMake config files
[23.506s] Level 1:colcon.colcon_core.shell:create_environment_hook('rm_auto_aim', 'cmake_prefix_path')
[23.506s] INFO:colcon.colcon_core.shell:Creating environment hook '/home/ckl/RM/Combat_vision2026/install/rm_auto_aim/share/rm_auto_aim/hook/cmake_prefix_path.ps1'
[23.507s] INFO:colcon.colcon_core.shell:Creating environment descriptor '/home/ckl/RM/Combat_vision2026/install/rm_auto_aim/share/rm_auto_aim/hook/cmake_prefix_path.dsv'
[23.507s] INFO:colcon.colcon_core.shell:Creating environment hook '/home/ckl/RM/Combat_vision2026/install/rm_auto_aim/share/rm_auto_aim/hook/cmake_prefix_path.sh'
[23.507s] Level 1:colcon.colcon_core.environment:checking '/home/ckl/RM/Combat_vision2026/install/rm_auto_aim/bin'
[23.507s] Level 1:colcon.colcon_core.environment:checking '/home/ckl/RM/Combat_vision2026/install/rm_auto_aim/lib/pkgconfig/rm_auto_aim.pc'
[23.508s] Level 1:colcon.colcon_core.environment:checking '/home/ckl/RM/Combat_vision2026/install/rm_auto_aim/lib/python3.10/site-packages'
[23.508s] Level 1:colcon.colcon_core.environment:checking '/home/ckl/RM/Combat_vision2026/install/rm_auto_aim/bin'
[23.508s] INFO:colcon.colcon_core.shell:Creating package script '/home/ckl/RM/Combat_vision2026/install/rm_auto_aim/share/rm_auto_aim/package.ps1'
[23.508s] INFO:colcon.colcon_core.shell:Creating package descriptor '/home/ckl/RM/Combat_vision2026/install/rm_auto_aim/share/rm_auto_aim/package.dsv'
[23.509s] INFO:colcon.colcon_core.shell:Creating package script '/home/ckl/RM/Combat_vision2026/install/rm_auto_aim/share/rm_auto_aim/package.sh'
[23.509s] INFO:colcon.colcon_core.shell:Creating package script '/home/ckl/RM/Combat_vision2026/install/rm_auto_aim/share/rm_auto_aim/package.bash'
[23.509s] INFO:colcon.colcon_core.shell:Creating package script '/home/ckl/RM/Combat_vision2026/install/rm_auto_aim/share/rm_auto_aim/package.zsh'
[23.509s] Level 1:colcon.colcon_core.environment:create_file_with_runtime_dependencies(/home/ckl/RM/Combat_vision2026/install/rm_auto_aim/share/colcon-core/packages/rm_auto_aim)
[23.510s] Level 1:colcon.colcon_core.environment:create_environment_scripts_only(rm_auto_aim)
[23.510s] Level 1:colcon.colcon_core.environment:checking '/home/ckl/RM/Combat_vision2026/install/rm_auto_aim' for CMake module files
[23.510s] Level 1:colcon.colcon_core.environment:checking '/home/ckl/RM/Combat_vision2026/install/rm_auto_aim' for CMake config files
[23.510s] Level 1:colcon.colcon_core.shell:create_environment_hook('rm_auto_aim', 'cmake_prefix_path')
[23.510s] INFO:colcon.colcon_core.shell:Creating environment hook '/home/ckl/RM/Combat_vision2026/install/rm_auto_aim/share/rm_auto_aim/hook/cmake_prefix_path.ps1'
[23.511s] INFO:colcon.colcon_core.shell:Creating environment descriptor '/home/ckl/RM/Combat_vision2026/install/rm_auto_aim/share/rm_auto_aim/hook/cmake_prefix_path.dsv'
[23.511s] INFO:colcon.colcon_core.shell:Creating environment hook '/home/ckl/RM/Combat_vision2026/install/rm_auto_aim/share/rm_auto_aim/hook/cmake_prefix_path.sh'
[23.511s] Level 1:colcon.colcon_core.environment:checking '/home/ckl/RM/Combat_vision2026/install/rm_auto_aim/bin'
[23.511s] Level 1:colcon.colcon_core.environment:checking '/home/ckl/RM/Combat_vision2026/install/rm_auto_aim/lib/pkgconfig/rm_auto_aim.pc'
[23.511s] Level 1:colcon.colcon_core.environment:checking '/home/ckl/RM/Combat_vision2026/install/rm_auto_aim/lib/python3.10/site-packages'
[23.512s] Level 1:colcon.colcon_core.environment:checking '/home/ckl/RM/Combat_vision2026/install/rm_auto_aim/bin'
[23.512s] INFO:colcon.colcon_core.shell:Creating package script '/home/ckl/RM/Combat_vision2026/install/rm_auto_aim/share/rm_auto_aim/package.ps1'
[23.512s] INFO:colcon.colcon_core.shell:Creating package descriptor '/home/ckl/RM/Combat_vision2026/install/rm_auto_aim/share/rm_auto_aim/package.dsv'
[23.512s] INFO:colcon.colcon_core.shell:Creating package script '/home/ckl/RM/Combat_vision2026/install/rm_auto_aim/share/rm_auto_aim/package.sh'
[23.513s] INFO:colcon.colcon_core.shell:Creating package script '/home/ckl/RM/Combat_vision2026/install/rm_auto_aim/share/rm_auto_aim/package.bash'
[23.513s] INFO:colcon.colcon_core.shell:Creating package script '/home/ckl/RM/Combat_vision2026/install/rm_auto_aim/share/rm_auto_aim/package.zsh'
[23.513s] Level 1:colcon.colcon_core.environment:create_file_with_runtime_dependencies(/home/ckl/RM/Combat_vision2026/install/rm_auto_aim/share/colcon-core/packages/rm_auto_aim)
[23.513s] INFO:colcon.colcon_ros.task.ament_cmake.build:Building ROS package in '/home/ckl/RM/Combat_vision2026/src/rm_bringup' with build type 'ament_cmake'
[23.514s] INFO:colcon.colcon_cmake.task.cmake.build:Building CMake package in '/home/ckl/RM/Combat_vision2026/src/rm_bringup'
[23.514s] INFO:colcon.colcon_core.shell:Skip shell extension 'powershell' for command environment: Not usable outside of PowerShell
[23.514s] DEBUG:colcon.colcon_core.shell:Skip shell extension 'dsv' for command environment
[23.540s] DEBUG:colcon.colcon_core.event_handler.log_command:Invoking command in '/home/ckl/RM/Combat_vision2026/build/rm_bringup': CMAKE_PREFIX_PATH=/home/ckl/RM/Combat_vision2026/install/rm_auto_aim:/home/ckl/RM/Combat_vision2026/install/rm_serial_driver:/home/ckl/RM/Combat_vision2026/install/armor_solver:/home/ckl/RM/Combat_vision2026/install/armor_detector:/home/ckl/RM/Combat_vision2026/install/rm_utils:/home/ckl/RM/Combat_vision2026/install/rm_interfaces:/home/ckl/RM/Combat_vision2026/install/rm_bringup:/home/ckl/RM/Combat_vision2026/install/rm_robot_description:/home/ckl/RM/Combat_vision2026/install/hik_camera:/opt/ros/humble LD_LIBRARY_PATH=/home/ckl/RM/Combat_vision2026/install/rm_serial_driver/lib:/home/ckl/RM/Combat_vision2026/install/armor_solver/lib:/home/ckl/RM/Combat_vision2026/install/armor_detector/lib:/home/ckl/RM/Combat_vision2026/install/rm_utils/lib:/home/ckl/RM/Combat_vision2026/install/rm_interfaces/lib:/home/ckl/RM/Combat_vision2026/install/hik_camera/lib:/opt/MVS/lib/64:/opt/MVS/lib/32:/opt/MVS/lib/64:/opt/MVS/lib/32:/opt/MVS/lib/64:/opt/MVS/lib/32:/opt/ros/humble/opt/rviz_ogre_vendor/lib:/opt/ros/humble/lib/x86_64-linux-gnu:/opt/ros/humble/lib:/opt/MVS/lib/64:/opt/MVS/lib/32:/opt/MVS/lib/64:/opt/MVS/lib/32:/opt/MVS/lib/64:/opt/MVS/lib/32 /usr/bin/cmake --build /home/ckl/RM/Combat_vision2026/build/rm_bringup -- -j16 -l16
[23.564s] DEBUG:colcon.colcon_core.event_handler.log_command:Invoked command in '/home/ckl/RM/Combat_vision2026/build/rm_bringup' returned '0': CMAKE_PREFIX_PATH=/home/ckl/RM/Combat_vision2026/install/rm_auto_aim:/home/ckl/RM/Combat_vision2026/install/rm_serial_driver:/home/ckl/RM/Combat_vision2026/install/armor_solver:/home/ckl/RM/Combat_vision2026/install/armor_detector:/home/ckl/RM/Combat_vision2026/install/rm_utils:/home/ckl/RM/Combat_vision2026/install/rm_interfaces:/home/ckl/RM/Combat_vision2026/install/rm_bringup:/home/ckl/RM/Combat_vision2026/install/rm_robot_description:/home/ckl/RM/Combat_vision2026/install/hik_camera:/opt/ros/humble LD_LIBRARY_PATH=/home/ckl/RM/Combat_vision2026/install/rm_serial_driver/lib:/home/ckl/RM/Combat_vision2026/install/armor_solver/lib:/home/ckl/RM/Combat_vision2026/install/armor_detector/lib:/home/ckl/RM/Combat_vision2026/install/rm_utils/lib:/home/ckl/RM/Combat_vision2026/install/rm_interfaces/lib:/home/ckl/RM/Combat_vision2026/install/hik_camera/lib:/opt/MVS/lib/64:/opt/MVS/lib/32:/opt/MVS/lib/64:/opt/MVS/lib/32:/opt/MVS/lib/64:/opt/MVS/lib/32:/opt/ros/humble/opt/rviz_ogre_vendor/lib:/opt/ros/humble/lib/x86_64-linux-gnu:/opt/ros/humble/lib:/opt/MVS/lib/64:/opt/MVS/lib/32:/opt/MVS/lib/64:/opt/MVS/lib/32:/opt/MVS/lib/64:/opt/MVS/lib/32 /usr/bin/cmake --build /home/ckl/RM/Combat_vision2026/build/rm_bringup -- -j16 -l16
[23.565s] DEBUG:colcon.colcon_core.event_handler.log_command:Invoking command in '/home/ckl/RM/Combat_vision2026/build/rm_bringup': CMAKE_PREFIX_PATH=/home/ckl/RM/Combat_vision2026/install/rm_auto_aim:/home/ckl/RM/Combat_vision2026/install/rm_serial_driver:/home/ckl/RM/Combat_vision2026/install/armor_solver:/home/ckl/RM/Combat_vision2026/install/armor_detector:/home/ckl/RM/Combat_vision2026/install/rm_utils:/home/ckl/RM/Combat_vision2026/install/rm_interfaces:/home/ckl/RM/Combat_vision2026/install/rm_bringup:/home/ckl/RM/Combat_vision2026/install/rm_robot_description:/home/ckl/RM/Combat_vision2026/install/hik_camera:/opt/ros/humble LD_LIBRARY_PATH=/home/ckl/RM/Combat_vision2026/install/rm_serial_driver/lib:/home/ckl/RM/Combat_vision2026/install/armor_solver/lib:/home/ckl/RM/Combat_vision2026/install/armor_detector/lib:/home/ckl/RM/Combat_vision2026/install/rm_utils/lib:/home/ckl/RM/Combat_vision2026/install/rm_interfaces/lib:/home/ckl/RM/Combat_vision2026/install/hik_camera/lib:/opt/MVS/lib/64:/opt/MVS/lib/32:/opt/MVS/lib/64:/opt/MVS/lib/32:/opt/MVS/lib/64:/opt/MVS/lib/32:/opt/ros/humble/opt/rviz_ogre_vendor/lib:/opt/ros/humble/lib/x86_64-linux-gnu:/opt/ros/humble/lib:/opt/MVS/lib/64:/opt/MVS/lib/32:/opt/MVS/lib/64:/opt/MVS/lib/32:/opt/MVS/lib/64:/opt/MVS/lib/32 /usr/bin/cmake --install /home/ckl/RM/Combat_vision2026/build/rm_bringup
[23.572s] Level 1:colcon.colcon_core.environment:create_environment_scripts_only(rm_bringup)
[23.572s] Level 1:colcon.colcon_core.environment:checking '/home/ckl/RM/Combat_vision2026/install/rm_bringup' for CMake module files
[23.573s] DEBUG:colcon.colcon_core.event_handler.log_command:Invoked command in '/home/ckl/RM/Combat_vision2026/build/rm_bringup' returned '0': CMAKE_PREFIX_PATH=/home/ckl/RM/Combat_vision2026/install/rm_auto_aim:/home/ckl/RM/Combat_vision2026/install/rm_serial_driver:/home/ckl/RM/Combat_vision2026/install/armor_solver:/home/ckl/RM/Combat_vision2026/install/armor_detector:/home/ckl/RM/Combat_vision2026/install/rm_utils:/home/ckl/RM/Combat_vision2026/install/rm_interfaces:/home/ckl/RM/Combat_vision2026/install/rm_bringup:/home/ckl/RM/Combat_vision2026/install/rm_robot_description:/home/ckl/RM/Combat_vision2026/install/hik_camera:/opt/ros/humble LD_LIBRARY_PATH=/home/ckl/RM/Combat_vision2026/install/rm_serial_driver/lib:/home/ckl/RM/Combat_vision2026/install/armor_solver/lib:/home/ckl/RM/Combat_vision2026/install/armor_detector/lib:/home/ckl/RM/Combat_vision2026/install/rm_utils/lib:/home/ckl/RM/Combat_vision2026/install/rm_interfaces/lib:/home/ckl/RM/Combat_vision2026/install/hik_camera/lib:/opt/MVS/lib/64:/opt/MVS/lib/32:/opt/MVS/lib/64:/opt/MVS/lib/32:/opt/MVS/lib/64:/opt/MVS/lib/32:/opt/ros/humble/opt/rviz_ogre_vendor/lib:/opt/ros/humble/lib/x86_64-linux-gnu:/opt/ros/humble/lib:/opt/MVS/lib/64:/opt/MVS/lib/32:/opt/MVS/lib/64:/opt/MVS/lib/32:/opt/MVS/lib/64:/opt/MVS/lib/32 /usr/bin/cmake --install /home/ckl/RM/Combat_vision2026/build/rm_bringup
[23.573s] Level 1:colcon.colcon_core.environment:checking '/home/ckl/RM/Combat_vision2026/install/rm_bringup' for CMake config files
[23.573s] Level 1:colcon.colcon_core.shell:create_environment_hook('rm_bringup', 'cmake_prefix_path')
[23.574s] INFO:colcon.colcon_core.shell:Creating environment hook '/home/ckl/RM/Combat_vision2026/install/rm_bringup/share/rm_bringup/hook/cmake_prefix_path.ps1'
[23.574s] INFO:colcon.colcon_core.shell:Creating environment descriptor '/home/ckl/RM/Combat_vision2026/install/rm_bringup/share/rm_bringup/hook/cmake_prefix_path.dsv'
[23.574s] INFO:colcon.colcon_core.shell:Creating environment hook '/home/ckl/RM/Combat_vision2026/install/rm_bringup/share/rm_bringup/hook/cmake_prefix_path.sh'
[23.575s] Level 1:colcon.colcon_core.environment:checking '/home/ckl/RM/Combat_vision2026/install/rm_bringup/bin'
[23.575s] Level 1:colcon.colcon_core.environment:checking '/home/ckl/RM/Combat_vision2026/install/rm_bringup/lib/pkgconfig/rm_bringup.pc'
[23.575s] Level 1:colcon.colcon_core.environment:checking '/home/ckl/RM/Combat_vision2026/install/rm_bringup/lib/python3.10/site-packages'
[23.575s] Level 1:colcon.colcon_core.environment:checking '/home/ckl/RM/Combat_vision2026/install/rm_bringup/bin'
[23.575s] INFO:colcon.colcon_core.shell:Creating package script '/home/ckl/RM/Combat_vision2026/install/rm_bringup/share/rm_bringup/package.ps1'
[23.575s] INFO:colcon.colcon_core.shell:Creating package descriptor '/home/ckl/RM/Combat_vision2026/install/rm_bringup/share/rm_bringup/package.dsv'
[23.576s] INFO:colcon.colcon_core.shell:Creating package script '/home/ckl/RM/Combat_vision2026/install/rm_bringup/share/rm_bringup/package.sh'
[23.576s] INFO:colcon.colcon_core.shell:Creating package script '/home/ckl/RM/Combat_vision2026/install/rm_bringup/share/rm_bringup/package.bash'
[23.576s] INFO:colcon.colcon_core.shell:Creating package script '/home/ckl/RM/Combat_vision2026/install/rm_bringup/share/rm_bringup/package.zsh'
[23.577s] Level 1:colcon.colcon_core.environment:create_file_with_runtime_dependencies(/home/ckl/RM/Combat_vision2026/install/rm_bringup/share/colcon-core/packages/rm_bringup)
[23.577s] Level 1:colcon.colcon_core.environment:create_environment_scripts_only(rm_bringup)
[23.577s] Level 1:colcon.colcon_core.environment:checking '/home/ckl/RM/Combat_vision2026/install/rm_bringup' for CMake module files
[23.577s] Level 1:colcon.colcon_core.environment:checking '/home/ckl/RM/Combat_vision2026/install/rm_bringup' for CMake config files
[23.578s] Level 1:colcon.colcon_core.shell:create_environment_hook('rm_bringup', 'cmake_prefix_path')
[23.578s] INFO:colcon.colcon_core.shell:Creating environment hook '/home/ckl/RM/Combat_vision2026/install/rm_bringup/share/rm_bringup/hook/cmake_prefix_path.ps1'
[23.578s] INFO:colcon.colcon_core.shell:Creating environment descriptor '/home/ckl/RM/Combat_vision2026/install/rm_bringup/share/rm_bringup/hook/cmake_prefix_path.dsv'
[23.578s] INFO:colcon.colcon_core.shell:Creating environment hook '/home/ckl/RM/Combat_vision2026/install/rm_bringup/share/rm_bringup/hook/cmake_prefix_path.sh'
[23.579s] Level 1:colcon.colcon_core.environment:checking '/home/ckl/RM/Combat_vision2026/install/rm_bringup/bin'
[23.579s] Level 1:colcon.colcon_core.environment:checking '/home/ckl/RM/Combat_vision2026/install/rm_bringup/lib/pkgconfig/rm_bringup.pc'
[23.579s] Level 1:colcon.colcon_core.environment:checking '/home/ckl/RM/Combat_vision2026/install/rm_bringup/lib/python3.10/site-packages'
[23.579s] Level 1:colcon.colcon_core.environment:checking '/home/ckl/RM/Combat_vision2026/install/rm_bringup/bin'
[23.579s] INFO:colcon.colcon_core.shell:Creating package script '/home/ckl/RM/Combat_vision2026/install/rm_bringup/share/rm_bringup/package.ps1'
[23.579s] INFO:colcon.colcon_core.shell:Creating package descriptor '/home/ckl/RM/Combat_vision2026/install/rm_bringup/share/rm_bringup/package.dsv'
[23.580s] INFO:colcon.colcon_core.shell:Creating package script '/home/ckl/RM/Combat_vision2026/install/rm_bringup/share/rm_bringup/package.sh'
[23.580s] INFO:colcon.colcon_core.shell:Creating package script '/home/ckl/RM/Combat_vision2026/install/rm_bringup/share/rm_bringup/package.bash'
[23.580s] INFO:colcon.colcon_core.shell:Creating package script '/home/ckl/RM/Combat_vision2026/install/rm_bringup/share/rm_bringup/package.zsh'
[23.580s] Level 1:colcon.colcon_core.environment:create_file_with_runtime_dependencies(/home/ckl/RM/Combat_vision2026/install/rm_bringup/share/colcon-core/packages/rm_bringup)
[23.581s] DEBUG:colcon.colcon_parallel_executor.executor.parallel:closing loop
[23.581s] DEBUG:colcon.colcon_parallel_executor.executor.parallel:loop closed
[23.581s] DEBUG:colcon.colcon_parallel_executor.executor.parallel:run_until_complete finished with '0'
[23.581s] DEBUG:colcon.colcon_core.event_reactor:joining thread
[23.586s] INFO:colcon.colcon_core.plugin_system:Skipping extension 'colcon_notification.desktop_notification.terminal_notifier': Not used on non-Darwin systems
[23.586s] INFO:colcon.colcon_core.plugin_system:Skipping extension 'colcon_notification.desktop_notification.win32': Not used on non-Windows systems
[23.586s] INFO:colcon.colcon_notification.desktop_notification:Sending desktop notification using 'notify2'
[23.596s] DEBUG:colcon.colcon_core.event_reactor:joined thread
[23.597s] INFO:colcon.colcon_core.shell:Creating prefix script '/home/ckl/RM/Combat_vision2026/install/local_setup.ps1'
[23.598s] INFO:colcon.colcon_core.shell:Creating prefix util module '/home/ckl/RM/Combat_vision2026/install/_local_setup_util_ps1.py'
[23.600s] INFO:colcon.colcon_core.shell:Creating prefix chain script '/home/ckl/RM/Combat_vision2026/install/setup.ps1'
[23.601s] INFO:colcon.colcon_core.shell:Creating prefix script '/home/ckl/RM/Combat_vision2026/install/local_setup.sh'
[23.602s] INFO:colcon.colcon_core.shell:Creating prefix util module '/home/ckl/RM/Combat_vision2026/install/_local_setup_util_sh.py'
[23.602s] INFO:colcon.colcon_core.shell:Creating prefix chain script '/home/ckl/RM/Combat_vision2026/install/setup.sh'
[23.604s] INFO:colcon.colcon_core.shell:Creating prefix script '/home/ckl/RM/Combat_vision2026/install/local_setup.bash'
[23.604s] INFO:colcon.colcon_core.shell:Creating prefix chain script '/home/ckl/RM/Combat_vision2026/install/setup.bash'
[23.605s] INFO:colcon.colcon_core.shell:Creating prefix script '/home/ckl/RM/Combat_vision2026/install/local_setup.zsh'
[23.606s] INFO:colcon.colcon_core.shell:Creating prefix chain script '/home/ckl/RM/Combat_vision2026/install/setup.zsh'
